record_id,Id,CreatedAt,UpdatedAt,user_id,title,start_time,end_time,category_id,status,type,parent_id,tags,checklist,note
04df9a7b-19cc-4a26-b86b-52b4a4b97ff3,1,2026-03-18 17:52:55+00:00,2026-03-21 01:00:35+00:00,ae3dd65a-557c-4465-b095-260fd1922e26,чищу зубы,2026-03-14 21:57:32.989+00,2026-03-21T01:00:34.915Z,,stopped,record,,,,
0b89c4a7-51d5-455a-894e-b46cc346a52d,2,2026-03-18 17:52:55+00:00,2026-03-21 01:00:35+00:00,ae3dd65a-557c-4465-b095-260fd1922e26,вайбкодинг,2026-03-16 11:32:41.284609+00,2026-03-21T01:00:34.915Z,vibecoding,stopped,record,,,,
0DEdx10ctEPSdg4Nu6RR,3,2026-03-18 17:52:55+00:00,,ae3dd65a-557c-4465-b095-260fd1922e26,ASTRA Planning,2026-03-01 14:30:21.657527+00,2026-03-01 16:01:27.655+00,,completed,record,,,,
0dMrKxugPPD1lJeO9Vlu,4,2026-03-18 17:52:55+00:00,,ae3dd65a-557c-4465-b095-260fd1922e26,ball office products images upload,2026-03-13 17:15:13.039+00,2026-03-13 17:16:27.948+00,,stopped,record,,,,
0p3QYRKbdLCC2aoFqqyu,5,2026-03-18 17:52:55+00:00,,ae3dd65a-557c-4465-b095-260fd1922e26,OURARING ADD,2026-02-25 05:08:00+00,2026-02-25 05:12:00+00,,completed,record,,,,
0siHSUDqQSj6XNM4weLc,6,2026-03-18 17:52:55+00:00,,ae3dd65a-557c-4465-b095-260fd1922e26,приготовление ко сну,2026-03-04 19:00:00+00,2026-03-04 20:59:00+00,,completed,record,,,,
0UNQ4XY93OLHU1RjzwpZ,7,2026-03-18 17:52:55+00:00,,ae3dd65a-557c-4465-b095-260fd1922e26,Astra draw,2026-03-02 16:53:06.010152+00,2026-03-02 19:51:05.155+00,,completed,record,,,,
0uP0uNhiwA0QeUOHr62a,8,2026-03-18 17:52:55+00:00,,ae3dd65a-557c-4465-b095-260fd1922e26,экскурсия красная поляна,2026-03-10 07:20:15.197099+00,2026-03-10 15:27:59.904+00,,completed,record,,,,
10d9587a-19a6-42eb-a5c2-4077c9702f48,9,2026-03-18 17:52:55+00:00,2026-03-21 01:00:36+00:00,ae3dd65a-557c-4465-b095-260fd1922e26,туалет,2026-03-16 21:19:38.676796+00,2026-03-21T01:00:34.915Z,toilet,stopped,record,,,,
11af6a76-1ed7-4eb4-9f94-aed54926a2a3,10,2026-03-18 17:52:55+00:00,2026-03-21 01:00:36+00:00,ae3dd65a-557c-4465-b095-260fd1922e26,сон,2026-03-15 20:16:25.032764+00,2026-03-21T01:00:34.915Z,,stopped,record,,,,
142ce8c0-c28c-4617-81e7-4c6a0e66e897,11,2026-03-18 17:52:55+00:00,2026-03-21 01:00:36+00:00,ae3dd65a-557c-4465-b095-260fd1922e26,Resicum international call,2026-03-16 19:00:00+00,2026-03-21T01:00:34.915Z,client_resicum,stopped,record,,,,
15d15174-7ec8-4c86-a2c6-afd247b7fe5e,12,2026-03-18 17:52:55+00:00,2026-03-21 01:00:37+00:00,ae3dd65a-557c-4465-b095-260fd1922e26,вайбкодинг,2026-03-16 08:40:53.556907+00,2026-03-21T01:00:34.915Z,vibecoding,stopped,record,,,,
16d56113-5b93-434d-90e2-7002647ec683,13,2026-03-18 17:52:55+00:00,2026-03-21 01:00:37+00:00,ae3dd65a-557c-4465-b095-260fd1922e26,Price Reporter planning,2026-03-16 13:31:00.988+00,2026-03-21T01:00:34.915Z,planning,stopped,record,,,,
1773734708049_35ueqd,14,2026-03-18 17:52:55+00:00,2026-03-21 01:00:37+00:00,ae3dd65a-557c-4465-b095-260fd1922e26,Astra call,2026-03-17 07:30:00+00,2026-03-21T01:00:34.915Z,astra,stopped,record,,,,
1773734754998_tn234v,15,2026-03-18 17:52:55+00:00,2026-03-21 01:00:38+00:00,ae3dd65a-557c-4465-b095-260fd1922e26,Etnika schet,2026-03-17 08:05:54.702+00,2026-03-21T01:00:34.915Z,etnika,stopped,record,,,,
1773734800621_571odh,16,2026-03-18 17:52:55+00:00,2026-03-21 01:00:38+00:00,ae3dd65a-557c-4465-b095-260fd1922e26,vibecoding,2026-03-17 08:06:40.309+00,2026-03-21T01:00:34.915Z,vibecoding,stopped,record,,,,
1773738857534_82ghtl,17,2026-03-18 17:52:55+00:00,2026-03-21 01:00:38+00:00,ae3dd65a-557c-4465-b095-260fd1922e26,Atozed Clients,2026-03-17 09:14:16.768+00,2026-03-21T01:00:34.915Z,atozed_clients,stopped,record,,,,
1773745214189_9izevq,18,2026-03-18 17:52:55+00:00,2026-03-21 01:00:38+00:00,ae3dd65a-557c-4465-b095-260fd1922e26,Atozed Website,2026-03-17 11:00:13.518+00,2026-03-21T01:00:34.915Z,atozed_website,stopped,record,,,,
1773762786015_5b6pqb,19,2026-03-18 17:52:55+00:00,2026-03-21 01:00:39+00:00,ae3dd65a-557c-4465-b095-260fd1922e26,LAREDO TS,2026-03-17 14:00:00+00,2026-03-21T01:00:34.915Z,client_laredo,stopped,record,,,,
1773763461618_7gpz04,20,2026-03-18 17:52:55+00:00,2026-03-21 01:00:39+00:00,ae3dd65a-557c-4465-b095-260fd1922e26,Ужин,2026-03-17 16:04:21.233+00,2026-03-21T01:00:34.915Z,food,stopped,record,,,,
1773764538759_pwe4q5,21,2026-03-18 17:52:55+00:00,2026-03-21 01:00:39+00:00,ae3dd65a-557c-4465-b095-260fd1922e26,LAREDO TS Plan,2026-03-17 16:22:18.349+00,2026-03-21T01:00:34.915Z,client_laredo,stopped,record,,,,
1773768161129_j0cskn,22,2026-03-18 17:52:55+00:00,2026-03-21 01:00:40+00:00,ae3dd65a-557c-4465-b095-260fd1922e26,CHAPEL HILL,2026-03-17 17:22:40.585+00,2026-03-21T01:00:34.915Z,client_chapel,stopped,record,,,,
1773768194441_opmktq,23,2026-03-18 17:52:55+00:00,2026-03-21 01:00:40+00:00,ae3dd65a-557c-4465-b095-260fd1922e26,chapel hill,2026-03-17 17:23:14.084+00,2026-03-21T01:00:34.915Z,client_chapel,stopped,record,,,,
1773768859800_gp9m6r,24,2026-03-18 17:52:55+00:00,2026-03-21 01:00:40+00:00,ae3dd65a-557c-4465-b095-260fd1922e26,Saitech EPA,2026-03-17 17:34:19.445+00,2026-03-21T01:00:34.915Z,client_saitech,stopped,record,,,,
1773769008006_6ht6pn,25,2026-03-18 17:52:55+00:00,2026-03-21 01:00:41+00:00,ae3dd65a-557c-4465-b095-260fd1922e26,Resicum International Authorized negotiator,2026-03-17 17:36:47.619+00,2026-03-21T01:00:34.915Z,client_resicum,stopped,record,,,,
1773769360162_jj0c3m,26,2026-03-18 17:52:55+00:00,2026-03-21 01:00:41+00:00,ae3dd65a-557c-4465-b095-260fd1922e26,Chapel Hill Baseline mod,2026-03-17 17:42:39.837+00,2026-03-21T01:00:34.915Z,client_chapel,stopped,record,,,,
1773770942134_otyvx,27,2026-03-18 17:52:55+00:00,2026-03-21 01:00:41+00:00,ae3dd65a-557c-4465-b095-260fd1922e26,water filter exchange,2026-03-17 18:09:01.717+00,2026-03-21T01:00:34.915Z,client_water,stopped,record,,,,
1773771266372_nd5xqj,28,2026-03-18 17:52:55+00:00,2026-03-21 01:00:42+00:00,ae3dd65a-557c-4465-b095-260fd1922e26,Saitech EPA,2026-03-17 18:14:25.515+00,2026-03-21T01:00:34.915Z,client_saitech,stopped,record,,,,
1773771911440_hudz5b,29,2026-03-18 17:52:55+00:00,2026-03-21 01:00:42+00:00,ae3dd65a-557c-4465-b095-260fd1922e26,water filter exchange,2026-03-17 18:25:10.756+00,2026-03-21T01:00:34.915Z,client_water,stopped,record,,,,
1773771924212_npn6uy,30,2026-03-18 17:52:55+00:00,2026-03-21 01:00:42+00:00,ae3dd65a-557c-4465-b095-260fd1922e26,water filter exchange ADD mod,2026-03-17 18:25:23.772+00,2026-03-21T01:00:34.915Z,client_water,stopped,record,,,,
1773772658966_ldbgx9,31,2026-03-18 17:52:55+00:00,2026-03-21 01:00:43+00:00,ae3dd65a-557c-4465-b095-260fd1922e26,CHapel Hill FCP transition,2026-03-17 18:37:38.516+00,2026-03-21T01:00:34.915Z,client_chapel,stopped,record,,,,
1773774612723_lo0v91,32,2026-03-18 17:52:55+00:00,2026-03-21 01:00:43+00:00,ae3dd65a-557c-4465-b095-260fd1922e26,RC QUARTERMASTER,2026-03-17 19:10:12.297+00,2026-03-21T01:00:34.915Z,client_rcq,stopped,record,,,,
1773776648378_45qfap,33,2026-03-18 17:52:55+00:00,2026-03-21 01:00:43+00:00,ae3dd65a-557c-4465-b095-260fd1922e26,AGE SOLUTIONS,2026-03-17 19:44:07.82+00,2026-03-21T01:00:34.915Z,client_age,stopped,record,,,,
1773778761181_7hc70l,34,2026-03-18 17:52:55+00:00,2026-03-21 01:00:43+00:00,ae3dd65a-557c-4465-b095-260fd1922e26,Saitech,2026-03-17 20:19:20.771+00,2026-03-21T01:00:34.915Z,client_saitech,stopped,record,,,,
1773779967395_13v6ws,35,2026-03-18 17:52:55+00:00,2026-03-21 01:00:44+00:00,ae3dd65a-557c-4465-b095-260fd1922e26,Email check,2026-03-17 20:39:26.994+00,2026-03-21T01:00:34.915Z,1773779977008_kcojex,stopped,record,,,,
1773781252461_oru98n,36,2026-03-18 17:52:55+00:00,2026-03-21 01:00:44+00:00,ae3dd65a-557c-4465-b095-260fd1922e26,vibecoding,2026-03-17 22:00:00+00,2026-03-21T01:00:34.915Z,vibecoding,stopped,record,,,,
1773786897015_put2ub,37,2026-03-18 17:52:55+00:00,2026-03-21 01:00:44+00:00,ae3dd65a-557c-4465-b095-260fd1922e26,RESICUM INTERNATIONAL tasks and email,2026-03-17 14:40:00+00,2026-03-21T01:00:34.915Z,client_resicum,stopped,record,,,,
1773786955384_kkvuib,38,2026-03-18 17:52:55+00:00,2026-03-21 01:00:44+00:00,ae3dd65a-557c-4465-b095-260fd1922e26,Вайбкодинг,2026-03-17 22:35:55.086+00,2026-03-21T01:00:34.915Z,vibecoding,stopped,record,,,,
1773793598828_1vj3g4,39,2026-03-18 17:52:55+00:00,2026-03-21 01:00:45+00:00,ae3dd65a-557c-4465-b095-260fd1922e26,Сон,2026-03-18 00:26:38.522+00,2026-03-21T01:00:34.915Z,sleep,stopped,record,,,,
1773818370974_nmo5fz,40,2026-03-18 17:52:55+00:00,2026-03-21 01:09:35+00:00,ae3dd65a-557c-4465-b095-260fd1922e26,ASTRA,2026-03-18 07:19:00.023+00,2026-03-21T01:09:34.215Z,astra,stopped,record,,,,
1773819307439_6y11pb,41,2026-03-18 17:52:55+00:00,2026-03-21 01:09:35+00:00,ae3dd65a-557c-4465-b095-260fd1922e26,vibecoding,2026-03-18 07:35:07.106+00,2026-03-21T01:09:34.215Z,vibecoding,stopped,record,,,,
1773825166425_mube88,42,2026-03-18 17:52:55+00:00,2026-03-21 01:09:35+00:00,ae3dd65a-557c-4465-b095-260fd1922e26,atozed clients,2026-03-18 09:12:45.962+00,2026-03-21T01:09:34.215Z,atozed_clients,stopped,record,,,,
1773825892913_fdpecj,43,2026-03-18 17:52:55+00:00,2026-03-21 01:09:36+00:00,ae3dd65a-557c-4465-b095-260fd1922e26,vibecoding,2026-03-18 09:24:52.311+00,2026-03-21T01:09:34.215Z,vibecoding,stopped,record,,,,
1773829405360_8bbv7k,44,2026-03-18 17:52:55+00:00,2026-03-21 01:09:36+00:00,ae3dd65a-557c-4465-b095-260fd1922e26,Vibecoding,2026-03-18 10:22:40.457+00,2026-03-21T01:09:34.215Z,vibecoding,stopped,record,,,,
1BeqzCggA5rWmlinYaOF,46,2026-03-18 17:52:55+00:00,,ae3dd65a-557c-4465-b095-260fd1922e26,дома ужин,2026-03-06 14:51:00+00,2026-03-06 15:49:00+00,,completed,record,,,,
1jKM1Jn30L71AiDMriow,47,2026-03-18 17:52:55+00:00,,ae3dd65a-557c-4465-b095-260fd1922e26,saitech EPA email,2026-03-12 19:22:40.042+00,2026-03-12 19:27:44.495+00,,stopped,record,,,,
1MeSPEDSNykCRCP5myct,48,2026-03-18 17:52:55+00:00,,ae3dd65a-557c-4465-b095-260fd1922e26,завтрак,2026-03-12 08:37:44.992848+00,2026-03-12 09:01:44.285+00,,completed,record,,,,
1p4liGPzLZaL0rtameXt,49,2026-03-18 17:52:55+00:00,,ae3dd65a-557c-4465-b095-260fd1922e26,зарядка,2026-03-12 08:22:21.665989+00,2026-03-12 08:37:44.992848+00,,completed,record,,,,
1Xqc5bXdEYLpwXaRLcHE,50,2026-03-18 17:52:55+00:00,,ae3dd65a-557c-4465-b095-260fd1922e26,LOGICAL MARKETING FCP TRANSITION,2026-02-25 08:03:00+00,2026-02-25 08:30:00+00,,completed,record,,,,
21f68c30-b257-409e-8d8b-c5f62bf0b0c5,51,2026-03-18 17:52:55+00:00,2026-03-21 01:09:36+00:00,ae3dd65a-557c-4465-b095-260fd1922e26,ужин,2026-03-15 17:57:38.710781+00,2026-03-21T01:09:34.215Z,,stopped,record,,,,
2222e920-c439-4819-a968-c5efc732dcee,52,2026-03-18 17:52:55+00:00,2026-03-21 01:09:36+00:00,ae3dd65a-557c-4465-b095-260fd1922e26,saitech del,2026-03-16 17:13:58.189+00,2026-03-21T01:09:34.215Z,client_saitech,stopped,record,,,,
25a89f02-866b-46df-949e-ca26837fd8a6,53,2026-03-18 17:52:55+00:00,2026-03-21 01:09:37+00:00,ae3dd65a-557c-4465-b095-260fd1922e26,сон,2026-03-14 01:47:31.343041+00,2026-03-21T01:09:34.215Z,,stopped,record,,,,
2kGzK7TA5QbBdHX9ooHa,54,2026-03-18 17:52:55+00:00,,ae3dd65a-557c-4465-b095-260fd1922e26,ball Office Products add,2026-02-27 16:07:00+00,2026-02-27 16:17:00+00,,completed,record,,,,
2OAATP760fOiytCzBXva,55,2026-03-18 17:52:55+00:00,,ae3dd65a-557c-4465-b095-260fd1922e26,saitech del mod,2026-03-12 19:09:57.199+00,2026-03-12 19:13:27.371+00,,stopped,record,,,,
2SHo1NmVloyXBAseF1mI,56,2026-03-18 17:52:55+00:00,,ae3dd65a-557c-4465-b095-260fd1922e26,Atozed customers,2026-03-12 06:32:29.072482+00,2026-03-12 06:51:37.368559+00,,completed,record,,,,
320e9fc1-9410-4518-9f24-880cbad9cb39,57,2026-03-18 17:52:55+00:00,2026-03-21 01:09:37+00:00,ae3dd65a-557c-4465-b095-260fd1922e26,зарядка,2026-03-15 08:14:00+00,2026-03-21T01:09:34.215Z,,stopped,record,,,,
38bikhFqgLmFN3VbPw1J,58,2026-03-18 17:52:55+00:00,,ae3dd65a-557c-4465-b095-260fd1922e26,age Solutions Fcp,2026-02-27 20:24:00+00,2026-02-27 20:49:00+00,,completed,record,,,,
3f4b47e2-f399-4837-8aee-51a876e6b764,59,2026-03-18 17:52:55+00:00,2026-03-21 01:09:37+00:00,ae3dd65a-557c-4465-b095-260fd1922e26,LAREDO TS Call,2026-03-16 19:58:37.23+00,2026-03-21T01:09:34.215Z,client_laredo,stopped,record,,,,
3QOGo3ND8wuhKyKVWVT3,60,2026-03-18 17:52:55+00:00,,ae3dd65a-557c-4465-b095-260fd1922e26,🚕 поездка в аэропорт,2026-02-28 12:55:00+00,2026-02-28 13:44:00+00,,completed,record,,,,
3ufy8AaUtXdWizf2aLyk,61,2026-03-18 17:52:55+00:00,,ae3dd65a-557c-4465-b095-260fd1922e26,etnika design,2026-03-06 15:50:00+00,2026-03-06 20:59:00+00,,completed,record,,,,
3W4vG5UEorIxaJl2hACC,62,2026-03-18 17:52:55+00:00,,ae3dd65a-557c-4465-b095-260fd1922e26,TURNKEY CORPORATE HOUSING FCP,2026-02-25 06:28:00+00,2026-02-25 06:36:00+00,,completed,record,,,,
42RYiAfDc0dhFkdm261p,63,2026-03-18 17:52:55+00:00,,ae3dd65a-557c-4465-b095-260fd1922e26,Завтрак,2026-03-11 06:04:41.028001+00,2026-03-11 06:23:36.473+00,,completed,record,,,,
45c25c84-0b1a-49b8-9af8-00238f991cf3,64,2026-03-18 17:52:55+00:00,2026-03-21 01:09:38+00:00,ae3dd65a-557c-4465-b095-260fd1922e26,culinary depot baseline,2026-03-16 15:58:08.074309+00,2026-03-21T01:09:34.215Z,client_culinary,stopped,record,,,,
468e18c2-a046-45c7-848e-ac2e6c5fcc65,65,2026-03-18 17:52:55+00:00,2026-03-21 01:09:38+00:00,ae3dd65a-557c-4465-b095-260fd1922e26,Завтрак,2026-03-14 09:37:51.289+00,2026-03-21T01:09:34.215Z,,stopped,record,,,,
4c217554-c206-4e02-9ea1-4b820e9b124d,66,2026-03-18 17:52:55+00:00,2026-03-21 01:09:38+00:00,ae3dd65a-557c-4465-b095-260fd1922e26,Saitech EPA,2026-03-16 20:20:06.283+00,2026-03-21T01:09:34.215Z,client_saitech,stopped,record,,,,
4cb2ba20-1139-4110-a7ba-8220fc5f0aee,67,2026-03-18 17:52:55+00:00,2026-03-21 01:09:39+00:00,ae3dd65a-557c-4465-b095-260fd1922e26,carroll woods price comparison task,2026-03-16 16:38:39.328+00,2026-03-21T01:09:34.215Z,client_carroll,stopped,record,,,,
4ccSgJCThtf81bGzScJq,68,2026-03-18 17:52:55+00:00,,ae3dd65a-557c-4465-b095-260fd1922e26,Astra plannin,2026-02-28 11:28:00+00,2026-02-28 12:04:00+00,,completed,record,,,,
4HOlOHcQXR76lXlD9XJz,69,2026-03-18 17:52:55+00:00,,ae3dd65a-557c-4465-b095-260fd1922e26,age solutions,2026-03-13 15:02:35.303+00,2026-03-13 15:03:37.979+00,,completed,record,,,,
4OeYkWdyovX95QGf6JWL,70,2026-03-18 17:52:55+00:00,,ae3dd65a-557c-4465-b095-260fd1922e26,laredi ts call,2026-03-12 19:57:33.378+00,2026-03-12 19:57:26.553+00,,stopped,record,,,,
4oMEcwHSfMtFkqu73zWf,71,2026-03-18 17:52:55+00:00,,ae3dd65a-557c-4465-b095-260fd1922e26,ball office products add,2026-02-25 01:31:00+00,2026-02-25 01:43:00+00,,completed,record,,,,
55156644-706d-4d05-8e3f-d22027190a6a,72,2026-03-18 17:52:55+00:00,2026-03-21 01:09:39+00:00,ae3dd65a-557c-4465-b095-260fd1922e26,туалет,2026-03-16 06:42:47.511421+00,2026-03-21T01:09:34.215Z,toilet,stopped,record,,,,
59c04cde-939b-4b4a-af0d-8b0e09ee5246,73,2026-03-18 17:52:55+00:00,2026-03-21 01:09:39+00:00,ae3dd65a-557c-4465-b095-260fd1922e26,vibecoding,2026-03-14 00:14:49.135+00,2026-03-21T01:09:34.215Z,,stopped,record,,,,
5a95069f-4d54-414a-8797-d6d726fc2f5e,74,2026-03-18 17:52:55+00:00,2026-03-21 01:09:40+00:00,ae3dd65a-557c-4465-b095-260fd1922e26,дома вечер,2026-03-14 17:04:26.931+00,2026-03-21T01:09:34.215Z,,stopped,record,,,,
5aYsWQCypOzRhAxErppD,75,2026-03-18 17:52:55+00:00,,ae3dd65a-557c-4465-b095-260fd1922e26,Фильм с любовью рози,2026-03-13 14:11:48.356293+00,2026-03-13 14:11:50.585+00,,completed,record,vIaMlVxLAhnQBBPqb7Kx,,,
5b04cdd7-f921-44f5-8fe9-8218282f57c1,76,2026-03-18 17:52:55+00:00,2026-03-21 01:09:40+00:00,ae3dd65a-557c-4465-b095-260fd1922e26,покупка часов,2026-03-16 05:53:41.707749+00,2026-03-21T01:09:34.215Z,cd8517fc-6576-43d3-8b53-c22a04bd067f,stopped,record,,,,
5D8YXFnk5c865a4aHOex,77,2026-03-18 17:52:55+00:00,,ae3dd65a-557c-4465-b095-260fd1922e26,Laredo ts plan,2026-03-13 19:45:09.272+00,2026-03-13 20:54:05.899+00,,stopped,record,,,,
5eb7aabd-7f5a-4298-b612-d0504043c82c,78,2026-03-18 17:52:55+00:00,,ae3dd65a-557c-4465-b095-260fd1922e26,Кафе Fabiani с мамой,2026-03-14 13:20:08.107475+00,2026-03-14 15:04:26.662137+00,,running,record,f54691d0-4a52-486a-9e66-3961e24ae918,,,
5haN4hiebBYVLNhyB0fd,79,2026-03-18 17:52:55+00:00,,ae3dd65a-557c-4465-b095-260fd1922e26,easy crypt logo work,2026-03-12 12:57:14.843+00,2026-03-12 13:09:22.445+00,,stopped,record,,,,
5KlJsOKklHvgDHI5N1va,80,2026-03-18 17:52:55+00:00,,ae3dd65a-557c-4465-b095-260fd1922e26,ouraring account check,2026-02-27 16:55:00+00,2026-02-27 17:24:00+00,,completed,record,,,,
5vTm3xHkA3ZVOOo40QFk,81,2026-03-18 17:52:55+00:00,,ae3dd65a-557c-4465-b095-260fd1922e26,дома в сочи,2026-03-01 13:10:00+00,2026-03-01 14:30:00+00,,completed,record,,,,
6069a086-7421-46e0-93c5-48703f14ad90,82,2026-03-18 17:52:55+00:00,2026-03-21 01:09:41+00:00,ae3dd65a-557c-4465-b095-260fd1922e26,вайбкодинг,2026-03-16 06:10:00.99129+00,2026-03-21T01:09:34.215Z,vibecoding,stopped,record,,,,
60b8ed98-664b-45ae-b5ca-732daf8d8005,83,2026-03-18 17:52:55+00:00,2026-03-21 01:09:41+00:00,ae3dd65a-557c-4465-b095-260fd1922e26,туалет,2026-03-16 05:25:29.94939+00,2026-03-21T01:09:34.215Z,toilet,stopped,record,,,,
67de0985-05e4-4315-92fa-bc2586235fcf,84,2026-03-18 17:52:55+00:00,2026-03-21 01:09:41+00:00,ae3dd65a-557c-4465-b095-260fd1922e26,Astra design,2026-03-16 11:35:24.495495+00,2026-03-21T01:09:34.215Z,astra,stopped,record,,,,
6e11e64c-04ad-4912-9380-e15eec2989d2,85,2026-03-18 17:52:55+00:00,2026-03-21 01:09:42+00:00,ae3dd65a-557c-4465-b095-260fd1922e26,Atozed clients,2026-03-14 09:04:29.253084+00,2026-03-21T01:09:34.215Z,,stopped,record,,,,
6FjHPtYc57oUXwi1ye9r,86,2026-03-18 17:52:55+00:00,,ae3dd65a-557c-4465-b095-260fd1922e26,утро,2026-03-08 06:13:00+00,2026-03-08 07:16:00+00,,completed,record,,,,
6Q9hHJweOfCEl6YTVi14,87,2026-03-18 17:52:55+00:00,,ae3dd65a-557c-4465-b095-260fd1922e26,gymnastics,2026-02-25 18:05:00+00,2026-02-25 18:33:00+00,,completed,record,,,,
6rAv7QbaXjKMrbQ8W8EN,88,2026-03-18 17:52:55+00:00,,ae3dd65a-557c-4465-b095-260fd1922e26,Astra design,2026-03-11 15:58:44.196+00,2026-03-11 17:35:02.982+00,,completed,record,,,,
6sqvWdpgyw9Vi55OMyFI,89,2026-03-18 17:52:55+00:00,,ae3dd65a-557c-4465-b095-260fd1922e26,Astra design,2026-03-05 14:12:00+00,2026-03-04 22:00:00+00,,completed,record,,,,
6Te3ky3M1dixsRdNy2SF,90,2026-03-18 17:52:55+00:00,,ae3dd65a-557c-4465-b095-260fd1922e26,обед,2026-03-02 12:29:00+00,2026-03-02 13:30:00+00,,completed,record,,,,
6uTRberYWmMxyPBuDPHR,91,2026-03-18 17:52:55+00:00,,ae3dd65a-557c-4465-b095-260fd1922e26,Carroll woods prices,2026-03-13 15:52:43.1+00,2026-03-13 16:08:19.501+00,,stopped,record,,,,
6V41jPuSHhuouIydYkO4,92,2026-03-18 17:52:55+00:00,,ae3dd65a-557c-4465-b095-260fd1922e26,Price Reporter Email CHeck,2026-03-12 20:48:16.044+00,2026-03-12 20:49:52.014+00,,stopped,record,,,,
71960da7-23a0-4b82-ad8f-e84628335ee4,93,2026-03-18 17:52:55+00:00,2026-03-21 01:09:42+00:00,ae3dd65a-557c-4465-b095-260fd1922e26,обед/ужин,2026-03-14 16:19:49.679598+00,2026-03-21T01:09:34.215Z,,stopped,record,,,,
73426ad1-b3ca-40fc-9685-fdbace0372d0,94,2026-03-18 17:52:55+00:00,2026-03-21 01:09:42+00:00,ae3dd65a-557c-4465-b095-260fd1922e26,price reporter planning,2026-03-16 13:00:00+00,2026-03-21T01:09:34.215Z,planning,stopped,record,,,,
763ff707-223c-4439-84c3-e62770824acd,95,2026-03-18 17:52:55+00:00,2026-03-21 01:09:43+00:00,ae3dd65a-557c-4465-b095-260fd1922e26,вайбкодинг,2026-03-16 21:18:04.48343+00,2026-03-21T01:09:34.215Z,vibecoding,stopped,record,,,,
7SbjyDulepzz24gCPFyi,96,2026-03-18 17:52:55+00:00,,ae3dd65a-557c-4465-b095-260fd1922e26,Astra planning,2026-02-25 19:51:57.838+00,2026-02-25 19:53:10.485+00,,completed,record,,,,
80eRkQAJSeBG9ungIe8l,97,2026-03-18 17:52:55+00:00,,ae3dd65a-557c-4465-b095-260fd1922e26,проект в курсоре,2026-03-09 19:29:10.803+00,2026-03-09 19:29:19.437+00,,completed,record,,,,
877bacef-f0fe-4de1-a647-fed479f1e39f,98,2026-03-18 17:52:55+00:00,2026-03-21 01:09:43+00:00,ae3dd65a-557c-4465-b095-260fd1922e26,завтрак,2026-03-15 08:24:37.761193+00,2026-03-21T01:09:34.215Z,,stopped,record,,,,
8e0769d6-d417-4acd-ae1e-cf6256d80309,99,2026-03-18 17:52:55+00:00,2026-03-21 01:09:43+00:00,ae3dd65a-557c-4465-b095-260fd1922e26,зарядка,2026-03-16 07:07:00+00,2026-03-21T01:09:34.215Z,c6dd71c8-2644-4b0a-899b-70d42001fd61,stopped,record,,,,
8e3cb47c-4cc9-4280-9cce-c50374c7f990,100,2026-03-18 17:52:55+00:00,2026-03-21 01:09:44+00:00,ae3dd65a-557c-4465-b095-260fd1922e26,завтрак,2026-03-16 08:18:30.799497+00,2026-03-21T01:09:34.215Z,food,stopped,record,,,,
8klqDUxbFq9GtG1Ed7lv,101,2026-03-18 17:52:55+00:00,,ae3dd65a-557c-4465-b095-260fd1922e26,подготовка к выходу,2026-03-03 06:37:00+00,2026-03-03 07:35:00+00,,completed,record,,,,
8pTq7X9BZek2QEupZDFY,102,2026-03-18 17:52:55+00:00,,ae3dd65a-557c-4465-b095-260fd1922e26,Ouraring add,2026-02-26 03:16:00+00,2026-02-26 04:05:00+00,,completed,record,,,,
8tOIfxLAAuNdDHKOMkFs,103,2026-03-18 17:52:55+00:00,,ae3dd65a-557c-4465-b095-260fd1922e26,TurnKey corporate housing FCP,2026-02-27 17:49:00+00,2026-02-27 18:48:00+00,,completed,record,,,,
8uMCZZ8AeeJIryVfFbaI,104,2026-03-18 17:52:55+00:00,,ae3dd65a-557c-4465-b095-260fd1922e26,туалет,2026-03-11 18:19:45.120729+00,2026-03-11 18:47:07.508+00,,completed,record,,,,
950ab6e7-0eb8-4778-8742-75c045cac7a7,105,2026-03-18 17:52:55+00:00,2026-03-21 01:09:44+00:00,ae3dd65a-557c-4465-b095-260fd1922e26,умывание,2026-03-14 08:32:41.607501+00,2026-03-21T01:09:34.215Z,,stopped,record,,,,
95PK6EUHongshs3xFgPz,106,2026-03-18 17:52:55+00:00,,ae3dd65a-557c-4465-b095-260fd1922e26,Laredo technical services,2026-03-12 17:59:12.923764+00,2026-03-12 18:01:46.894229+00,,completed,record,,,,
98214cc1-e759-4fdf-9805-a59f8040cd6d,107,2026-03-18 17:52:55+00:00,2026-03-21 01:09:44+00:00,ae3dd65a-557c-4465-b095-260fd1922e26,сон,2026-03-14 22:00:21.612875+00,2026-03-21T01:09:34.215Z,,stopped,record,,,,
99f923fe-e0cb-43cf-8f7b-5e68f7e2d8be,108,2026-03-18 17:52:55+00:00,2026-03-21 01:09:45+00:00,ae3dd65a-557c-4465-b095-260fd1922e26,созвон Astra,2026-03-16 07:30:00+00,2026-03-21T01:09:34.215Z,astra,stopped,record,,,,
9cce69d2-a9ca-48f9-9b56-ac56d894ba5c,109,2026-03-18 17:52:55+00:00,2026-03-21 01:09:45+00:00,ae3dd65a-557c-4465-b095-260fd1922e26,RESICUM Authorized negotiator,2026-03-16 14:58:24.438982+00,2026-03-21T01:09:34.215Z,client_resicum,stopped,record,,,,
9dLOCu0Zvd7LewS8OW2k,110,2026-03-18 17:52:55+00:00,,ae3dd65a-557c-4465-b095-260fd1922e26,LAREDO TS CALLS and mod work,2026-02-25 00:04:00+00,2026-02-25 03:27:28.369+00,,completed,record,,,,
9eo4FInhp5RGtaZKu0Lt,111,2026-03-18 17:52:55+00:00,,ae3dd65a-557c-4465-b095-260fd1922e26,resicum adding emails,2026-03-12 18:01:46.894229+00,2026-03-12 18:05:32.149383+00,,completed,record,,,,
9Kq2JXOr2Gm4AkRJKq7x,112,2026-03-18 17:52:55+00:00,,ae3dd65a-557c-4465-b095-260fd1922e26,Прогулка сочи,2026-03-11 08:42:48.731206+00,2026-03-11 13:25:23.505+00,,completed,record,,,,
a5087733-a78a-4a4c-a077-fce81742d2fe,113,2026-03-18 17:52:55+00:00,2026-03-21 01:09:45+00:00,ae3dd65a-557c-4465-b095-260fd1922e26,Atozed clients,2026-03-14 10:19:48.407654+00,2026-03-21T01:09:34.215Z,,stopped,record,,,,
AA29ULELejoWivmv3mfV,114,2026-03-18 17:52:55+00:00,,ae3dd65a-557c-4465-b095-260fd1922e26,asdasd,2026-02-16 21:37:00+00,2026-02-16 21:37:00+00,,completed,record,,,,
aaqH5LXRsvs5HV5aQRWj,115,2026-03-18 17:52:55+00:00,,ae3dd65a-557c-4465-b095-260fd1922e26,sdsd,2026-02-24 11:02:31.08+00,2026-02-24 23:03:41.968+00,,completed,record,,,,
AbGCPv5qVzThf7qXgop9,116,2026-03-18 17:52:55+00:00,,ae3dd65a-557c-4465-b095-260fd1922e26,age Solutions authorized negotiator mode,2026-02-27 14:58:00+00,2026-02-27 15:53:00+00,,completed,record,,,,
aEu0bZ7IisjSbwMTmLbb,117,2026-03-18 17:52:55+00:00,,ae3dd65a-557c-4465-b095-260fd1922e26,Laredo Technical Services checking the FCP profile,2026-02-27 15:58:34.390114+00,2026-02-27 15:59:51.252+00,,completed,record,,,,
AFYp8d3KTK6G9EH2NdB2,118,2026-03-18 17:52:55+00:00,,ae3dd65a-557c-4465-b095-260fd1922e26,easy crypt logo work,2026-03-12 13:09:22.445+00,2026-03-12 13:40:15.368+00,,stopped,record,,,,
amXpJbmpgpBQ97zBEHOQ,119,2026-03-18 17:52:55+00:00,,ae3dd65a-557c-4465-b095-260fd1922e26,Atozed clients,2026-03-04 06:30:22.143408+00,2026-03-04 09:05:59.269+00,,completed,record,,,,
aqLbkpK5rvj6OftjI2K0,120,2026-03-18 17:52:55+00:00,,ae3dd65a-557c-4465-b095-260fd1922e26,перекус на берегу,2026-03-11 09:51:04.68138+00,2026-03-11 13:29:35.623+00,,completed,record,,,,
av90C0ZfNICKDxaNfgXP,121,2026-03-18 17:52:55+00:00,,ae3dd65a-557c-4465-b095-260fd1922e26,3QC SAM.gov update,2026-02-25 03:42:26.203+00,2026-02-25 03:47:18.602+00,,completed,record,,,,
aw849M85ub7DYwu2KmNI,122,2026-03-18 17:52:55+00:00,,ae3dd65a-557c-4465-b095-260fd1922e26,прогулка,2026-03-03 07:35:00+00,2026-03-03 11:13:00+00,,completed,record,,,,
B08avACLUDKZ58X6tPkH,123,2026-03-18 17:52:55+00:00,,ae3dd65a-557c-4465-b095-260fd1922e26,Price Reporter Time sheets,2026-03-12 20:49:52.014+00,2026-03-12 21:54:22.324+00,,stopped,record,,,,
B3jT7h0WE9KwbO6I8EbX,124,2026-03-18 17:52:55+00:00,,ae3dd65a-557c-4465-b095-260fd1922e26,Price reporter Email check,2026-03-12 20:37:27.744+00,2026-03-12 20:45:40.109+00,,stopped,record,,,,
b4266aeb-0ea6-4026-89b6-17b64a8f289e,125,2026-03-18 17:52:55+00:00,2026-03-21 01:09:46+00:00,ae3dd65a-557c-4465-b095-260fd1922e26,утро,2026-03-15 07:06:09.396+00,2026-03-21T01:09:34.215Z,,stopped,record,,,,
b5cbab25-a5c3-4fe8-9954-d619c4c998d5,126,2026-03-18 17:52:55+00:00,2026-03-21 01:09:46+00:00,ae3dd65a-557c-4465-b095-260fd1922e26,купание,2026-03-15 18:46:25.870698+00,2026-03-21T01:09:34.215Z,,stopped,record,,,,
BAYivlpgi249aHykzVmf,127,2026-03-18 17:52:55+00:00,,ae3dd65a-557c-4465-b095-260fd1922e26,сборы,2026-03-11 07:28:51.376925+00,2026-03-11 08:42:48.731206+00,,completed,record,,,,
bc2caa1b-a3ea-43e8-8fda-a233eb590dd8,128,2026-03-18 17:52:55+00:00,2026-03-21 01:09:47+00:00,ae3dd65a-557c-4465-b095-260fd1922e26,saitech EPA,2026-03-16 20:19:53.35+00,2026-03-21T01:09:34.215Z,client_saitech,stopped,record,,,,
bCSvO5GfdbcbUhbq5UiJ,129,2026-03-18 17:52:55+00:00,,ae3dd65a-557c-4465-b095-260fd1922e26,Фильм Эйнштейн и Эддингтон,2026-03-13 14:11:30.961112+00,2026-03-13 14:11:33.148+00,,completed,record,vIaMlVxLAhnQBBPqb7Kx,,,
bdbdd708-5b33-474d-8146-aed51164603a,130,2026-03-18 17:52:55+00:00,2026-03-21 01:09:47+00:00,ae3dd65a-557c-4465-b095-260fd1922e26,завтрак,2026-03-14 09:27:58.431734+00,2026-03-21T01:09:34.215Z,,stopped,record,,,,
beea265d-8b83-4acd-ace8-4bb8e9e0fc0e,131,2026-03-18 17:52:55+00:00,2026-03-21 01:09:47+00:00,ae3dd65a-557c-4465-b095-260fd1922e26,price reporter planning,2026-03-16 13:00:00+00,2026-03-21T01:09:34.215Z,planning,stopped,record,,,,
bNLdREDtlTlzFvcMrrIL,132,2026-03-18 17:52:55+00:00,,ae3dd65a-557c-4465-b095-260fd1922e26,price reporter timesheets,2026-02-27 21:16:00+00,2026-02-27 21:41:00+00,,completed,record,,,,
BQ5hACTe0bhOWDS7OuZn,133,2026-03-18 17:52:55+00:00,,ae3dd65a-557c-4465-b095-260fd1922e26,3QC email reporting settings,2026-03-13 15:10:38.712+00,2026-03-13 15:51:21.912+00,,completed,record,,,,
BqhowLSoXlM2fqIWYq8E,134,2026-03-18 17:52:55+00:00,,ae3dd65a-557c-4465-b095-260fd1922e26,Morning stuff and breakfast,2026-02-25 17:35:00+00,2026-02-25 18:05:57.973+00,,completed,record,,,,
bqYCrltCa1OgLt2JQowV,135,2026-03-18 17:52:55+00:00,,ae3dd65a-557c-4465-b095-260fd1922e26,уборка,2026-03-11 06:27:33.430744+00,2026-03-11 07:00:19.889+00,,completed,record,,,,
BsAP7jfV8YhNl72Zeqio,136,2026-03-18 17:52:55+00:00,,ae3dd65a-557c-4465-b095-260fd1922e26,price reporter planning,2026-03-12 14:57:58.703023+00,2026-03-12 15:46:08.469439+00,,completed,record,,,,
Bus9fV3ZqEr8cPmxjZWb,137,2026-03-18 17:52:55+00:00,,ae3dd65a-557c-4465-b095-260fd1922e26,сон,2026-03-05 23:15:00+00,2026-03-06 06:29:00+00,,completed,record,,,,
bvyAOE8Xc5c6Nui5BOHZ,138,2026-03-18 17:52:55+00:00,,ae3dd65a-557c-4465-b095-260fd1922e26,зимний театр и прогулка до ривьеры,2026-03-05 10:15:00+00,2026-03-05 13:27:00+00,,completed,record,,,,
BXCrXOX7v8lwFA3y5vLK,139,2026-03-18 17:52:55+00:00,,ae3dd65a-557c-4465-b095-260fd1922e26,сон,2026-03-10 20:52:03.490338+00,2026-03-11 05:27:07.303+00,,completed,record,,,,
BXrruOmIAgoGa0NUcikq,140,2026-03-18 17:52:55+00:00,,ae3dd65a-557c-4465-b095-260fd1922e26,3QC Mod check,2026-03-12 20:45:40.109+00,2026-03-12 20:48:16.044+00,,stopped,record,,,,
c4d3a256-f04b-4747-8206-7bdd2f41933a,141,2026-03-18 17:52:55+00:00,2026-03-21 01:09:48+00:00,ae3dd65a-557c-4465-b095-260fd1922e26,вайбкодинг,2026-03-16 06:47:42.273+00,2026-03-21T01:09:34.215Z,vibecoding,stopped,record,,,,
c81d3VSk6TQYSgTYKsLl,142,2026-03-18 17:52:55+00:00,,ae3dd65a-557c-4465-b095-260fd1922e26,asdf,2026-03-09 20:18:31.451+00,2026-03-09 20:18:38.566+00,,completed,record,,,,
CA5PI2s5a7LdtMorShAg,143,2026-03-18 17:52:55+00:00,,ae3dd65a-557c-4465-b095-260fd1922e26,price reporter call with inna,2026-03-13 14:24:53.827+00,2026-03-13 15:02:35.303+00,,stopped,record,,,,
cec0becc-225c-4950-bae5-4fcc369b20b4,144,2026-03-18 17:52:55+00:00,2026-03-21 01:09:48+00:00,ae3dd65a-557c-4465-b095-260fd1922e26,поездка в севкабль порт,2026-03-15 10:14:18.888884+00,2026-03-21T01:09:34.215Z,,stopped,record,,,,
cikVDj1bcv6GhN2QGigG,145,2026-03-18 17:52:55+00:00,,ae3dd65a-557c-4465-b095-260fd1922e26,едим на Мацесте,2026-03-07 10:15:00+00,2026-03-07 11:54:00+00,,completed,record,,,,
ckwT5nhR7YHWhb6mWtTF,146,2026-03-18 17:52:55+00:00,,ae3dd65a-557c-4465-b095-260fd1922e26,Paradise pillow EDI CO ping,2026-02-27 17:24:00+00,2026-02-27 17:29:00+00,,completed,record,,,,
cNuHtEkyjLyzWCC9pkSo,147,2026-03-18 17:52:55+00:00,,ae3dd65a-557c-4465-b095-260fd1922e26,logical marketing bidding question,2026-03-13 17:31:31.825+00,2026-03-13 18:00:19.005+00,,stopped,record,,,,
Cr2QTCCEAmFPVgWD2Vbt,148,2026-03-18 17:52:55+00:00,,ae3dd65a-557c-4465-b095-260fd1922e26,LAREDO TS MAS FCP TRANSITION,2026-02-25 07:04:18.791+00,2026-02-25 07:26:32.355+00,,completed,record,,,,
CTZrb35Zq62T17pOMy4L,149,2026-03-18 17:52:55+00:00,,ae3dd65a-557c-4465-b095-260fd1922e26,logical marketing bidding question,2026-03-13 18:31:24.744+00,2026-03-13 19:10:25.792+00,,stopped,record,,,,
cWeRQzamT022FAgXJcGp,150,2026-03-18 17:52:55+00:00,,ae3dd65a-557c-4465-b095-260fd1922e26,ваываыв,2026-02-21 00:00:00+00,2026-02-21 01:00:00+00,,completed,record,,,,
cYVuGxXSfUjQILnMnz5X,151,2026-03-18 17:52:55+00:00,,ae3dd65a-557c-4465-b095-260fd1922e26,Сон,2026-03-04 21:00:00+00,2026-03-05 06:00:00+00,,completed,record,,,,
CZJkMBsSy1CEMgvtoFX0,152,2026-03-18 17:52:56+00:00,,ae3dd65a-557c-4465-b095-260fd1922e26,CHAPEL HILL FCP TRANSITION,2026-02-25 07:26:00+00,2026-02-25 07:52:00+00,,completed,record,,,,
d328c831-c58d-453d-8385-5d3322ad0415,153,2026-03-18 17:52:56+00:00,2026-03-21 01:09:48+00:00,ae3dd65a-557c-4465-b095-260fd1922e26,Time sheets,2026-03-16 20:55:31.16+00,2026-03-21T01:09:34.215Z,time_sheets,stopped,record,,,,
d50533f5-f631-4bd9-b7e4-c8813c1be1c8,154,2026-03-18 17:52:56+00:00,2026-03-21 01:09:49+00:00,ae3dd65a-557c-4465-b095-260fd1922e26,вайбкодинг,2026-03-16 11:40:17.216842+00,2026-03-21T01:09:34.215Z,vibecoding,stopped,record,,,,
d778e78a-8fd9-4b4f-bbe0-afc8be9c2f73,155,2026-03-18 17:52:56+00:00,2026-03-21 01:09:49+00:00,ae3dd65a-557c-4465-b095-260fd1922e26,Astra design,2026-03-16 08:47:57.383103+00,2026-03-21T01:09:34.215Z,astra,stopped,record,,,,
dBFGJ1vAJkVPmmVuSOGl,156,2026-03-18 17:52:56+00:00,,ae3dd65a-557c-4465-b095-260fd1922e26,water filter exchange add,2026-02-25 02:28:00+00,2026-02-25 05:12:00+00,,completed,record,,,,
DdtvOgRn7tvD9g7K6BGj,157,2026-03-18 17:52:56+00:00,,ae3dd65a-557c-4465-b095-260fd1922e26,sleeping,2026-02-26 02:03:12.648463+00,2026-02-26 07:21:16.867+00,,completed,record,,,,
de91c6b5-f979-4797-8790-832b1b13d740,158,2026-03-18 17:52:56+00:00,2026-03-21 01:09:49+00:00,ae3dd65a-557c-4465-b095-260fd1922e26,обед,2026-03-16 11:09:38.21255+00,2026-03-21T01:09:34.215Z,food,stopped,record,,,,
Dh8khyxCeNR598pAZtci,159,2026-03-18 17:52:56+00:00,,ae3dd65a-557c-4465-b095-260fd1922e26,age solutions meeting org,2026-03-13 14:23:34.835+00,2026-03-13 14:24:53.827+00,,stopped,record,,,,
dQJq91GLOiPdPzniYFgj,160,2026-03-18 17:52:56+00:00,,ae3dd65a-557c-4465-b095-260fd1922e26,Завтрак Бумбараш,2026-03-08 07:30:00+00,2026-03-08 08:30:00+00,,completed,record,,,,
duTkku2IvQjOzlKqCUsx,161,2026-03-18 17:52:56+00:00,,ae3dd65a-557c-4465-b095-260fd1922e26,Vibecoding,2026-02-26 02:31:00+00,2026-02-26 02:45:00+00,,completed,record,,,,
e130a48c-a252-4e26-9aed-7aa75c524b76,162,2026-03-18 17:52:56+00:00,2026-03-21 01:09:50+00:00,ae3dd65a-557c-4465-b095-260fd1922e26,умывание,2026-03-15 07:53:18.677+00,2026-03-21T01:09:34.215Z,,stopped,record,,,,
e1f2853b-86a8-4336-b802-6b0ee05c4d19,163,2026-03-18 17:52:56+00:00,2026-03-21 01:09:50+00:00,ae3dd65a-557c-4465-b095-260fd1922e26,etnika сайт,2026-03-14 10:49:22.408653+00,2026-03-21T01:09:34.215Z,,stopped,record,,,,
e2vDDcZGmRrDY7ihQyk1,164,2026-03-18 17:52:56+00:00,,ae3dd65a-557c-4465-b095-260fd1922e26,Astra planning,2026-02-25 20:11:11.585+00,2026-02-25 21:09:14.887+00,,completed,record,,,,
E56yldk5wgur8uSUpx8v,165,2026-03-18 17:52:56+00:00,,ae3dd65a-557c-4465-b095-260fd1922e26,Atozed clients,2026-03-10 15:28:00+00,2026-03-10 15:56:00+00,,completed,record,,,,
e9UYhSdH0W8FXBNzYsV2,166,2026-03-18 17:52:56+00:00,,ae3dd65a-557c-4465-b095-260fd1922e26,Дома,2026-03-06 08:55:00+00,2026-03-06 09:22:00+00,,completed,record,,,,
efHU4Q9MnE8TDXU0Nhpw,167,2026-03-18 17:52:56+00:00,,ae3dd65a-557c-4465-b095-260fd1922e26,Приготовление к выходу на прогулку по Мацесте,2026-03-07 08:08:00+00,2026-03-07 10:15:00+00,,completed,record,,,,
eI8AySLj5R482lTCFxDM,168,2026-03-18 17:52:56+00:00,,ae3dd65a-557c-4465-b095-260fd1922e26,кодинг курсор,2026-03-09 19:29:19.079+00,2026-03-09 19:34:21.988+00,,completed,record,,,,
EoVj4SP2sV6hA3NumJ1I,169,2026-03-18 17:52:56+00:00,,ae3dd65a-557c-4465-b095-260fd1922e26,поход в художественный музей сочи,2026-03-06 10:35:00+00,2026-03-06 14:51:00+00,,completed,record,,,,
eWQa4RmCBLJocWUV12RA,170,2026-03-18 17:52:56+00:00,,ae3dd65a-557c-4465-b095-260fd1922e26,путь в горы,2026-03-10 05:44:00+00,2026-03-10 07:20:00+00,,completed,record,,,,
f2e22aa6-e63a-4aa3-ab3a-71f2b913e7fd,171,2026-03-18 17:52:56+00:00,2026-03-21 01:09:50+00:00,ae3dd65a-557c-4465-b095-260fd1922e26,Vibecoding,2026-03-14 00:10:39.387+00,2026-03-21T01:09:34.215Z,,stopped,record,,,,
f46a226a-c39b-4a29-9545-6129a4a5feb3,172,2026-03-18 17:52:56+00:00,2026-03-21 01:09:51+00:00,ae3dd65a-557c-4465-b095-260fd1922e26,Chapel Hill email clarification,2026-03-16 18:54:23.845+00,2026-03-21T01:09:34.215Z,client_chapel,stopped,record,,,,
f54691d0-4a52-486a-9e66-3961e24ae918,173,2026-03-18 17:52:56+00:00,2026-03-21 01:09:51+00:00,ae3dd65a-557c-4465-b095-260fd1922e26,прогулка,2026-03-14 11:37:30.165698+00,2026-03-21T01:09:34.215Z,,stopped,record,,,,
f7StzbOtqfBXAMYhzW4o,174,2026-03-18 17:52:56+00:00,,ae3dd65a-557c-4465-b095-260fd1922e26,laredi ts call,2026-03-12 19:57:26.553+00,2026-03-12 20:31:05.413+00,,stopped,record,,,,
FbGOSffKajW0GvG7zOOU,175,2026-03-18 17:52:56+00:00,,ae3dd65a-557c-4465-b095-260fd1922e26,price reporter planning,2026-03-13 14:13:17.942+00,2026-03-13 14:23:34.835+00,,stopped,record,,,,
fCBcXaeSTobcsZgmzuvr,176,2026-03-18 17:52:56+00:00,,ae3dd65a-557c-4465-b095-260fd1922e26,culinary depot,2026-03-13 19:10:25.792+00,2026-03-13 19:45:09.272+00,,stopped,record,,,,
FDj4kzottVG1hg1WEGli,177,2026-03-18 17:52:56+00:00,,ae3dd65a-557c-4465-b095-260fd1922e26,RC quartermaster check,2026-02-27 18:48:00+00,2026-02-27 18:52:00+00,,completed,record,,,,
fee99b21-9594-47c3-9008-c545a8f7152f,178,2026-03-18 17:52:56+00:00,2026-03-21 01:09:52+00:00,ae3dd65a-557c-4465-b095-260fd1922e26,вечер дома,2026-03-15 18:17:03.305278+00,2026-03-21T01:09:34.215Z,,stopped,record,,,,
fiEIZ2LDRE7xZHiYXhM0,179,2026-03-18 17:52:56+00:00,,ae3dd65a-557c-4465-b095-260fd1922e26,atozed clients,2026-03-07 07:45:00+00,2026-03-07 08:08:00+00,,completed,record,,,,
FllTExbB5qIjmtmO1iHp,180,2026-03-18 17:52:56+00:00,,ae3dd65a-557c-4465-b095-260fd1922e26,TURNKEY CORPORATE HOUSING FCP,2026-02-25 07:52:00+00,2026-02-25 08:03:00+00,,completed,record,,,,
fPV50Eod1wjUojIPRWKQ,181,2026-03-18 17:52:56+00:00,,ae3dd65a-557c-4465-b095-260fd1922e26,turnkey corporate housing fcp transition,2026-03-13 17:16:27.948+00,2026-03-13 17:30:42.166+00,,stopped,record,,,,
fxpw05cN21SPNssUZREv,182,2026-03-18 17:52:56+00:00,,ae3dd65a-557c-4465-b095-260fd1922e26,Atozed website,2026-03-04 15:21:00+00,2026-03-04 18:45:00+00,,completed,record,,,,
fYLmhMOldcLVhPZprCZN,183,2026-03-18 17:52:56+00:00,,ae3dd65a-557c-4465-b095-260fd1922e26,time sheets,2026-03-13 21:18:30.749+00,2026-03-13 22:14:33.873+00,,completed,record,,,,
g86F4ARdcdEqTxTlalUA,184,2026-03-18 17:52:56+00:00,,ae3dd65a-557c-4465-b095-260fd1922e26,поездка в южные культуры,2026-03-01 07:21:00+00,2026-03-01 13:10:00+00,,completed,record,,,,
gado8OJ1fpNsaBrAwvWK,185,2026-03-18 17:52:56+00:00,,ae3dd65a-557c-4465-b095-260fd1922e26,утренние процедуры,2026-03-01 05:39:00+00,2026-03-01 07:20:00+00,,completed,record,,,,
gagHjqpfreygtWUjEfzv,186,2026-03-18 17:52:56+00:00,,ae3dd65a-557c-4465-b095-260fd1922e26,Price Reporter Time sheets,2026-02-27 21:42:00+00,2026-02-27 22:17:00+00,,completed,record,,,,
gBKIPGAarv33lHcaRYGn,187,2026-03-18 17:52:56+00:00,,ae3dd65a-557c-4465-b095-260fd1922e26,дома,2026-03-12 11:59:25.718288+00,2026-03-12 11:59:46.399158+00,,completed,record,,,,
GDuwRN5GuOZJUvHQoYQL,188,2026-03-18 17:52:56+00:00,,ae3dd65a-557c-4465-b095-260fd1922e26,завтрак,2026-03-07 06:52:00+00,2026-03-07 07:45:00+00,,completed,record,,,,
gFnXSHE3aVvkN8ExRWS5,189,2026-03-18 17:52:56+00:00,,ae3dd65a-557c-4465-b095-260fd1922e26,OURARING meeting org,2026-03-12 18:43:36.79+00,2026-03-12 18:49:26.085+00,,stopped,record,,,,
gG3kx1pEA8XMFrcsOmOE,190,2026-03-18 17:52:56+00:00,,ae3dd65a-557c-4465-b095-260fd1922e26,price reporter administrative Developers,2026-02-27 17:33:00+00,2026-02-27 17:38:00+00,,completed,record,,,,
gjga92su4zpsRvCtI8R4,191,2026-03-18 17:52:56+00:00,,ae3dd65a-557c-4465-b095-260fd1922e26,Завтрак,2026-03-11 05:57:21.887655+00,2026-03-11 06:04:41.028001+00,,completed,record,,,,
gOjQQuh9kfpAZZjd3aRK,192,2026-03-18 17:52:56+00:00,,ae3dd65a-557c-4465-b095-260fd1922e26,3QC DEL2,2026-02-24 03:31:05.201+00,2026-02-24 03:31:13.282+00,,completed,record,,,,
GPB0poHsMljES2lotPXb,193,2026-03-18 17:52:56+00:00,,ae3dd65a-557c-4465-b095-260fd1922e26,Astra call,2026-03-06 07:30:00+00,2026-03-06 08:20:00+00,,completed,record,,,,
GQWtOaLNgxQgQ7m9ObHH,194,2026-03-18 17:52:56+00:00,,ae3dd65a-557c-4465-b095-260fd1922e26,Atozed clients,2026-03-05 14:05:26.893187+00,2026-03-05 14:12:43.566+00,,completed,record,,,,
GrraDFxTuNb4Rsn95VHm,195,2026-03-18 17:52:56+00:00,,ae3dd65a-557c-4465-b095-260fd1922e26,Astra design,2026-03-03 14:38:21.713878+00,2026-03-03 20:03:35.51+00,,completed,record,,,,
gsVKS4Lv5jKcjhPpwf2v,196,2026-03-18 17:52:56+00:00,,ae3dd65a-557c-4465-b095-260fd1922e26,этника сайт SEO,2026-03-06 09:23:49.985658+00,2026-03-06 10:35:12.53+00,,completed,record,,,,
gzLyBcthL5Eu5XLAA1v2,197,2026-03-18 17:52:56+00:00,,ae3dd65a-557c-4465-b095-260fd1922e26,сон,2026-03-12 22:28:54.721+00,2026-03-13 05:09:57.202+00,,stopped,record,,,,
h4uVCx7OFVkwxfa42M9D,198,2026-03-18 17:52:56+00:00,,ae3dd65a-557c-4465-b095-260fd1922e26,Astra planning,2026-02-25 20:06:54.576+00,2026-02-25 20:07:10.201+00,,completed,record,,,,
H51WI3JvytxGRDycFPhZ,199,2026-03-18 17:52:56+00:00,,ae3dd65a-557c-4465-b095-260fd1922e26,Price reporter planning,2026-02-26 02:06:00+00,2026-02-26 03:00:00+00,,completed,record,,,,
hbdG29eyFL4bpDnfAamH,200,2026-03-18 17:52:56+00:00,,ae3dd65a-557c-4465-b095-260fd1922e26,saitech del,2026-03-12 20:31:05.413+00,2026-03-12 20:37:27.744+00,,stopped,record,,,,
HCXlpO6URbyw6pQ2D2Qg,201,2026-03-18 17:52:56+00:00,,ae3dd65a-557c-4465-b095-260fd1922e26,morning and breakfast,2026-02-28 08:03:00+00,2026-02-28 11:28:00+00,,completed,record,,,,
HGx2uYy17EGkYN5QnJUi,202,2026-03-18 17:52:56+00:00,,ae3dd65a-557c-4465-b095-260fd1922e26,поездка домой,2026-03-10 12:06:43.855477+00,2026-03-10 15:28:57.758+00,,completed,record,,,,
hioSYuHwjccD57JImFgt,203,2026-03-18 17:52:56+00:00,,ae3dd65a-557c-4465-b095-260fd1922e26,price reporter planning,2026-02-27 14:02:00+00,2026-02-27 14:48:00+00,,completed,record,,,,
hJFPvGvmQwtSfCxzbZRT,204,2026-03-18 17:52:56+00:00,,ae3dd65a-557c-4465-b095-260fd1922e26,поход в дендрарий,2026-03-02 07:09:00+00,2026-03-02 12:29:00+00,,completed,record,,,,
HjzcM2j7nmYKIBln87O2,205,2026-03-18 17:52:56+00:00,,ae3dd65a-557c-4465-b095-260fd1922e26,утро,2026-03-12 07:48:45.317135+00,2026-03-12 08:22:21.665989+00,,completed,record,,,,
HkLOuwgdNVFcrrlHZxpV,206,2026-03-18 17:52:56+00:00,,ae3dd65a-557c-4465-b095-260fd1922e26,New record,2026-02-24 10:33:20.509+00,2026-02-24 10:33:27+00,,completed,record,,,,
HoeP3O9HLYTRVQIFKyRL,207,2026-03-18 17:52:56+00:00,,ae3dd65a-557c-4465-b095-260fd1922e26,ужин,2026-03-01 16:01:26.409616+00,2026-03-02 06:50:01.158+00,,completed,record,,,,
hq2UvKxJBjF0LdqrnXhe,208,2026-03-18 17:52:56+00:00,,ae3dd65a-557c-4465-b095-260fd1922e26,концерт органный зал,2026-03-08 13:35:00+00,2026-03-08 15:53:00+00,,completed,record,,,,
HTjQ9lBWo76EwimbiqGi,209,2026-03-18 17:52:56+00:00,,ae3dd65a-557c-4465-b095-260fd1922e26,подъем и завтрак,2026-03-03 05:23:00+00,2026-03-03 06:37:00+00,,completed,record,,,,
ig6vUWUBKZU5HHaxoaRD,210,2026-03-18 17:52:56+00:00,,ae3dd65a-557c-4465-b095-260fd1922e26,Atozed clients Delta Fiber,2026-02-27 11:01:00+00,2026-02-27 11:26:00+00,,completed,record,,,,
ihi1YBEAru70xgDj6BCM,211,2026-03-18 17:52:56+00:00,,ae3dd65a-557c-4465-b095-260fd1922e26,ем в аэропорте,2026-02-28 14:28:00+00,2026-02-28 14:44:00+00,,completed,record,,,,
IWSxul6vu8CFdzv3QocL,212,2026-03-18 17:52:56+00:00,,ae3dd65a-557c-4465-b095-260fd1922e26,Ouraring sales reporting planning,2026-03-12 18:49:26.085+00,2026-03-12 18:56:58.696189+00,,completed,record,,,,
J0LVR6p9asxoqE333Hn6,213,2026-03-18 17:52:56+00:00,,ae3dd65a-557c-4465-b095-260fd1922e26,Atozed clients,2026-03-05 13:27:20.373434+00,2026-03-05 14:02:57.841+00,,completed,record,,,,
j51WlUZzrn5dvyCgQFZo,214,2026-03-18 17:52:56+00:00,,ae3dd65a-557c-4465-b095-260fd1922e26,поездка домой в саб,2026-03-13 13:25:43.204246+00,2026-03-13 14:08:02.384756+00,,stopped,record,,,,
j53IvzD52syFvwNJ4SIw,215,2026-03-18 17:52:56+00:00,,ae3dd65a-557c-4465-b095-260fd1922e26,resicum email and meeting org,2026-03-12 14:36:45.91104+00,2026-03-12 14:57:58.703023+00,,completed,record,,,,
J8QpwprL7jPHUsir6EVN,216,2026-03-18 17:52:56+00:00,,ae3dd65a-557c-4465-b095-260fd1922e26,food,2026-02-27 17:38:00+00,2026-02-27 17:49:00+00,,completed,record,,,,
J9P6s9hJHA0mZrAgojtE,217,2026-03-18 17:52:56+00:00,,ae3dd65a-557c-4465-b095-260fd1922e26,vebecoding,2026-03-12 09:15:53.514+00,2026-03-12 11:59:25.718288+00,,completed,record,,,,
JKJU1lgWk8C5HQnVyXSX,218,2026-03-18 17:52:56+00:00,,ae3dd65a-557c-4465-b095-260fd1922e26,Ужин,2026-03-12 19:27:44.495+00,2026-03-12 19:57:33.378+00,,stopped,record,,,,
JNSo121xFApxBSPYhc47,219,2026-03-18 17:52:56+00:00,,ae3dd65a-557c-4465-b095-260fd1922e26,в аэропорте проходим досмотры,2026-02-28 13:44:00+00,2026-02-28 14:28:00+00,,completed,record,,,,
JP9dTWHlawqIVKZLnRdy,220,2026-03-18 17:52:56+00:00,,ae3dd65a-557c-4465-b095-260fd1922e26,SAITECH EPA,2026-02-25 05:21:12.729+00,2026-02-25 06:03:26.7+00,,completed,record,,,,
jpkP9fOH2hwidIBF3Aqq,221,2026-03-18 17:52:56+00:00,,ae3dd65a-557c-4465-b095-260fd1922e26,price reporter planning,2026-03-12 14:12:32.417433+00,2026-03-12 14:36:45.91104+00,,completed,record,,,,
JRe7KZnGFkKpvZLTVry0,222,2026-03-18 17:52:56+00:00,,ae3dd65a-557c-4465-b095-260fd1922e26,SAITECH EPA,2026-02-25 05:12:28.054+00,2026-02-25 05:15:27.972+00,,completed,record,,,,
JXhSFa30nfHZt8UFxyRG,223,2026-03-18 17:52:56+00:00,,ae3dd65a-557c-4465-b095-260fd1922e26,CHAPEL HILL FCP TRANSITION,2026-02-25 06:36:00+00,2026-02-25 06:40:00+00,,completed,record,,,,
K7PISggJKpjWBsN05zWX,224,2026-03-18 17:52:56+00:00,,ae3dd65a-557c-4465-b095-260fd1922e26,OURARING call,2026-03-13 16:57:40.645+00,2026-03-13 17:11:06.642+00,,stopped,record,,,,
KFDdpTUeWlqvxkSX51QT,225,2026-03-18 17:52:56+00:00,,ae3dd65a-557c-4465-b095-260fd1922e26,vibecoding 2,2026-03-12 09:05:07.764+00,2026-03-12 09:15:53.514+00,,completed,record,,,,
KH5PzU9XlsTYaAWSLIfC,226,2026-03-18 17:52:56+00:00,,ae3dd65a-557c-4465-b095-260fd1922e26,cursor,2026-03-09 20:10:37.945+00,2026-03-09 20:18:31.98+00,,completed,record,,,,
khgUU9Pd3KRIJvLQZ3fl,227,2026-03-18 17:52:56+00:00,,ae3dd65a-557c-4465-b095-260fd1922e26,Saitech DEL,2026-02-24 20:36:30.289+00,2026-02-24 20:54:30.808+00,,completed,record,,,,
kpcgvwR1if4kXMtF2GXr,228,2026-03-18 17:52:56+00:00,,ae3dd65a-557c-4465-b095-260fd1922e26,Astra planning,2026-03-01 04:44:00+00,2026-03-01 05:39:00+00,,completed,record,,,,
KQ2izlJTocsZxdHc6TOC,229,2026-03-18 17:52:56+00:00,,ae3dd65a-557c-4465-b095-260fd1922e26,culinary depot email i,2026-03-12 15:46:08.469439+00,2026-03-12 16:06:08.639493+00,,completed,record,,,,
KR0dH0KQcbdIQicbNobA,230,2026-03-18 17:52:56+00:00,,ae3dd65a-557c-4465-b095-260fd1922e26,Paradise pillow EDI check,2026-02-27 17:32:00+00,2026-02-27 17:33:00+00,,completed,record,,,,
KRGcjRMMmKFsH15NdN2f,231,2026-03-18 17:52:56+00:00,,ae3dd65a-557c-4465-b095-260fd1922e26,easy crypt logo work,2026-03-12 12:23:04.68+00,2026-03-12 12:57:14.843+00,,stopped,record,,,,
KZfyTNVldF3UQHZ73EKs,232,2026-03-18 17:52:56+00:00,,ae3dd65a-557c-4465-b095-260fd1922e26,price reporter planning,2026-03-13 14:08:02.384+00,2026-03-13 14:10:10.6+00,,stopped,record,,,,
L7hAF9qbLD1QzqaLe5Lm,233,2026-03-18 17:52:56+00:00,,ae3dd65a-557c-4465-b095-260fd1922e26,курсор,2026-03-09 20:10:31.541+00,2026-03-09 20:10:38.472+00,,completed,record,,,,
LbaHz5kDG6bkwriSoWbJ,234,2026-03-18 17:52:56+00:00,,ae3dd65a-557c-4465-b095-260fd1922e26,туалет,2026-03-12 11:59:46.399158+00,2026-03-12 12:12:30.319358+00,,completed,record,,,,
LE5VGlIFzybbCqWC3AT3,235,2026-03-18 17:52:56+00:00,,ae3dd65a-557c-4465-b095-260fd1922e26,saitech,2026-03-13 20:54:05.899+00,2026-03-13 21:09:33.411+00,,completed,record,,,,
lIRiHBZH0FfsuZGmHVaF,236,2026-03-18 17:52:56+00:00,,ae3dd65a-557c-4465-b095-260fd1922e26,OURARING ADD,2026-02-25 06:03:00+00,2026-02-25 06:28:00+00,,completed,record,,,,
lk2lueTyiGFAcVZu5Rp7,237,2026-03-18 17:52:56+00:00,,ae3dd65a-557c-4465-b095-260fd1922e26,дома,2026-03-07 17:22:14.024871+00,2026-03-07 19:46:29.765+00,,completed,record,,,,
M1vcHkNgq1rwKlQwPcN0,238,2026-03-18 17:52:56+00:00,,ae3dd65a-557c-4465-b095-260fd1922e26,ASTRA Planning the work,2026-02-24 22:41:19.006+00,2026-02-25 00:04:17.53+00,,completed,record,,,,
M7yjhjoiN5MCXwly99CI,239,2026-03-18 17:52:56+00:00,,ae3dd65a-557c-4465-b095-260fd1922e26,курсор,2026-03-09 20:18:43.154+00,2026-03-09 20:24:46.475+00,,completed,record,,,,
mBAgKZ6NfAW9fKdUePpq,240,2026-03-18 17:52:56+00:00,,ae3dd65a-557c-4465-b095-260fd1922e26,SCW major mod,2026-02-26 03:00:00+00,2026-02-26 03:16:00+00,,completed,record,,,,
MJPfslahNLzIsBtrSVPi,241,2026-03-18 17:52:56+00:00,2026-03-21 01:09:52+00:00,ae3dd65a-557c-4465-b095-260fd1922e26,vibecoding,2026-03-13 22:27:23.067+00,2026-03-21T01:09:34.215Z,,stopped,record,,,,
mK7Zw4Tnz5HWME8qcvwe,242,2026-03-18 17:52:56+00:00,,ae3dd65a-557c-4465-b095-260fd1922e26,сон,2026-03-03 20:20:00+00,2026-03-03 06:04:00+00,,completed,record,,,,
ml7LY3qgEIuS4PoYQeU1,243,2026-03-18 17:52:56+00:00,,ae3dd65a-557c-4465-b095-260fd1922e26,Astra,2026-03-02 13:30:00+00,2026-03-02 16:52:00+00,,completed,record,,,,
ml7w4wgZkf27DqpqGFBn,244,2026-03-18 17:52:56+00:00,,ae3dd65a-557c-4465-b095-260fd1922e26,прогулка в сочи,2026-03-08 10:16:00+00,2026-03-08 12:18:00+00,,completed,record,,,,
mOMXuLjl6o6gZfpZw83P,245,2026-03-18 17:52:56+00:00,,ae3dd65a-557c-4465-b095-260fd1922e26,press reporter planning,2026-02-27 20:49:00+00,2026-02-27 20:58:00+00,,completed,record,,,,
MQ1ecJ6EDuDUrhFisPWY,246,2026-03-18 17:52:56+00:00,,ae3dd65a-557c-4465-b095-260fd1922e26,ужин,2026-03-11 17:34:58.195204+00,2026-03-11 18:19:43.635+00,,completed,record,,,,
MrSvB776a0GBGiV2mDZ7,247,2026-03-18 17:52:56+00:00,,ae3dd65a-557c-4465-b095-260fd1922e26,Astra design,2026-03-05 14:02:57.245184+00,2026-03-05 14:05:27.774+00,,completed,record,,,,
mXI8zXvQYk0K0FhlryT9,248,2026-03-18 17:52:56+00:00,,ae3dd65a-557c-4465-b095-260fd1922e26,Laredo Technical Services meeting org,2026-02-27 15:53:00+00,2026-02-27 15:58:34.973+00,,completed,record,,,,
mYk9CFvDPxU4YLMqAQHf,249,2026-03-18 17:52:56+00:00,,ae3dd65a-557c-4465-b095-260fd1922e26,breakfast,2026-03-06 08:25:00+00,2026-03-06 08:55:00+00,,completed,record,,,,
N48wXHrnJxO9UKiHigUu,250,2026-03-18 17:52:56+00:00,,ae3dd65a-557c-4465-b095-260fd1922e26,Atozed clients,2026-03-11 15:34:45.567239+00,2026-03-11 15:58:44.196+00,,completed,record,,,,
nbLyqIoBg7l81I4GHG9Q,251,2026-03-18 17:52:56+00:00,,ae3dd65a-557c-4465-b095-260fd1922e26,this is my task,2026-02-24 11:11:41.326+00,2026-02-24 11:11:46.683+00,,completed,record,,,,
npmXI3YudMjpR6uacsXC,252,2026-03-18 17:52:56+00:00,,ae3dd65a-557c-4465-b095-260fd1922e26,easycrypt logo work,2026-03-12 12:12:30.319+00,2026-03-12 12:57:19.291+00,,completed,record,,,,
nQ4ADaIIOl3tPjw5AYKU,253,2026-03-18 17:52:56+00:00,,ae3dd65a-557c-4465-b095-260fd1922e26,sdsdasda,,2026-03-14 00:10:39.387+00,,scheduled,planned,,,,
Nz28gqqgBaUCxNaIEyVm,254,2026-03-18 17:52:56+00:00,,ae3dd65a-557c-4465-b095-260fd1922e26,Astra planning,2026-03-11 18:47:12.502062+00,2026-03-11 21:49:26.781+00,,completed,record,,,,
o0galhIIluDBE6jzeAAS,255,2026-03-18 17:52:56+00:00,,ae3dd65a-557c-4465-b095-260fd1922e26,Забираем товары с маркетплейсов,2026-02-27 13:08:00+00,2026-02-27 14:02:00+00,,completed,record,,,,
O2vz4urS5snVchfRhZK7,256,2026-03-18 17:52:56+00:00,,ae3dd65a-557c-4465-b095-260fd1922e26,дома обед,2026-03-03 11:13:00+00,2026-03-03 14:38:00+00,,completed,record,,,,
o48JUcc4GVxuP7pMMuAO,257,2026-03-18 17:52:56+00:00,,ae3dd65a-557c-4465-b095-260fd1922e26,вечер дома,2026-03-08 15:53:32.238403+00,2026-03-09 18:20:27.215+00,,completed,record,,,,
o6TNluxgTQPAJdqhw8Y9,258,2026-03-18 17:52:56+00:00,,ae3dd65a-557c-4465-b095-260fd1922e26,price reporter planning,2026-03-12 16:06:08.639493+00,2026-03-12 17:11:55.78+00,,completed,record,,,,
o8TY7YAGi5ZQSBr0d2GE,259,2026-03-18 17:52:56+00:00,,ae3dd65a-557c-4465-b095-260fd1922e26,курсор,2026-03-09 19:58:42.806+00,2026-03-09 20:10:32.057+00,,completed,record,,,,
OEz7boRnjLy8dEUfrlVv,260,2026-03-18 17:52:56+00:00,,ae3dd65a-557c-4465-b095-260fd1922e26,проект в курсоре,2026-03-09 18:53:25.166+00,2026-03-09 19:19:32.077+00,,completed,record,,,,
ohdvouCVJoQeolO2p7no,261,2026-03-18 17:52:56+00:00,,ae3dd65a-557c-4465-b095-260fd1922e26,в самолёте,2026-02-28 14:44:00+00,2026-02-28 14:44:00+00,,completed,record,,,,
oM3KGFDflT9c9D3mV4EN,262,2026-03-18 17:52:56+00:00,,ae3dd65a-557c-4465-b095-260fd1922e26,утро,2026-03-13 05:09:57.202331+00,2026-03-13 06:59:15.945902+00,,stopped,record,,,,
oM6cTILyewBgqKm5EZdX,263,2026-03-18 17:52:56+00:00,,ae3dd65a-557c-4465-b095-260fd1922e26,подготовка ко сну,2026-03-03 20:03:00+00,2026-03-03 20:20:00+00,,completed,record,,,,
Osek1iqoITzOwOQdBCOQ,264,2026-03-18 17:52:56+00:00,,ae3dd65a-557c-4465-b095-260fd1922e26,ASTRA Call,2026-02-25 17:30:59.136+00,2026-02-25 17:35:54.287+00,,completed,record,,,,
oSpNiNtCdYNHNA2Wpoid,265,2026-03-18 17:52:56+00:00,,ae3dd65a-557c-4465-b095-260fd1922e26,cursor,2026-03-09 20:25:12.479+00,2026-03-09 20:25:16.658+00,,completed,record,,,,
P547N5ZXHxH8zk5x61vQ,266,2026-03-18 17:52:56+00:00,,ae3dd65a-557c-4465-b095-260fd1922e26,ASTRA Planning,2026-02-27 12:12:00+00,2026-02-27 13:08:00+00,,completed,record,,,,
p8JxcwG4mUhyf0ec6gFQ,267,2026-03-18 17:52:56+00:00,,ae3dd65a-557c-4465-b095-260fd1922e26,ужин,2026-03-13 16:08:19.501+00,2026-03-13 16:57:40.645+00,,stopped,record,,,,
PaXlNCR5MQK9gGIhyKAv,268,2026-03-18 17:52:56+00:00,,ae3dd65a-557c-4465-b095-260fd1922e26,в аэропорте,2026-03-13 08:22:05.110607+00,2026-03-13 09:06:53.465617+00,,stopped,record,,,,
PcB4nlgZSBQfqllKGyRJ,269,2026-03-18 17:52:56+00:00,,ae3dd65a-557c-4465-b095-260fd1922e26,Вайбкодинг,2026-03-09 18:22:00+00,2026-03-09 18:44:00+00,,completed,record,,,,
pdopmPkPL0jH1tAoRJaT,270,2026-03-18 17:52:56+00:00,,ae3dd65a-557c-4465-b095-260fd1922e26,logical marketing FCP baseline,2026-02-27 19:22:00+00,2026-02-27 19:24:00+00,,completed,record,,,,
plTTZ66JIY9MwBsnnNjR,271,2026-03-18 17:52:56+00:00,,ae3dd65a-557c-4465-b095-260fd1922e26,Carroll Woods FCP check,2026-02-27 16:17:00+00,2026-02-27 16:55:00+00,,completed,record,,,,
PnVrgqWFAgc6cNFwbc9B,272,2026-03-18 17:52:56+00:00,,ae3dd65a-557c-4465-b095-260fd1922e26,rc quartermaster add,2026-02-25 01:43:00+00,2026-02-25 02:28:00+00,,completed,record,,,,
pWhk6xEgZVzW0JoHEixU,273,2026-03-18 17:52:56+00:00,,ae3dd65a-557c-4465-b095-260fd1922e26,ouraring address change,2026-02-25 00:52:00+00,2026-02-25 01:14:00+00,,completed,record,,,,
pWlMw0ktRx78Am3wuJbv,274,2026-03-18 17:52:56+00:00,,ae3dd65a-557c-4465-b095-260fd1922e26,morning,2026-02-26 04:21:00+00,2026-02-26 04:33:00+00,,completed,record,,,,
Q5rQjXIPnQ5ihE5cDbvT,275,2026-03-18 17:52:56+00:00,,ae3dd65a-557c-4465-b095-260fd1922e26,Atozed clients,2026-03-12 05:46:27.925218+00,2026-03-12 05:55:56.465381+00,,completed,record,,,,
q7MJ4erPxNaXXiZOpdTD,276,2026-03-18 17:52:56+00:00,,ae3dd65a-557c-4465-b095-260fd1922e26,Atozed clients PowerCom d.o.o.license,2026-02-27 10:32:00+00,2026-02-27 11:00:00+00,,completed,record,,,,
qpyj6Ulij5MWslfCOeq3,277,2026-03-18 17:52:56+00:00,,ae3dd65a-557c-4465-b095-260fd1922e26,прогулка мацеста,2026-03-07 11:54:00+00,2026-03-07 17:22:00+00,,completed,record,,,,
qRxDZdf4Oq0S4RKigt4p,278,2026-03-18 17:52:56+00:00,,ae3dd65a-557c-4465-b095-260fd1922e26,дома,2026-03-08 12:18:56.707898+00,2026-03-08 15:53:27.682+00,,completed,record,,,,
qtFQU5uh8gorMV6dnaoy,279,2026-03-18 17:52:56+00:00,,ae3dd65a-557c-4465-b095-260fd1922e26,asdf,2026-03-09 20:24:45.91+00,2026-03-09 20:25:13.056+00,,completed,record,,,,
QWT0iujyaZzq68cQAMFU,280,2026-03-18 17:52:56+00:00,,ae3dd65a-557c-4465-b095-260fd1922e26,SAITECH EPA,2026-02-25 04:46:30.651+00,2026-02-25 05:08:16.185+00,,completed,record,,,,
r2Y5mR27fN42Oc8ihMu9,281,2026-03-18 17:52:56+00:00,,ae3dd65a-557c-4465-b095-260fd1922e26,logical marketing FCP,2026-02-27 19:52:00+00,2026-02-27 20:24:00+00,,completed,record,,,,
r8aJUYtVXOzoLXEQH3jz,282,2026-03-18 17:52:56+00:00,,ae3dd65a-557c-4465-b095-260fd1922e26,Atozed clients,2026-02-25 20:07:09.652+00,2026-02-25 20:11:12.135+00,,completed,record,,,,
ra2WxSdSqb8Qi5YxlSJl,283,2026-03-18 17:52:56+00:00,,ae3dd65a-557c-4465-b095-260fd1922e26,food,2026-02-24 18:09:00+00,2026-02-24 18:36:00+00,,completed,record,,,,
RBaGaEIR5iQ3MbirjM2d,284,2026-03-18 17:52:56+00:00,,ae3dd65a-557c-4465-b095-260fd1922e26,ouraring instructions on eoffer,2026-02-27 15:59:00+00,2026-02-27 16:07:00+00,,completed,record,,,,
RG6R5pHSlqenwNe5Ff4r,285,2026-03-18 17:52:56+00:00,,ae3dd65a-557c-4465-b095-260fd1922e26,подготовка ко сну,2026-03-11 21:49:53.57166+00,2026-03-12 05:42:48.890641+00,,completed,record,,,,
rgAHzPmuaNTy0CApEiZB,286,2026-03-18 17:52:56+00:00,,ae3dd65a-557c-4465-b095-260fd1922e26,дома в сочи,2026-02-28 20:11:00+00,2026-02-28 04:44:00+00,,completed,record,,,,
rGTIR5w8CRmhieN1BdYJ,287,2026-03-18 17:52:56+00:00,,ae3dd65a-557c-4465-b095-260fd1922e26,Ванная,2026-03-12 17:42:00+00,2026-03-12 17:54:00+00,,completed,record,,,,
RoERo4dGDcvgri27eFnL,288,2026-03-18 17:52:56+00:00,,ae3dd65a-557c-4465-b095-260fd1922e26,sleep,2026-02-25 09:05:02.543+00,2026-02-25 17:30:42.672+00,,completed,record,,,,
RTDQi8m9wlZdTpst0JDc,289,2026-03-18 17:52:56+00:00,,ae3dd65a-557c-4465-b095-260fd1922e26,утро,2026-03-10 04:08:00+00,2026-03-10 05:32:00+00,,completed,record,,,,
RtIyEiHjYjhzPZp2E6lz,290,2026-03-18 17:52:56+00:00,,ae3dd65a-557c-4465-b095-260fd1922e26,OURARING account check,2026-02-27 17:29:00+00,2026-02-27 17:32:00+00,,completed,record,,,,
rZwbNdFymCMA2U3ZO8yG,291,2026-03-18 17:52:56+00:00,,ae3dd65a-557c-4465-b095-260fd1922e26,дома,2026-03-11 13:29:34.997075+00,2026-03-11 15:35:06.627+00,,completed,record,,,,
S8bt4lrWWfVPyK48f45h,292,2026-03-18 17:52:56+00:00,,ae3dd65a-557c-4465-b095-260fd1922e26,сон,2026-03-09 20:27:00+00,2026-03-10 04:06:00+00,,completed,record,,,,
sAkEdVuheVo7TUYsSWaD,293,2026-03-18 17:52:56+00:00,,ae3dd65a-557c-4465-b095-260fd1922e26,cursor,2026-03-09 20:18:38.052+00,2026-03-09 20:18:43.68+00,,completed,record,,,,
ScTjonTzJvDrFFfU0eWd,294,2026-03-18 17:52:56+00:00,,ae3dd65a-557c-4465-b095-260fd1922e26,Price reporter Sales reporting,2026-02-25 03:27:28.794+00,2026-02-25 03:33:17.127+00,,completed,record,,,,
SEvho6xzkPzmHOXORSl0,295,2026-03-18 17:52:56+00:00,,ae3dd65a-557c-4465-b095-260fd1922e26,курсор кодинг,2026-03-10 16:03:56.225+00,2026-03-10 17:36:09.917+00,,completed,record,,,,
ShpBSyyeV0grhi6udmGx,296,2026-03-18 17:52:56+00:00,,ae3dd65a-557c-4465-b095-260fd1922e26,туалет,2026-03-11 06:23:00+00,2026-03-11 06:27:00+00,,completed,record,,,,
SInRAuRWrGpazvUN3Kkh,297,2026-03-18 17:52:56+00:00,,ae3dd65a-557c-4465-b095-260fd1922e26,evening,2026-03-02 19:51:03.881632+00,2026-03-02 20:36:37.023+00,,completed,record,,,,
SV5EBtSbZrCyhXWPY6Ry,298,2026-03-18 17:52:56+00:00,,ae3dd65a-557c-4465-b095-260fd1922e26,3QC Admin Change,2026-02-25 00:29:00+00,2026-02-25 00:52:00+00,,completed,record,,,,
SZQgQmpxNkWxEUhHp8TI,299,2026-03-18 17:52:56+00:00,,ae3dd65a-557c-4465-b095-260fd1922e26,Laredo ts add sin,2026-03-12 18:05:32.149383+00,2026-03-12 18:44:00.13+00,,completed,record,,,,
T4ANouCfoKT1U4lxc3Ot,300,2026-03-18 17:52:56+00:00,,ae3dd65a-557c-4465-b095-260fd1922e26,price reporter age Solutions onboarding,2026-02-27 14:48:00+00,2026-02-27 14:58:00+00,,completed,record,,,,
T4VMUFGQrFycHHLbUEgf,301,2026-03-18 17:52:56+00:00,,ae3dd65a-557c-4465-b095-260fd1922e26,Laredo ts call,2026-03-12 18:56:58.696189+00,2026-03-12 19:05:05.838+00,,completed,record,,,,
T5R7y922YunrixtVteis,302,2026-03-18 17:52:56+00:00,,ae3dd65a-557c-4465-b095-260fd1922e26,душ,2026-03-11 07:00:57.456009+00,2026-03-11 07:24:56.874+00,,completed,record,,,,
thaGVssN0VRiboq5b06K,303,2026-03-18 17:52:56+00:00,,ae3dd65a-557c-4465-b095-260fd1922e26,CARROLL WOODS Bandages,2026-02-25 03:33:00+00,2026-02-25 03:42:00+00,,completed,record,,,,
tjslidRkrUWdCNTfxKMb,304,2026-03-18 17:52:56+00:00,,ae3dd65a-557c-4465-b095-260fd1922e26,sleep,2026-02-27 23:48:00+00,2026-02-28 08:03:00+00,,completed,record,,,,
tLPrqg2hxurks3AFvtjX,305,2026-03-18 17:52:56+00:00,,ae3dd65a-557c-4465-b095-260fd1922e26,TurnKey corporate housingbfcp trans,2026-02-27 19:24:00+00,2026-02-27 19:52:00+00,,completed,record,,,,
TT2TcBCZBd2zH3TPlimb,306,2026-03-18 17:52:56+00:00,,ae3dd65a-557c-4465-b095-260fd1922e26,Vebecoding,2026-03-12 21:54:22.324+00,2026-03-12 22:07:00+00,,stopped,record,,,,
tWUFS3XOIeXK9ZGJ3up2,307,2026-03-18 17:52:56+00:00,,ae3dd65a-557c-4465-b095-260fd1922e26,ASTRA Planning,2026-02-27 12:04:00+00,2026-02-27 12:05:00+00,,completed,record,,,,
TZthjNcpufwMMSdvMjYF,308,2026-03-18 17:52:56+00:00,,ae3dd65a-557c-4465-b095-260fd1922e26,Saitech DEL2,2026-02-24 03:30:48.296+00,2026-02-24 03:31:01.498+00,,completed,record,,,,
tzviNGQZokv9hVY2fLUZ,309,2026-03-18 17:52:56+00:00,,ae3dd65a-557c-4465-b095-260fd1922e26,LAREDO TS CALLS and mod work,2026-02-25 04:24:36.989+00,2026-02-25 04:46:30.143+00,,completed,record,,,,
u33meetqT9rz8sJFPRv3,310,2026-03-18 17:52:56+00:00,,ae3dd65a-557c-4465-b095-260fd1922e26,price reporter webinar,2026-02-26 04:05:00+00,2026-02-26 05:02:00+00,,completed,record,,,,
UbGmPxwsxNeP00uQNKfK,311,2026-03-18 17:52:56+00:00,,ae3dd65a-557c-4465-b095-260fd1922e26,CULINARY DEPOT FCP Transition,2026-02-25 06:40:00+00,2026-02-25 07:04:00+00,,completed,record,,,,
ucKSNmTWC5WlwWxZ0uVh,312,2026-03-18 17:52:56+00:00,,ae3dd65a-557c-4465-b095-260fd1922e26,Vibecoding,2026-03-12 09:01:44.285+00,2026-03-12 09:05:07.764+00,,completed,record,,,,
ukKdaEuIi35dsKzTjxR8,313,2026-03-18 17:52:56+00:00,,ae3dd65a-557c-4465-b095-260fd1922e26,saitech del,2026-03-12 19:03:00.064+00,2026-03-12 19:09:57.199+00,,stopped,record,,,,
uqiro7q0Q5kFzIX00seB,314,2026-03-18 17:52:56+00:00,,ae3dd65a-557c-4465-b095-260fd1922e26,туалет,2026-03-13 14:10:10.6+00,2026-03-13 14:13:17.942+00,,stopped,record,,,,
usS0kqNVyZ19ry8Z7afO,315,2026-03-18 17:52:56+00:00,,ae3dd65a-557c-4465-b095-260fd1922e26,курсор,2026-03-09 19:54:14.659+00,2026-03-09 19:58:43.33+00,,completed,record,,,,
Uuy1PRC2OgRVIBEvKLkv,316,2026-03-18 17:52:56+00:00,,ae3dd65a-557c-4465-b095-260fd1922e26,saitech desc change,2026-02-25 01:14:00+00,2026-02-25 01:31:00+00,,completed,record,,,,
V3FsAjaWdYEwHmSimSmo,317,2026-03-18 17:52:56+00:00,,ae3dd65a-557c-4465-b095-260fd1922e26,подготовка ко сну,2026-03-12 22:08:17.15+00,2026-03-12 22:28:54.721483+00,,stopped,record,,,,
v4YQ5GNgrXaQicCytiyT,318,2026-03-18 17:52:56+00:00,,ae3dd65a-557c-4465-b095-260fd1922e26,обед и сборы,2026-02-28 12:04:00+00,2026-02-28 12:55:00+00,,completed,record,,,,
v8omT4YhGqGa6poKbSYL,319,2026-03-18 17:52:56+00:00,,ae3dd65a-557c-4465-b095-260fd1922e26,утро и завтрак,2026-03-04 05:04:00+00,2026-03-04 06:14:00+00,,completed,record,,,,
vAs0RcJMjxLWkNvwXuUz,320,2026-03-18 17:52:56+00:00,,ae3dd65a-557c-4465-b095-260fd1922e26,age solutions authorized negotiator,2026-03-12 17:10:37.827+00,2026-03-12 17:42:00+00,,completed,record,,,,
veJaVZgjTDHyxMf3Uias,321,2026-03-18 17:52:56+00:00,,ae3dd65a-557c-4465-b095-260fd1922e26,Atozed clients,2026-03-02 06:50:22.953648+00,2026-03-02 07:04:56.25+00,,completed,record,,,,
vf4QBP6IXBbZmQmiGXZT,322,2026-03-18 17:52:56+00:00,,ae3dd65a-557c-4465-b095-260fd1922e26,подготовка ко сну,2026-02-27 22:53:00+00,2026-02-27 23:48:00+00,,completed,record,,,,
vHcuKzvOu3kSJEIEaSdI,323,2026-03-18 17:52:56+00:00,,ae3dd65a-557c-4465-b095-260fd1922e26,3QC EPA type,2026-02-25 17:02:12.439407+00,2026-02-25 17:29:58.624+00,,completed,record,,,,
vIaMlVxLAhnQBBPqb7Kx,324,2026-03-18 17:52:56+00:00,,ae3dd65a-557c-4465-b095-260fd1922e26,в самолёте,2026-03-13 09:07:03.799978+00,2026-03-13 13:25:43.204246+00,,stopped,record,,,,
VLQjaUumHYbb21cSydRe,325,2026-03-18 17:52:56+00:00,,ae3dd65a-557c-4465-b095-260fd1922e26,PRICE REPORTER TIME SHEETS,2026-02-25 08:30:00+00,2026-02-25 09:04:12.531+00,,completed,record,,,,
vmJYqAu4HdZF7yYNis2L,326,2026-03-18 17:52:56+00:00,,ae3dd65a-557c-4465-b095-260fd1922e26,утро,2026-03-11 05:27:02.768968+00,2026-03-11 05:57:21.887655+00,,completed,record,,,,
VqyuucPq3n5AEKyc397q,327,2026-03-18 17:52:56+00:00,,ae3dd65a-557c-4465-b095-260fd1922e26,Astra design,2026-03-12 06:51:37.368559+00,2026-03-12 07:48:33.1+00,,completed,record,,,,
Vx6ROjcCxru5dK6aHhS3,328,2026-03-18 17:52:56+00:00,,ae3dd65a-557c-4465-b095-260fd1922e26,vibecoding,2026-03-12 05:55:56.465381+00,2026-03-12 06:22:43.706524+00,,completed,record,,,,
W0YT5mZEMq9E2StukXci,329,2026-03-18 17:52:56+00:00,,ae3dd65a-557c-4465-b095-260fd1922e26,SMBLC sellers profile,2026-02-27 20:59:00+00,2026-02-26 21:16:00+00,,completed,record,,,,
w4fcufUyiJgS049xXN9N,330,2026-03-18 17:52:56+00:00,,ae3dd65a-557c-4465-b095-260fd1922e26,Вайбкодинг,2026-03-09 18:44:00+00,2026-03-09 18:53:00+00,,completed,record,,,,
wCvY0vG9GGTebSm2NMba,331,2026-03-18 17:52:56+00:00,,ae3dd65a-557c-4465-b095-260fd1922e26,it's a new desk,2026-02-24 11:29:40.127+00,2026-02-24 11:29:40.127+00,,completed,record,,,,
wDQQ3Q5LXSnqNJyOekPJ,332,2026-03-18 17:52:56+00:00,,ae3dd65a-557c-4465-b095-260fd1922e26,ASTRA отправить договор с печатью анне,2026-03-12 06:22:43.706524+00,2026-03-12 06:32:29.072482+00,,completed,record,,,,
wfLQve2DRVqm8Ed6xEb4,333,2026-03-18 17:52:56+00:00,,ae3dd65a-557c-4465-b095-260fd1922e26,Atozed clients,2026-02-25 18:53:49.159+00,2026-02-25 19:51:58.385+00,,completed,record,,,,
wIQt2CvolNPfmkfULfTA,334,2026-03-18 17:52:56+00:00,,ae3dd65a-557c-4465-b095-260fd1922e26,saitech del,2026-03-12 19:13:27.371+00,2026-03-12 19:22:40.042+00,,stopped,record,,,,
wKqaMqEqFXxx9prwabhA,335,2026-03-18 17:52:56+00:00,,ae3dd65a-557c-4465-b095-260fd1922e26,culinary Depot mod info update epa,2026-02-27 18:52:00+00,2026-02-27 19:22:00+00,,completed,record,,,,
WlCKrPbqdPwAH2GGIYLU,336,2026-03-18 17:52:56+00:00,,ae3dd65a-557c-4465-b095-260fd1922e26,Сон,2026-03-12 05:42:48.890641+00,2026-03-12 05:42:57.971752+00,,completed,record,,,,
wLxpyJWq9xUg4XZGlpnz,337,2026-03-18 17:52:56+00:00,,ae3dd65a-557c-4465-b095-260fd1922e26,age solutions authorized negotiator call,2026-03-13 18:00:19.005+00,2026-03-13 18:31:24.744+00,,stopped,record,,,,
WNTe98Amh1DqrpV6i4BD,338,2026-03-18 17:52:56+00:00,,ae3dd65a-557c-4465-b095-260fd1922e26,rc quartermaster,2026-02-25 22:11:13.738935+00,2026-02-25 22:42:29.143+00,,completed,record,,,,
wrKHfZfT186s3yE25RpE,339,2026-03-18 17:52:56+00:00,,ae3dd65a-557c-4465-b095-260fd1922e26,обед,2026-03-04 09:05:00+00,2026-03-04 09:38:00+00,,completed,record,,,,
wRS9aAG2nqg7yHSHQxT7,340,2026-03-18 17:52:56+00:00,,ae3dd65a-557c-4465-b095-260fd1922e26,turkey corporate housing fcp transition,2026-03-13 17:11:06.642+00,2026-03-13 17:15:13.039+00,,stopped,record,,,,
wSEHKnhMP3tcAagBuuLY,341,2026-03-18 17:52:56+00:00,,ae3dd65a-557c-4465-b095-260fd1922e26,Food,2026-02-25 03:47:19.057+00,2026-02-25 04:05:48.581+00,,completed,record,,,,
wuBmnB0TAFZB34xG322h,342,2026-03-18 17:52:56+00:00,,ae3dd65a-557c-4465-b095-260fd1922e26,🚕 поездка домой в сочи,2026-02-28 19:27:00+00,2026-02-28 20:11:00+00,,completed,record,,,,
WwSQdIidAabGBmLpgleH,343,2026-03-18 17:52:56+00:00,,ae3dd65a-557c-4465-b095-260fd1922e26,Проверка 123,2026-03-07 19:49:24.76+00,2026-03-07 19:49:33.175+00,,completed,record,,,,
xFozKrOum2koobfuZi80,344,2026-03-18 17:52:56+00:00,,ae3dd65a-557c-4465-b095-260fd1922e26,Этника таблицы серты,2026-02-27 11:26:00+00,2026-02-27 12:04:00+00,,completed,record,,,,
Xsz4MzAwKBoGQ2hWh0SL,345,2026-03-18 17:52:56+00:00,,ae3dd65a-557c-4465-b095-260fd1922e26,Прогулка,2026-03-12 09:28:28.736+00,2026-03-12 11:59:25.718288+00,,completed,record,,,,
XuvSQ6lQM0Q8QLo54M2g,346,2026-03-18 17:52:56+00:00,,ae3dd65a-557c-4465-b095-260fd1922e26,бассейн жемчужина,2026-03-04 10:20:00+00,2026-03-04 15:20:00+00,,completed,record,,,,
yDwxftBg1T6HEHalu0Ye,347,2026-03-18 17:52:56+00:00,,ae3dd65a-557c-4465-b095-260fd1922e26,сон,2026-03-02 20:36:35.973786+00,2026-03-03 06:36:30.298+00,,completed,record,,,,
yEbBqgmpvyiAHuZzi1WC,348,2026-03-18 17:52:56+00:00,,ae3dd65a-557c-4465-b095-260fd1922e26,atozed clients,2026-03-10 15:56:18.873+00,2026-03-10 15:56:25.386+00,,completed,record,,,,
yioVYgklJhkCrO5gGbeY,349,2026-03-18 17:52:56+00:00,,ae3dd65a-557c-4465-b095-260fd1922e26,ужин,2026-03-10 17:37:04.575+00,2026-03-10 18:45:29.646+00,,completed,record,,,,
yU0emNuRZGUOaWgeuEHR,350,2026-03-18 17:52:56+00:00,,ae3dd65a-557c-4465-b095-260fd1922e26,easy crypt logo work,2026-03-12 13:40:15.368+00,2026-03-12 14:12:32.417+00,,completed,record,,,,
yWLnPMSJdkGaXgE32V5c,351,2026-03-18 17:52:56+00:00,,ae3dd65a-557c-4465-b095-260fd1922e26,OURARING ADD,2026-02-25 05:15:00+00,2026-02-25 05:21:00+00,,completed,record,,,,
YZsam0eYF9mWEG1HeCoK,352,2026-03-18 17:52:56+00:00,,ae3dd65a-557c-4465-b095-260fd1922e26,3QC,2026-02-24 03:31:13.508+00,2026-02-24 10:36:17.265+00,,completed,record,,,,
z24PePetqlqhnHINVVVs,353,2026-03-18 17:52:56+00:00,,ae3dd65a-557c-4465-b095-260fd1922e26,vibecoding,2026-03-13 21:11:01.888387+00,2026-03-13 21:18:30.749+00,,stopped,record,,,,
Z2z3eEVfgBSJbzrpKbGd,354,2026-03-18 17:52:56+00:00,,ae3dd65a-557c-4465-b095-260fd1922e26,Astra planning,2026-02-24 19:10:00+00,2026-02-24 21:06:00+00,,completed,record,,,,
z7ideHZI1CnsY0dvEosg,355,2026-03-18 17:52:56+00:00,,ae3dd65a-557c-4465-b095-260fd1922e26,стрижка ногтей,2026-03-11 07:24:56.25334+00,2026-03-11 07:28:52.053+00,,completed,record,,,,
ZCUa72cEyDhlAGiOHp9C,356,2026-03-18 17:52:56+00:00,,ae3dd65a-557c-4465-b095-260fd1922e26,вайбкодинг,2026-03-10 18:45:28.926+00,2026-03-10 20:49:26.939+00,,completed,record,,,,
zKBth6aZ1KBxBEkk45pB,357,2026-03-18 17:52:56+00:00,,ae3dd65a-557c-4465-b095-260fd1922e26,Atozed clients,2026-02-25 19:53:09.936+00,2026-02-25 20:06:55.134+00,,completed,record,,,,
ZOO2Naqylhy1oRuDeY9j,358,2026-03-18 17:52:56+00:00,,ae3dd65a-557c-4465-b095-260fd1922e26,CARROLL WOODS Bandages,2026-02-25 04:05:00+00,2026-02-25 04:24:00+00,,completed,record,,,,
zU33omWzwYunttZC1QI5,359,2026-03-18 17:52:56+00:00,,ae3dd65a-557c-4465-b095-260fd1922e26,поездка в аэропорт сочи,2026-03-13 06:59:15.945+00,2026-03-13 08:22:05.11+00,,stopped,record,,,,
zuwe2CUQcweSYJhboePQ,360,2026-03-18 17:52:56+00:00,,ae3dd65a-557c-4465-b095-260fd1922e26,утро,2026-03-12 05:42:57.971752+00,2026-03-12 05:46:27.925218+00,,completed,record,,,,
e6bda400-af63-4eb6-b65d-467bf898b7f0,368,2026-03-21 01:13:45+00:00,2026-03-21 01:14:04+00:00,ae3dd65a-557c-4465-b095-260fd1922e26,New record start,2026-03-21T01:13:43.260Z,2026-03-21T01:14:04.020Z,35,stopped,record,,,,
80857bbf-c83a-4052-9ad2-dafe3075fc43,369,2026-03-21 01:14:06+00:00,2026-03-21 01:18:32+00:00,ae3dd65a-557c-4465-b095-260fd1922e26,New test record check,2026-03-21T01:14:03.962Z,2026-03-21T01:18:31.389Z,35,stopped,record,,,,
992c42f1-6853-46d4-869a-117aef05d3eb,370,2026-03-21 01:18:33+00:00,2026-03-21 01:18:45+00:00,ae3dd65a-557c-4465-b095-260fd1922e26,New record to check,2026-03-21T01:18:31.274Z,2026-03-21T01:18:45.047Z,35,stopped,record,,,,
a81aa614-4f72-4b5c-a5ee-2e200c3d9cdf,371,2026-03-21 01:18:47+00:00,2026-03-21 01:31:31+00:00,ae3dd65a-557c-4465-b095-260fd1922e26,AAAAAAAAA RECORD,2026-03-21T01:18:44.945Z,2026-03-21T01:31:30.547Z,35,stopped,record,,,,
96fd170e-26b7-42bc-84e8-7f0afda0f863,372,2026-03-21 01:31:33+00:00,2026-03-21 01:46:02+00:00,ae3dd65a-557c-4465-b095-260fd1922e26,Проверка,2026-03-21T01:31:30.439Z,2026-03-21T01:32:07.669Z,8,stopped,record,,,,
15e85cbe-d7b0-420b-befe-854e557cc5ef,373,2026-03-21 01:32:09+00:00,2026-03-21 11:36:39+00:00,ae3dd65a-557c-4465-b095-260fd1922e26,Проверка 2,2026-03-21T01:32:07.587Z,2026-03-21T11:36:39.924Z,35,stopped,record,,,,
d729ae96-d11a-472b-bc5b-aec2260cdbd7,374,2026-03-21 11:36:50+00:00,2026-03-21 12:39:45+00:00,ae3dd65a-557c-4465-b095-260fd1922e26,Запись,2026-03-21T11:36:49.582Z,2026-03-21T12:39:44.951Z,35,stopped,record,,,,
d051adc9-ece0-4a86-9aac-b1cd2eece6c9,375,2026-03-21 12:39:46+00:00,2026-03-21 12:40:00+00:00,ae3dd65a-557c-4465-b095-260fd1922e26,New record,2026-03-21T12:39:44.943Z,2026-03-21T12:39:59.840Z,35,stopped,record,,,,
dc535a61-fa27-4125-9e23-70c864bcd941,376,2026-03-23 13:09:50+00:00,2026-03-23 13:25:51+00:00,ae3dd65a-557c-4465-b095-260fd1922e26,price reporter planning,2026-03-23T13:09:49.439517Z,2026-03-23T13:25:51.215165Z,38,stopped,record,,,,
4d0592b7-e2a6-4345-a2a4-bff8653df86e,377,2026-03-23 13:26:11+00:00,2026-03-23 14:05:43+00:00,ae3dd65a-557c-4465-b095-260fd1922e26,price reporter planning,2026-03-23T13:26:06.975890Z,2026-03-23T14:05:42.771142Z,38,stopped,record,,,,
dca8dd15-d11e-468d-a9e6-f2a712a1234f,378,2026-03-23 14:05:43+00:00,2026-03-23 15:11:53+00:00,ae3dd65a-557c-4465-b095-260fd1922e26,Carroll Woods ADD mod,2026-03-23T14:05:42.770892Z,2026-03-23T14:18:33.813811Z,12,stopped,record,,,,
b6c0cfab-c23a-4ee7-8c64-2cb8604ffebf,379,2026-03-23 14:18:34+00:00,2026-03-23 14:56:15+00:00,ae3dd65a-557c-4465-b095-260fd1922e26,RESICUM international sales reporting,2026-03-23T14:18:33.813011Z,2026-03-23T14:56:15.059957Z,23,stopped,record,,,,
1caaf6c3-3b43-4516-8780-166b411e64e8,380,2026-03-23 14:56:16+00:00,2026-03-23 14:58:13+00:00,ae3dd65a-557c-4465-b095-260fd1922e26,3QC sales reporting,2026-03-23T14:56:15.059258Z,2026-03-23T14:58:03.511226Z,9,stopped,record,,,,
17f4253e-e5c0-4560-b31b-aacee94040d2,381,2026-03-23 14:58:14+00:00,2026-03-23 15:00:12+00:00,ae3dd65a-557c-4465-b095-260fd1922e26,ball Office Products sales reporting,2026-03-23T14:58:03.510927Z,2026-03-23T15:00:04.234191Z,11,stopped,record,,,,
de0c43a1-5b3e-463c-8d59-0646c41b69f8,382,2026-03-23 15:00:47+00:00,2026-03-23 15:02:20+00:00,ae3dd65a-557c-4465-b095-260fd1922e26,Carroll Woods sales reporting,2026-03-23T15:00:41.645496Z,2026-03-23T15:02:20.082890Z,12,stopped,record,,,,
05f802b5-f13b-4188-8549-69b9f98e7049,383,2026-03-23 15:02:21+00:00,2026-03-23 15:03:05+00:00,ae3dd65a-557c-4465-b095-260fd1922e26,Chapel Hill sales reporting,2026-03-23T15:02:20.082682Z,2026-03-23T15:03:00.439340Z,13,stopped,record,,,,
a641b686-f0d2-4be4-8ddf-19b062f9f513,384,2026-03-23 15:03:06+00:00,2026-03-23 15:16:41+00:00,ae3dd65a-557c-4465-b095-260fd1922e26,turnkey corporate housing sales reporting,2026-03-23T15:03:00.439155Z,2026-03-23T15:15:59.152574Z,27,stopped,record,,,,
6511c63e-bcc2-4ebb-a343-ccc8685f63a2,385,2026-03-23 15:16:09+00:00,2026-03-23 15:18:26+00:00,ae3dd65a-557c-4465-b095-260fd1922e26,culinary Depot sales reporting,2026-03-23T15:15:59.152252Z,2026-03-23T15:18:24.646746Z,14,stopped,record,,,,
57e1b3b2-1061-4d3a-8f15-7f47ec408d2b,386,2026-03-23 15:18:26+00:00,2026-03-23 15:22:56+00:00,ae3dd65a-557c-4465-b095-260fd1922e26,Falcon logic sales reporting,2026-03-23T15:18:24.646505Z,2026-03-23T15:22:51.672411Z,16,stopped,record,,,,
7059963f-5122-4a4e-adfd-626105df5879,387,2026-03-23 15:22:57+00:00,2026-03-23 15:37:37+00:00,ae3dd65a-557c-4465-b095-260fd1922e26,logical marketing sales reporting,2026-03-23T15:22:51.672143Z,2026-03-23T15:37:36.586991Z,19,stopped,record,,,,
4207cf40-4d03-44be-8696-192027f80f1b,388,2026-03-23 15:37:38+00:00,2026-03-23 16:08:28+00:00,ae3dd65a-557c-4465-b095-260fd1922e26,ouraring sales reporting,2026-03-23T15:37:36.586820Z,2026-03-23T16:08:27.725937Z,20,stopped,record,,,,
14a1e86a-e376-4f08-b638-5080d758cc3f,389,2026-03-23 16:08:29+00:00,2026-03-23 16:15:04+00:00,ae3dd65a-557c-4465-b095-260fd1922e26,Paradise pillow sales reporting,2026-03-23T16:08:27.725703Z,2026-03-23T16:15:03.340808Z,21,stopped,record,,,,
5ab95817-7d6f-431f-9795-c415dc158684,390,2026-03-23 16:15:05+00:00,2026-03-23 16:32:50+00:00,ae3dd65a-557c-4465-b095-260fd1922e26,RC quartermaster sales reporting,2026-03-23T16:15:03.340420Z,2026-03-23T16:32:42.210294Z,22,stopped,record,,,,
fe896101-2201-46bd-b518-119ba31f9f79,391,2026-03-23 16:32:52+00:00,2026-03-23 17:05:16+00:00,ae3dd65a-557c-4465-b095-260fd1922e26,saitech sales reporting,2026-03-23T16:32:42.210008Z,2026-03-23T17:05:03.304033Z,24,stopped,record,,,,
742d8a3c-f70c-4a95-948a-68a60679b2a6,392,2026-03-23 17:05:18+00:00,2026-03-23 17:08:45+00:00,ae3dd65a-557c-4465-b095-260fd1922e26,SMBLC sales reporting,2026-03-23T17:05:03.303834Z,2026-03-23T17:08:39.496988Z,25,stopped,record,,,,
4b5c72ac-cc89-4843-b5b1-2d73bf76fb4b,393,2026-03-23 17:08:47+00:00,2026-03-23 21:26:31+00:00,ae3dd65a-557c-4465-b095-260fd1922e26,Southern Computer Warehouse sales reporting,2026-03-23T17:08:39.496736Z,2026-03-23T17:19:37.743033Z,26,stopped,record,,,,
371df46c-18ed-4328-af77-368e099c2220,394,2026-03-23 17:19:41+00:00,2026-03-23 17:44:09+00:00,ae3dd65a-557c-4465-b095-260fd1922e26,water filter exchange sales reporting,2026-03-23T17:19:37.742691Z,2026-03-23T17:44:07.489733Z,28,stopped,record,,,,
fe22770e-14fb-4bb4-95de-bb847e41f323,395,2026-03-23 17:44:11+00:00,2026-03-23 17:49:05+00:00,ae3dd65a-557c-4465-b095-260fd1922e26,3QC EPA type check,2026-03-23T17:44:07.489020Z,2026-03-23T17:49:03.880221Z,9,stopped,record,,,,
7dad47de-2494-4f67-863f-5789daed13af,396,2026-03-23 17:49:07+00:00,2026-03-23 17:52:21+00:00,ae3dd65a-557c-4465-b095-260fd1922e26,Falcon logic EPA type,2026-03-23T17:49:03.880028Z,2026-03-23T17:52:10.071926Z,16,stopped,record,,,,
0b188f75-9dbb-4502-b141-e3dfb2a6ff7a,397,2026-03-23 17:52:23+00:00,2026-03-23 17:57:33+00:00,ae3dd65a-557c-4465-b095-260fd1922e26,Chapel Hill co clarification,2026-03-23T17:52:10.071625Z,2026-03-23T17:57:28.125190Z,13,stopped,record,,,,
9b127392-dd61-4015-871a-ee6a5f7a579e,398,2026-03-23 17:57:35+00:00,2026-03-23 21:11:18+00:00,ae3dd65a-557c-4465-b095-260fd1922e26,turnkey corporate housing case,2026-03-23T17:57:28.124800Z,2026-03-23T18:42:04.518136Z,27,stopped,record,,,,
b602adea-4bd1-4de1-9b26-dfbcf737e071,399,2026-03-23 18:42:07+00:00,2026-03-23 18:44:00+00:00,ae3dd65a-557c-4465-b095-260fd1922e26,Laredo ts check the mod status,2026-03-23T18:42:04.517832Z,2026-03-23T18:43:58.091304Z,18,stopped,record,,,,
71e64209-de5d-407b-9a4a-8aca043ff8f6,400,2026-03-23 18:44:18+00:00,2026-03-23 18:45:13+00:00,ae3dd65a-557c-4465-b095-260fd1922e26,logical marketing FCP transition check,2026-03-23T18:43:58.090988Z,2026-03-23T18:45:11.951841Z,19,stopped,record,,,,
e0aae1ab-d013-4529-acd1-539160bd7913,401,2026-03-23 18:46:13+00:00,2026-03-23 19:13:08+00:00,ae3dd65a-557c-4465-b095-260fd1922e26,paradise pillow edi correction co write,2026-03-23T18:45:11.951126Z,2026-03-23T18:55:00.000Z,21,stopped,record,,,,
6495c8c9-7cfa-48ae-b93a-5e447b467e66,402,2026-03-23 19:11:28+00:00,2026-03-23 19:13:32+00:00,ae3dd65a-557c-4465-b095-260fd1922e26,Laredo ts call,2026-03-23T18:55:00.000Z,2026-03-23T19:11:40.038531Z,18,stopped,record,,,,
ae7322b6-6d62-4fca-a50b-d325dce52136,403,2026-03-23 19:13:38+00:00,2026-03-23 19:41:20+00:00,ae3dd65a-557c-4465-b095-260fd1922e26,SAITECH follow up,2026-03-23T19:13:35.768541Z,2026-03-23T19:39:36.949633Z,24,stopped,record,,,,
14d287be-94e1-431e-abdc-9bf3b04abc2c,404,2026-03-23 19:41:22+00:00,2026-03-23 19:41:40+00:00,ae3dd65a-557c-4465-b095-260fd1922e26,smblc update,2026-03-23T19:39:36.948896Z,2026-03-23T19:41:37.778995Z,25,stopped,record,,,,
bed0dffb-cee6-4f9d-a960-8d30c25c4e68,405,2026-03-23 19:41:44+00:00,2026-03-23 19:41:51+00:00,ae3dd65a-557c-4465-b095-260fd1922e26,Saitech Del mod,2026-03-23T19:41:37.778690Z,2026-03-23T19:41:50.237354Z,24,stopped,record,,,,
653a81bb-21a5-4c8a-87fb-8d60799011b1,406,2026-03-23 19:41:53+00:00,2026-03-23 19:50:23+00:00,ae3dd65a-557c-4465-b095-260fd1922e26,Saitech Del mod,2026-03-23T19:41:50.236899Z,2026-03-23T19:50:16.195308Z,24,stopped,record,,,,
f784a6e5-f3dc-45b8-99e9-d25efaf1c0d5,407,2026-03-23 19:50:25+00:00,2026-03-23 21:12:27+00:00,ae3dd65a-557c-4465-b095-260fd1922e26,turnkey corporate housing,2026-03-23T19:50:16.194781Z,2026-03-23T19:51:01.259308Z,27,stopped,record,,,,
fe200e7c-61a1-4fb1-b630-eabecb2f2d36,408,2026-03-23 19:51:05+00:00,2026-03-23 21:12:45+00:00,ae3dd65a-557c-4465-b095-260fd1922e26,turnkey corporate housing fcp transition,2026-03-23T19:51:01.258592Z,2026-03-23T20:01:44.476314Z,27,stopped,record,,,,
a803b18b-80f8-4be4-bf02-88f5b6c2279f,409,2026-03-23 20:02:40+00:00,2026-03-23 20:15:43+00:00,ae3dd65a-557c-4465-b095-260fd1922e26,SAITECH EPA mod,2026-03-23T20:01:44.475870Z,2026-03-23T20:15:40.709324Z,24,stopped,record,,,,
35c078b7-d11d-4788-944a-a3e5c70df793,410,2026-03-23 20:15:45+00:00,2026-03-23 20:44:26+00:00,ae3dd65a-557c-4465-b095-260fd1922e26,chapel hill fcp,2026-03-23T20:15:40.708635Z,2026-03-23T20:44:17.494471Z,13,stopped,record,,,,
9adddf14-8abb-473c-a52c-dcf6e42137f9,411,2026-03-23 20:44:28+00:00,2026-03-23 20:55:03+00:00,ae3dd65a-557c-4465-b095-260fd1922e26,Laredo ts prices question,2026-03-23T20:44:17.493805Z,2026-03-23T20:54:52.031711Z,18,stopped,record,,,,
bb630739-5129-4792-895a-a098dd21f57a,412,2026-03-23 20:55:05+00:00,2026-03-23 21:10:20+00:00,ae3dd65a-557c-4465-b095-260fd1922e26,chapel hill add sin follow up,2026-03-23T20:54:52.031195Z,2026-03-23T21:10:10.171913Z,13,stopped,record,,,,
427578fd-83d5-4f42-b713-fc70f36ad45c,413,2026-03-23 21:10:22+00:00,2026-03-23 21:21:30+00:00,ae3dd65a-557c-4465-b095-260fd1922e26,price reporter time sheets,2026-03-23T21:10:10.171201Z,2026-03-23T21:21:27.478284Z,42,stopped,record,,,,
d0dbfd0c-d199-4edb-aec2-5bb828923c70,414,2026-03-23 21:21:31+00:00,2026-03-23 21:23:25+00:00,ae3dd65a-557c-4465-b095-260fd1922e26,falcon logic add sin follow up,2026-03-23T21:21:27.477565Z,2026-03-23T21:23:25.128048Z,16,stopped,record,,,,
46554ac8-f5c8-4ebe-a005-b7fca630b6ec,415,2026-03-23 21:23:52+00:00,2026-03-23 21:28:19+00:00,ae3dd65a-557c-4465-b095-260fd1922e26,price reporter time sheets,2026-03-23T21:23:49.465567Z,2026-03-23T21:28:18.629163Z,42,stopped,record,,,,
d35f5a4e-0488-4b78-b329-aaefd1954eae,416,2026-03-24 08:19:43+00:00,2026-03-25 05:55:13+00:00,ae3dd65a-557c-4465-b095-260fd1922e26,Astra дизайн заявки на услуги редакт,2026-03-24T08:19:40.706651Z,2026-03-24T10:10:00.000Z,3,stopped,record,,,,
1cb6d09e-1e47-46c4-8313-5c4b8b9b0294,417,2026-03-24 10:26:26+00:00,2026-03-25 05:55:37+00:00,ae3dd65a-557c-4465-b095-260fd1922e26,поздравление бабушки Инны с ДР,2026-03-24T10:10:00.000Z,2026-03-24T10:26:35.929423Z,35,stopped,record,,,,
7e04f1c4-f710-4fa9-8e84-b1a68ffade06,418,2026-03-24 10:26:40+00:00,2026-03-24 11:11:06+00:00,ae3dd65a-557c-4465-b095-260fd1922e26,"поход за линзами, прогулка",2026-03-24T10:26:35.928673Z,2026-03-24T11:11:03.586270Z,35,stopped,record,,,,
6cd1f4fa-3f40-4e53-877b-c3410a512a43,419,2026-03-24 11:11:08+00:00,2026-03-24 11:40:21+00:00,ae3dd65a-557c-4465-b095-260fd1922e26,"дома, душ",2026-03-24T11:11:03.582671Z,2026-03-24T11:40:19.064905Z,35,stopped,record,,,,
a8ee37de-d992-4b7a-b24a-8f13e723a319,420,2026-03-24 11:40:44+00:00,2026-03-24 11:57:48+00:00,ae3dd65a-557c-4465-b095-260fd1922e26,Atozed clients,2026-03-24T11:40:31.137450Z,2026-03-24T11:57:46.506192Z,5,stopped,record,,,,Sent a license to Joyoda suystems
c9e603c4-e2ce-4d4d-8da8-fb7e73d9c9dd,421,2026-03-24 11:57:50+00:00,2026-03-24 16:34:49+00:00,ae3dd65a-557c-4465-b095-260fd1922e26,atozed website,2026-03-24T11:57:46.505521Z,2026-03-24T16:34:48.009719Z,6,stopped,record,,,,
03585683-1c9d-445e-8e44-328b0fe142bb,422,2026-03-24 16:34:51+00:00,2026-03-24 16:47:03+00:00,ae3dd65a-557c-4465-b095-260fd1922e26,Carroll woods mod resubmission add sin,2026-03-24T16:34:48.008301Z,2026-03-24T16:46:57.164648Z,12,stopped,record,,,,
71a1e0c6-8187-415c-88d3-e3333faadb87,423,2026-03-24 16:47:05+00:00,2026-03-24 16:47:51+00:00,ae3dd65a-557c-4465-b095-260fd1922e26,Laredo ts dt update the pricing info,2026-03-24T16:46:57.164047Z,2026-03-24T16:47:49.796282Z,18,stopped,record,,,,
03b31108-9078-4675-bebd-0f9bb6e07249,424,2026-03-24 16:47:53+00:00,2026-03-24 16:56:14+00:00,ae3dd65a-557c-4465-b095-260fd1922e26,ball office products add sin candp,2026-03-24T16:47:49.795512Z,2026-03-24T16:56:08.529894Z,11,stopped,record,,,,
6d4106c1-c872-4059-9b45-507fcf32a96c,425,2026-03-24 16:56:16+00:00,2026-03-24 17:04:06+00:00,ae3dd65a-557c-4465-b095-260fd1922e26,culinary depot fcp baseline,2026-03-24T16:56:08.529240Z,2026-03-24T17:04:04.772764Z,14,stopped,record,,,,
efe47201-8c7c-439b-a89e-83d397f5a803,426,2026-03-24 17:04:08+00:00,2026-03-24 17:09:10+00:00,ae3dd65a-557c-4465-b095-260fd1922e26,ball office products CandP processing,2026-03-24T17:04:04.772076Z,2026-03-24T17:09:08.770917Z,11,stopped,record,,,,
6ddfd748-afef-486c-95e0-e3da48e20bee,427,2026-03-24 17:09:12+00:00,2026-03-24 17:54:17+00:00,ae3dd65a-557c-4465-b095-260fd1922e26,ball office products manual market research,2026-03-24T17:09:08.770138Z,2026-03-24T17:54:15.254716Z,11,stopped,record,,,,
e30f95a9-e46e-4268-bb75-152e149cb20e,428,2026-03-24 17:54:20+00:00,2026-03-24 18:02:01+00:00,ae3dd65a-557c-4465-b095-260fd1922e26,water filter exchange add mod check,2026-03-24T17:54:15.253975Z,2026-03-24T18:01:51.337097Z,28,stopped,record,,,,
2684008f-365c-4b45-99a0-407ed47e86a5,429,2026-03-24 18:02:04+00:00,2026-03-24 18:06:10+00:00,ae3dd65a-557c-4465-b095-260fd1922e26,SAITECH epa,2026-03-24T18:01:51.336404Z,2026-03-24T18:06:08.525873Z,24,stopped,record,,,,
bad0894e-444c-474f-a268-b71633627b52,430,2026-03-24 18:06:13+00:00,2026-03-24 18:57:43+00:00,ae3dd65a-557c-4465-b095-260fd1922e26,ball office products CandP and submission,2026-03-24T18:06:08.525409Z,2026-03-24T18:57:39.406957Z,11,stopped,record,,,,
77df5048-4f46-42ad-a108-768a89a6788c,431,2026-03-24 18:58:37+00:00,2026-03-25 05:52:40+00:00,ae3dd65a-557c-4465-b095-260fd1922e26,turnkey corporate housing sellers profile remake,2026-03-24T18:58:33.205656Z,2026-03-24T19:10:04.012603Z,27,stopped,record,,,,
45e63ce6-4dfc-446e-a741-086192daa2fe,432,2026-03-24 19:10:10+00:00,2026-03-25 05:52:33+00:00,ae3dd65a-557c-4465-b095-260fd1922e26,water filter exchange,2026-03-24T19:10:04.012005Z,2026-03-24T20:00:00.000Z,28,stopped,record,,,,
c0988ba8-ff19-4f15-92c9-e5fc9a7645c8,433,2026-03-25 05:53:51+00:00,2026-03-25 05:54:26+00:00,ae3dd65a-557c-4465-b095-260fd1922e26,SAITECH epa,2026-03-24T20:00:00.000Z,2026-03-24T20:59:00.000Z,24,stopped,record,,,,
83e6eaf2-6627-45c6-a29a-52572dfbe4fa,434,2026-03-25 05:56:47+00:00,2026-03-25 05:56:58+00:00,ae3dd65a-557c-4465-b095-260fd1922e26,зарядка,2026-03-25T05:56:41.069582Z,2026-03-25T05:56:58.123349Z,35,stopped,record,,,,
ea217ece-efc7-4813-9423-087244286145,435,2026-03-25 05:57:11+00:00,2026-03-25 06:17:39+00:00,ae3dd65a-557c-4465-b095-260fd1922e26,умывание,2026-03-25T05:57:08.613996Z,2026-03-25T06:03:00.000Z,35,stopped,record,,,,
d3890682-4d86-4da0-82ee-08e9e33d15c3,436,2026-03-25 06:17:12+00:00,2026-03-25 06:18:22+00:00,ae3dd65a-557c-4465-b095-260fd1922e26,завтрак,2026-03-25T06:03:00.000Z,2026-03-25T06:17:54.371101Z,35,stopped,record,,,,
16677a14-edc1-457b-9761-2343ad354242,437,2026-03-25 06:27:30+00:00,2026-03-25 06:33:30+00:00,ae3dd65a-557c-4465-b095-260fd1922e26,Astra редактирование страницы заявки дизайн,2026-03-25T06:27:27.657349Z,2026-03-25T06:33:28.305661Z,3,stopped,record,,,,
78288f1d-1527-4141-a844-b2c69b78fc7c,438,2026-03-25 06:33:33+00:00,2026-03-25 09:07:31+00:00,ae3dd65a-557c-4465-b095-260fd1922e26,Этника обсуждение,2026-03-25T06:33:28.305066Z,2026-03-25T06:37:34.598696Z,31,stopped,record,,,,
2103890e-c925-4352-a89d-b0313a0bb30d,439,2026-03-25 06:37:38+00:00,2026-03-25 09:07:00+00:00,ae3dd65a-557c-4465-b095-260fd1922e26,Astra редактирование страницы заявки дизайн,2026-03-25T06:37:34.597916Z,2026-03-25T09:06:55.828629Z,3,stopped,record,,,,
40cabd84-39c0-4e7d-9a48-1ee1c13dfe56,440,2026-03-25 09:07:02+00:00,2026-03-25 13:57:12+00:00,ae3dd65a-557c-4465-b095-260fd1922e26,Atozed website,2026-03-25T09:06:55.827878Z,2026-03-25T13:45:00.000Z,6,stopped,record,,,,
f5f496e5-2543-492d-b4c0-991be46941b6,442,2026-03-25 13:55:45+00:00,2026-03-25 13:58:15+00:00,ae3dd65a-557c-4465-b095-260fd1922e26,etnika обсуждение,2026-03-25T13:45:00.000Z,2026-03-25T13:57:17.727356Z,31,stopped,record,,,,
ce29fba7-bca4-4493-b0be-f6e24d8e0b65,443,2026-03-25 13:57:30+00:00,2026-03-25 14:01:43+00:00,ae3dd65a-557c-4465-b095-260fd1922e26,туалет,2026-03-25T13:57:22.383593Z,2026-03-25T14:01:36.316855Z,35,stopped,record,,,,
6748cb82-d88a-4f3b-ae0f-e528fdbe8d2a,444,2026-03-25 14:01:45+00:00,2026-03-25 16:10:26+00:00,ae3dd65a-557c-4465-b095-260fd1922e26,SAITECH epa,2026-03-25T14:01:36.316429Z,2026-03-25T15:00:00.000Z,24,stopped,record,,,,
b7a6cb83-6104-4d8b-af7e-812c65aaa2ec,445,2026-03-25 15:21:42+00:00,2026-03-25 16:11:15+00:00,ae3dd65a-557c-4465-b095-260fd1922e26,price reporter case study,2026-03-25T15:00:00.000Z,2026-03-25T16:09:49.546074Z,39,stopped,record,,,,
4ee1d15e-cf78-4d8e-a8b6-a451183a5b39,446,2026-03-25 16:11:26+00:00,2026-03-25 16:25:42+00:00,ae3dd65a-557c-4465-b095-260fd1922e26,ball office products add sin,2026-03-25T16:11:20.379169Z,2026-03-25T16:25:40.662733Z,11,stopped,record,,,,
03d51382-ab02-4578-bec5-bf376d58e28b,447,2026-03-25 16:25:44+00:00,2026-03-25 16:27:39+00:00,ae3dd65a-557c-4465-b095-260fd1922e26,falcon logic,2026-03-25T16:25:40.662155Z,2026-03-25T16:27:36.564230Z,16,stopped,record,,,,
6e16455e-a947-4502-80ea-00618f7b2e0e,448,2026-03-25 16:27:42+00:00,2026-03-25 16:33:44+00:00,ae3dd65a-557c-4465-b095-260fd1922e26,saitechbadd mod sign,2026-03-25T16:27:36.563458Z,2026-03-25T16:33:42.742467Z,24,stopped,record,,,,
72a735bd-0c0e-488a-b1fd-843f9ae62e71,449,2026-03-25 16:33:48+00:00,2026-03-25 17:10:57+00:00,ae3dd65a-557c-4465-b095-260fd1922e26,southern computer warehouse del mod,2026-03-25T16:33:42.741705Z,2026-03-25T17:10:55.639179Z,35,stopped,record,,,,
6f931a37-d0f4-4d05-8aa9-9803da185912,450,2026-03-25 17:10:59+00:00,2026-03-25 17:48:16+00:00,ae3dd65a-557c-4465-b095-260fd1922e26,ball office products add sin,2026-03-25T17:10:55.638480Z,2026-03-25T17:48:14.543070Z,11,stopped,record,,,,
b5c16211-1202-474e-8012-5d1c42b0586e,451,2026-03-25 17:51:21+00:00,2026-03-25 18:07:24+00:00,ae3dd65a-557c-4465-b095-260fd1922e26,выбор товаров для дома,2026-03-25T17:51:17.654271Z,2026-03-25T18:07:19.030939Z,35,stopped,record,,,,
59322ca9-5250-4dd6-8f95-05aa226f0850,452,2026-03-25 18:07:27+00:00,2026-03-25 18:45:28+00:00,ae3dd65a-557c-4465-b095-260fd1922e26,ball office products add sin,2026-03-25T18:07:19.030278Z,2026-03-25T18:45:25.963937Z,11,stopped,record,,,,
063dcaea-67d0-4914-b00e-5d449bb13143,453,2026-03-25 18:45:31+00:00,2026-03-25 18:58:35+00:00,ae3dd65a-557c-4465-b095-260fd1922e26,Laredo ts answer,2026-03-25T18:45:25.963209Z,2026-03-25T18:58:27.884057Z,18,stopped,record,,,,
9732c7ad-87c8-4dc3-9c34-ab1e2c3d41dc,454,2026-03-25 18:58:38+00:00,2026-03-25 19:01:40+00:00,ae3dd65a-557c-4465-b095-260fd1922e26,перекус,2026-03-25T18:58:27.883331Z,2026-03-25T19:01:35.418880Z,35,stopped,record,,,,
e4382632-4828-4a9f-aa15-73d088cc8a07,455,2026-03-25 19:01:47+00:00,2026-03-25 19:07:35+00:00,ae3dd65a-557c-4465-b095-260fd1922e26,ball office products clarification,2026-03-25T19:01:35.418150Z,2026-03-25T19:07:33.477249Z,11,stopped,record,,,,
35d7bbed-9f7c-4e73-86ab-f9a981e9488f,456,2026-03-25 19:07:38+00:00,2026-03-25 19:13:18+00:00,ae3dd65a-557c-4465-b095-260fd1922e26,laredo ts answer,2026-03-25T19:07:33.476534Z,2026-03-25T19:13:13.082167Z,18,stopped,record,,,,
6fea339c-a6f2-4a87-98da-e9c24e082157,457,2026-03-25 19:13:20+00:00,2026-03-25 19:21:24+00:00,ae3dd65a-557c-4465-b095-260fd1922e26,ball office products calrification,2026-03-25T19:13:13.081470Z,2026-03-25T19:21:20.916090Z,11,stopped,record,,,,
fa43f824-f617-41d4-ba35-a73ac54b1deb,458,2026-03-25 19:21:26+00:00,2026-03-25 19:25:55+00:00,ae3dd65a-557c-4465-b095-260fd1922e26,RC quartermaster edi,2026-03-25T19:21:20.915665Z,2026-03-25T19:25:45.046074Z,22,stopped,record,,,,
5b6e847a-7a5f-479c-8462-e02fa23ec9b4,459,2026-03-25 19:25:57+00:00,2026-03-25 19:32:44+00:00,ae3dd65a-557c-4465-b095-260fd1922e26,price reporter email check,2026-03-25T19:25:45.045192Z,2026-03-25T19:32:31.637392Z,1,stopped,record,,,,
ab29d4af-8219-49ce-985d-93a034318435,460,2026-03-25 19:32:46+00:00,2026-03-25 19:49:04+00:00,ae3dd65a-557c-4465-b095-260fd1922e26,turnkey corporate housing sellers profile check,2026-03-25T19:32:31.636947Z,2026-03-25T19:48:40.969666Z,35,stopped,record,,,,
6a65e595-c306-4b52-ae22-5f195e18ef2a,461,2026-03-25 19:49:06+00:00,2026-03-25 19:53:11+00:00,ae3dd65a-557c-4465-b095-260fd1922e26,ball office products clarification,2026-03-25T19:48:40.968963Z,2026-03-25T19:52:54.482933Z,11,stopped,record,,,,
77b8969f-afd9-46cf-9860-ef8396f6f95e,462,2026-03-25 19:53:14+00:00,2026-03-26 14:58:37+00:00,ae3dd65a-557c-4465-b095-260fd1922e26,3qc add sin,2026-03-25T19:52:54.482205Z,2026-03-25T20:59:00.000Z,9,stopped,record,,,,
afe8dd0b-9ef5-482f-87e7-e68198fddfd8,463,2026-03-26 07:00:22+00:00,2026-03-26 12:53:14+00:00,ae3dd65a-557c-4465-b095-260fd1922e26,душ и сон,2026-03-25T21:04:30.726206Z,2026-03-26T07:00:00.000Z,35,stopped,record,,,,
7e9a79c0-dd99-482a-bd11-b4c9f07fb481,464,2026-03-26 07:01:57+00:00,2026-03-26 12:09:53+00:00,ae3dd65a-557c-4465-b095-260fd1922e26,умывание,2026-03-26T07:01:52.556902Z,2026-03-26T12:09:46.158425Z,35,stopped,record,,,,
a0d4ccba-28b7-472e-8a7c-1fa574debf08,465,2026-03-26 12:09:54+00:00,2026-03-26 12:09:58+00:00,ae3dd65a-557c-4465-b095-260fd1922e26,Astra design,2026-03-26T12:09:39.867504Z,2026-03-26T12:09:56.480357Z,3,stopped,record,,,,
a0c5a8e1-e73e-4ec6-8034-c6c14b07fe48,466,2026-03-26 12:09:55+00:00,2026-03-26 12:09:58+00:00,ae3dd65a-557c-4465-b095-260fd1922e26,разговор с Владом,2026-03-26T12:09:46.157664Z,2026-03-26T12:09:56.480357Z,35,stopped,record,,,,
33ce7efa-81fe-4db3-af6b-e64f1b737ea9,467,2026-03-26 12:09:59+00:00,2026-03-26 12:10:04+00:00,ae3dd65a-557c-4465-b095-260fd1922e26,Astra design,2026-03-26T12:09:56.479740Z,2026-03-26T12:10:03.362676Z,3,stopped,record,,,,
31490dc6-4948-47a1-bd45-0b7d6d8d3b6d,468,2026-03-26 12:10:05+00:00,2026-03-26 12:24:23+00:00,ae3dd65a-557c-4465-b095-260fd1922e26,приготовление тунца,2026-03-26T12:10:03.361830Z,2026-03-26T12:24:18.399873Z,35,stopped,record,,,,
8e20e759-73de-48b8-bf17-4727c9db921d,469,2026-03-26 12:24:24+00:00,2026-03-26 12:52:20+00:00,ae3dd65a-557c-4465-b095-260fd1922e26,обед,2026-03-26T12:24:18.399090Z,2026-03-26T12:52:19.088232Z,35,stopped,record,,,,
01828fb6-176f-4bd2-81dc-4d577e17b620,470,2026-03-26 13:15:35+00:00,2026-03-26 13:17:56+00:00,ae3dd65a-557c-4465-b095-260fd1922e26,price reporter planning,2026-03-26T13:15:29.427070Z,2026-03-26T13:17:54.370729Z,38,stopped,record,,,,
5a5a3eb2-a2b2-4924-96bf-96878c89a256,471,2026-03-26 13:17:58+00:00,2026-03-26 13:46:04+00:00,ae3dd65a-557c-4465-b095-260fd1922e26,ball office products tandc update,2026-03-26T13:17:54.369967Z,2026-03-26T13:46:03.849Z,11,stopped,record,,,,
f3069bde-b914-4ec4-8cd0-860496faadb6,472,2026-03-26 13:46:05+00:00,2026-03-26 15:40:35+00:00,ae3dd65a-557c-4465-b095-260fd1922e26,Carroll Woods EPA Mod,2026-03-26T13:46:03.843Z,2026-03-26T15:40:35.749Z,12,stopped,record,,,,
7f060b51-6878-4acf-9768-54a3f8201821,473,2026-03-26 15:40:37+00:00,2026-03-26 15:44:21+00:00,ae3dd65a-557c-4465-b095-260fd1922e26,Water Filter Exchange EDI check CO check,2026-03-26T15:40:35.744Z,2026-03-26T15:44:20.932Z,28,stopped,record,,,,
6e279817-98b8-411e-85a0-eb86b003c8d8,474,2026-03-26 15:44:22+00:00,2026-03-26 15:47:06+00:00,ae3dd65a-557c-4465-b095-260fd1922e26,Falcon Logic EPA type,2026-03-26T15:44:20.924Z,2026-03-26T15:47:05.883Z,16,stopped,record,,,,
e25c24a1-fa24-4b33-aac2-92df68c4f8f8,475,2026-03-26 15:47:07+00:00,2026-03-26 15:56:04+00:00,ae3dd65a-557c-4465-b095-260fd1922e26,AGE SOLUTIONS authorized negotiator,2026-03-26T15:47:05.878Z,2026-03-26T15:56:04.064Z,10,stopped,record,,,,
9c1e3c69-1edd-4ddb-8bc7-f2bb756cb517,476,2026-03-26 15:56:05+00:00,2026-03-26 16:06:14+00:00,ae3dd65a-557c-4465-b095-260fd1922e26,SAITECH PROPT,2026-03-26T15:56:04.054Z,2026-03-26T16:06:14.576Z,24,stopped,record,,,,
5028bb94-b07f-44a8-acfa-b2782bf6d71d,477,2026-03-26 16:06:16+00:00,2026-03-26 16:35:37+00:00,ae3dd65a-557c-4465-b095-260fd1922e26,Saitech Questions,2026-03-26T16:06:14.562Z,2026-03-26T16:35:37.635Z,24,stopped,record,,,,
3e0cf2d7-ed83-401f-9562-ac1f497dc928,478,2026-03-26 16:35:39+00:00,2026-03-26 17:03:34+00:00,ae3dd65a-557c-4465-b095-260fd1922e26,3QC ADD SIN Mod,2026-03-26T16:35:37.616Z,2026-03-26T17:03:26.303529Z,9,stopped,record,,,,
a3089a66-7303-44d8-9ffe-8c16e91fde3f,479,2026-03-26 17:03:35+00:00,2026-03-26 17:35:48+00:00,ae3dd65a-557c-4465-b095-260fd1922e26,OURARING call,2026-03-26T17:03:26.302871Z,2026-03-26T17:35:48.198Z,20,stopped,record,,,,
aa1ee397-63d3-406b-89d0-da07036fce5d,480,2026-03-26 17:35:50+00:00,2026-03-26 18:14:26+00:00,ae3dd65a-557c-4465-b095-260fd1922e26,3QC ADD SIN,2026-03-26T17:35:48.194Z,2026-03-26T18:14:25.717Z,9,stopped,record,,,,
4e966082-1dd8-4483-8407-bddc693741c9,481,2026-03-26 18:14:28+00:00,2026-03-26 19:39:07+00:00,ae3dd65a-557c-4465-b095-260fd1922e26,Culinary Depot call,2026-03-26T18:14:25.710Z,2026-03-26T19:39:07.309Z,14,stopped,record,,,,
57f7e1b2-32d2-4687-af0f-cd9dd20d86c8,482,2026-03-26 19:39:08+00:00,2026-03-26 19:39:13+00:00,ae3dd65a-557c-4465-b095-260fd1922e26,3QC,2026-03-26T19:39:07.301Z,2026-03-26T19:39:13.214Z,9,stopped,record,,,,
7a597a0c-4bc4-4ba2-b694-63b027c4077d,483,2026-03-26 19:39:14+00:00,2026-03-26 20:52:36+00:00,ae3dd65a-557c-4465-b095-260fd1922e26,RESICUM INTERNATIONAL,2026-03-26T19:39:13.213Z,2026-03-26T20:52:35.965Z,23,stopped,record,,,,
e5dd6d45-d9cd-4ed9-bee3-0ba2053991a6,484,2026-03-26 20:52:38+00:00,2026-03-26 21:21:26+00:00,ae3dd65a-557c-4465-b095-260fd1922e26,AGE SOLUTIONS,2026-03-26T20:52:35.942Z,2026-03-26T21:21:25.814Z,10,stopped,record,,,,
f5f8a4d5-5651-483d-8bcb-d9e990d9eeb4,485,2026-03-26 22:17:38+00:00,2026-03-27 00:23:03+00:00,ae3dd65a-557c-4465-b095-260fd1922e26,Vibe,2026-03-26T22:17:37.590Z,2026-03-27T00:23:03.098Z,35,stopped,record,,,,
8f754293-7b72-49e2-87ee-1065e26d3f16,486,2026-03-27 00:37:18+00:00,2026-03-27 00:58:21+00:00,ae3dd65a-557c-4465-b095-260fd1922e26,Подготовка ко сну,2026-03-27T00:37:17.156Z,2026-03-27T00:58:11.636731Z,life,stopped,record,,,,
673d9d86-6444-4115-a36b-208f41012f64,487,2026-03-27 00:58:23+00:00,2026-03-27 07:28:04+00:00,ae3dd65a-557c-4465-b095-260fd1922e26,сон,2026-03-27T00:58:11.635954Z,2026-03-27T07:28:00.327737Z,life,stopped,record,,,,
e1ae7747-7828-42ac-b183-00b099b25ade,489,2026-03-27 07:28:06+00:00,2026-03-27 08:17:31+00:00,ae3dd65a-557c-4465-b095-260fd1922e26,созвон astra,2026-03-27T07:28:00.327200Z,2026-03-27T08:17:23.337243Z,astra,stopped,record,,,,
04ce2609-9840-40a4-8b5f-0a8cb0f0a59b,490,2026-03-27 08:17:33+00:00,2026-03-27 08:45:15+00:00,ae3dd65a-557c-4465-b095-260fd1922e26,умывание,2026-03-27T08:17:23.336515Z,2026-03-27T08:30:00.000Z,life,stopped,record,,,,
0bb42012-c561-4355-b77f-80fd2fb31ac0,491,2026-03-27 08:43:49+00:00,2026-03-27 08:45:30+00:00,ae3dd65a-557c-4465-b095-260fd1922e26,зарядка,2026-03-27T08:31:00.000Z,2026-03-27T08:41:00.000Z,life,stopped,record,,,,
bf4f15d4-36a9-4d37-96d8-6d4226782d3d,492,2026-03-27 08:44:53+00:00,2026-03-27 09:23:03+00:00,ae3dd65a-557c-4465-b095-260fd1922e26,завтрак,2026-03-27T08:44:45.569569Z,2026-03-27T09:23:00.874370Z,life,stopped,record,,,,
a4efe15d-c646-48bc-a490-5a6183917550,493,2026-03-27 09:23:05+00:00,2026-03-27 09:31:21+00:00,ae3dd65a-557c-4465-b095-260fd1922e26,atozed,2026-03-27T09:23:00.873643Z,2026-03-27T09:30:51.199541Z,atozed,stopped,record,,,,
6936fc98-2101-43ba-9b4d-731778b18d53,494,2026-03-27 09:31:25+00:00,2026-03-27 12:52:06+00:00,ae3dd65a-557c-4465-b095-260fd1922e26,этника,2026-03-27T09:30:51.198753Z,2026-03-27T12:52:06.439Z,etnika,stopped,record,,,,
aacd31cb-8b36-49fc-9b12-940f4630e9d7,495,2026-03-27 12:52:34+00:00,2026-03-27 13:24:10+00:00,ae3dd65a-557c-4465-b095-260fd1922e26,Vibecoding,2026-03-27T12:52:33.962Z,2026-03-27T13:24:10.551Z,vibecoding,stopped,record,,,,
f949b8f0-9b3e-445d-baea-0db8cacfc771,496,2026-03-27 13:24:12+00:00,2026-03-27 15:14:14+00:00,ae3dd65a-557c-4465-b095-260fd1922e26,Price Reporter planning,2026-03-27T13:24:10.546Z,2026-03-27T15:14:14.568Z,planning,stopped,record,,,,
10b3c9b3-1e0f-4f8c-be0e-720df067bf2b,497,2026-03-27 15:14:14+00:00,2026-03-27 15:18:49+00:00,ae3dd65a-557c-4465-b095-260fd1922e26,3QC update,2026-03-27T15:14:14.552Z,2026-03-27T15:18:49.465Z,client_3qc,stopped,record,,,,
d322e6c3-997b-4524-a011-262674e502b0,498,2026-03-27 15:18:49+00:00,2026-03-27 15:32:25+00:00,ae3dd65a-557c-4465-b095-260fd1922e26,3QC Epa type check,2026-03-27T15:18:49.431Z,2026-03-27T15:32:25.685Z,client_3qc,stopped,record,,,,
2700779c-b24b-476e-8792-83d710c0bb8c,499,2026-03-27 15:32:25+00:00,2026-03-27 15:35:59+00:00,ae3dd65a-557c-4465-b095-260fd1922e26,Chapel Hill Update,2026-03-27T15:32:25.667Z,2026-03-27T15:35:59.747Z,client_chapel,stopped,record,,,,
b095b262-07c7-43be-b316-1f7c25b75de9,500,2026-03-27 15:36:42+00:00,2026-03-27 15:48:11+00:00,ae3dd65a-557c-4465-b095-260fd1922e26,Turnkey corporate housing update,2026-03-27T15:36:42.726Z,2026-03-27T15:48:11.811Z,client_turnkey,stopped,record,,,,
79ba05c3-78eb-4e3a-9711-336e99ab232d,501,2026-03-27 15:48:12+00:00,2026-03-27 16:10:44+00:00,ae3dd65a-557c-4465-b095-260fd1922e26,AGE SOLUTIONS Update,2026-03-27T15:48:11.806Z,2026-03-27T16:10:45.272Z,client_age,stopped,record,,,,
0d2d48c6-ced2-490f-97a8-f0932f6a98e0,502,2026-03-27 16:16:07+00:00,2026-03-27 17:02:46+00:00,ae3dd65a-557c-4465-b095-260fd1922e26,Falcon Logic,2026-03-27T16:16:06.392Z,2026-03-27T17:02:44.370014Z,client_falcon,stopped,record,,,,
6aaf2830-b31f-4c16-9f11-d0e5d21eb632,503,2026-03-27 17:15:08+00:00,2026-03-27 17:15:18+00:00,ae3dd65a-557c-4465-b095-260fd1922e26,laredo ts,2026-03-27T17:02:52.633128Z,2026-03-27T17:15:16.000849Z,client_laredo,stopped,record,,,,
b48f7a32-7661-4bd0-99e2-c9b9ddaf947a,504,2026-03-27 17:23:41+00:00,2026-03-27 17:23:53+00:00,ae3dd65a-557c-4465-b095-260fd1922e26,logical marketing update,2026-03-27T17:15:26.832470Z,2026-03-27T17:23:44.261725Z,client_logical,stopped,record,,,,
5d4e1756-d373-40ca-bf87-1fd8fbe2c258,505,2026-03-27 17:23:55+00:00,2026-03-27 18:09:53+00:00,ae3dd65a-557c-4465-b095-260fd1922e26,ужин,2026-03-27T17:23:44.260957Z,2026-03-27T18:09:44.332375Z,life,stopped,record,,,,
e2ba8919-86e6-4303-b66a-4b45bf623184,506,2026-03-27 18:09:55+00:00,2026-03-27 18:17:55+00:00,ae3dd65a-557c-4465-b095-260fd1922e26,туалет,2026-03-27T18:09:44.331546Z,2026-03-27T18:17:53.116216Z,life,stopped,record,,,,
bc3c9550-917c-4a51-98c9-038fb85b5b66,507,2026-03-27 18:17:57+00:00,2026-03-27 18:24:23+00:00,ae3dd65a-557c-4465-b095-260fd1922e26,logical marketing update,2026-03-27T18:17:53.115688Z,2026-03-27T18:24:09.605677Z,client_logical,stopped,record,,,,
7aea898e-86a7-4d72-b1d9-c64aca3a5200,508,2026-03-27 18:24:25+00:00,2026-03-27 19:17:53+00:00,ae3dd65a-557c-4465-b095-260fd1922e26,water filter exchange communication,2026-03-27T18:24:09.605203Z,2026-03-27T19:17:48.424161Z,client_water,stopped,record,,,,
b6a1b715-60ae-4105-99e5-fcf39c9de6ec,509,2026-03-27 19:17:55+00:00,2026-03-27 20:54:48+00:00,ae3dd65a-557c-4465-b095-260fd1922e26,service clients call,2026-03-27T19:17:48.423613Z,2026-03-27T20:24:12.471Z,price_reporter,stopped,record,,,,
cfa32818-1c3b-45b4-8b01-32dd30f4f235,510,2026-03-27 20:24:12+00:00,2026-03-27 22:03:37+00:00,ae3dd65a-557c-4465-b095-260fd1922e26,TIme sheets,2026-03-27T20:24:12.467Z,2026-03-27T22:03:37.074Z,time_sheets,stopped,record,,,,
0d803d0c-ecb1-436d-b80b-1afd8838f7e6,511,2026-03-27 20:31:42+00:00,2026-03-27 20:34:20+00:00,e3f88658-c4ed-49ab-b9a4-d04329ca6539,дневник,2026-03-27T20:31:41.431Z,2026-03-27T20:33:55.636Z,20b8a29f-fdef-49bb-b5ae-a0a79734323a,stopped,record,,,,
d546d957-b1f1-4a22-858e-1f4b70d81314,513,2026-03-27 22:03:42+00:00,2026-03-28 00:09:54+00:00,ae3dd65a-557c-4465-b095-260fd1922e26,VIbecoding,2026-03-27T22:03:41.941Z,2026-03-28T00:09:49.052949Z,vibecoding,stopped,record,,,[],
67e2fce2-4abd-416b-bd7c-da273141d4a6,514,2026-03-28 00:09:56+00:00,2026-03-28 10:19:05+00:00,ae3dd65a-557c-4465-b095-260fd1922e26,душ,2026-03-28T00:09:49.052251Z,2026-03-28T00:21:40.983966Z,hygiene,stopped,record,,,[],
c4b1f22c-ce2e-4081-af42-6190c34e2bbe,515,2026-03-28 07:44:32+00:00,2026-03-28 10:25:58+00:00,ae3dd65a-557c-4465-b095-260fd1922e26,сон,2026-03-28T00:30:00.000Z,2026-03-28T07:30:00.000Z,sleep,stopped,record,,,[],
f08cc554-cf40-4b07-a38c-e319e463bffd,516,2026-03-28 07:44:32+00:00,2026-03-28 10:18:52+00:00,ae3dd65a-557c-4465-b095-260fd1922e26,умывание,2026-03-28T07:44:27.019913Z,2026-03-28T07:44:31.514729Z,hygiene,stopped,record,,,[],
d68e459e-eb92-4222-95dd-2c5144926810,517,2026-03-28 07:44:36+00:00,2026-03-28 10:19:16+00:00,ae3dd65a-557c-4465-b095-260fd1922e26,завтрак,2026-03-28T07:44:31.514059Z,2026-03-28T08:35:39.426683Z,food,stopped,record,,,[],
dcd428b0-3716-4fcf-ab8f-66d54eff97ce,518,2026-03-28 08:35:51+00:00,2026-03-28 10:15:33+00:00,ae3dd65a-557c-4465-b095-260fd1922e26,подготовка к выходу,2026-03-28T08:35:39.426144Z,2026-03-28T08:53:00.000Z,life,stopped,record,,,[],
fd0672b6-a0eb-45db-89d1-703d1e410cb5,519,2026-03-28 10:14:17+00:00,2026-03-28 10:25:16+00:00,ae3dd65a-557c-4465-b095-260fd1922e26,джелато пышки,2026-03-28T09:26:00.000Z,2026-03-28T10:25:09.697790Z,life,stopped,record,,,[],
eff5c87a-c649-4539-bbcc-83ffdfccb4e8,520,2026-03-28 10:25:17+00:00,2026-03-28 10:38:36+00:00,ae3dd65a-557c-4465-b095-260fd1922e26,туалет,2026-03-28T10:25:09.697014Z,2026-03-28T10:38:34.211772Z,life,stopped,record,,,[],
12a60fe7-f8f1-456c-91b2-1d868d34ce7c,521,2026-03-28 10:38:37+00:00,2026-03-28 12:57:14+00:00,ae3dd65a-557c-4465-b095-260fd1922e26,поездка на лесобазу,2026-03-28T10:38:34.211417Z,2026-03-28T12:57:08.481410Z,life,stopped,record,,,[],
19aad79d-6401-4dd5-9539-cae8fec4b1c3,522,2026-03-28 12:57:16+00:00,2026-03-28 19:33:04+00:00,ae3dd65a-557c-4465-b095-260fd1922e26,прогулка в шуваловском парке,2026-03-28T12:57:08.480937Z,2026-03-28T19:32:54.901418Z,life,stopped,record,,,[],
df040414-3291-4a45-bbf9-496834e538b1,523,2026-03-28 19:33:05+00:00,2026-03-28 21:59:43+00:00,ae3dd65a-557c-4465-b095-260fd1922e26,дома вечер,2026-03-28T19:32:54.900612Z,2026-03-28T20:23:00.000Z,life,stopped,record,,,[],
7fad7f3e-c7bb-4847-a42e-7505f918bda1,524,2026-03-28 21:57:21+00:00,2026-03-28 22:00:44+00:00,ae3dd65a-557c-4465-b095-260fd1922e26,фильм магнолия,2026-03-28T20:25:00.000Z,2026-03-28T21:57:29.948153Z,movies,stopped,record,,,[],
c19fefd5-d231-424d-a0be-f513cff85d62,525,2026-03-28 21:57:32+00:00,2026-03-29 07:23:06+00:00,ae3dd65a-557c-4465-b095-260fd1922e26,сон,2026-03-28T21:57:29.947476Z,2026-03-29T07:22:58.145917Z,life,stopped,record,,,[],
be828636-8211-4ce0-9e1d-8fe5b2fc8143,526,2026-03-29 07:23:07+00:00,2026-03-29 08:15:21+00:00,ae3dd65a-557c-4465-b095-260fd1922e26,умывание,2026-03-29T07:22:58.144920Z,2026-03-29T08:15:13.140748Z,life,stopped,record,,,[],
ee100cca-309c-4d56-bef5-8513bb347f08,527,2026-03-29 08:15:22+00:00,2026-03-29 08:15:27+00:00,ae3dd65a-557c-4465-b095-260fd1922e26,завтрак,2026-03-29T08:15:13.140215Z,2026-03-29T08:15:26.357858Z,life,stopped,record,,,[],
2cb665fa-a5b2-4873-b55b-4400db5ad8cb,528,2026-03-29 08:15:28+00:00,2026-03-30 06:14:38+00:00,ae3dd65a-557c-4465-b095-260fd1922e26,ремонт гардеробная,2026-03-29T08:15:26.357096Z,2026-03-29T19:00:00.000Z,life,stopped,record,,,[],
281f5a93-9df4-43a3-9228-4fa63fcf7d14,530,2026-03-30 06:15:31+00:00,,ae3dd65a-557c-4465-b095-260fd1922e26,фильм магнолия,2026-03-29T19:30:00.000Z,2026-03-29T20:59:00.000Z,life,completed,record,,,[],
28a92bbe-ea8d-47fc-a3ef-4df328971cde,531,2026-03-30 06:16:15+00:00,,ae3dd65a-557c-4465-b095-260fd1922e26,сон,2026-03-29T21:00:00.000Z,2026-03-30T06:00:00.000Z,life,completed,record,,,[],
39d560dd-99ef-40da-84e4-b973a05089b3,532,2026-03-30 06:40:45+00:00,2026-03-30 06:41:41+00:00,ae3dd65a-557c-4465-b095-260fd1922e26,зарядка,2026-03-30T06:40:41.187430Z,2026-03-30T06:41:33.824129Z,life,stopped,record,,,[],
fcfd6b3b-454d-4a60-ab48-58a4bb3024c0,533,2026-03-30 06:40:46+00:00,2026-03-30 06:41:27+00:00,ae3dd65a-557c-4465-b095-260fd1922e26,умывание,2026-03-30T06:40:35.437183Z,2026-03-30T06:41:25.012120Z,life,stopped,record,,,[],
41e537ff-9cf1-4007-8bf0-dbf82039af82,534,2026-03-30 06:41:42+00:00,2026-03-30 08:01:41+00:00,ae3dd65a-557c-4465-b095-260fd1922e26,завтрак,2026-03-30T06:41:33.823714Z,2026-03-30T08:01:30.403360Z,life,stopped,record,,,[],
93749476-edc8-455f-8374-3ee2802bef58,535,2026-03-30 08:01:44+00:00,2026-03-30 09:42:58+00:00,ae3dd65a-557c-4465-b095-260fd1922e26,военкомат,2026-03-30T08:01:30.402495Z,2026-03-30T09:42:50.665164Z,life,stopped,record,,,[],
fb8be3d3-066e-4eef-a24d-3200719dc189,536,2026-03-30 09:42:59+00:00,2026-03-30 14:30:30+00:00,ae3dd65a-557c-4465-b095-260fd1922e26,дома,2026-03-30T09:42:50.664681Z,2026-03-30T13:00:00.000Z,life,stopped,record,,,[],
f46ebd19-3485-4700-9d29-49fdb2d0d345,548,2026-03-30 14:28:58+00:00,2026-03-30 14:31:49+00:00,ae3dd65a-557c-4465-b095-260fd1922e26,Planning,2026-03-30T13:20:00.000Z,2026-03-30T14:28:00.000Z,price_reporter,stopped,record,,,[],
f3ba1dc0-c0f0-49e8-85ea-ec2f635cb399,550,2026-03-30 14:29:04+00:00,2026-03-30 14:39:31+00:00,ae3dd65a-557c-4465-b095-260fd1922e26,CHAPEL HILL - initiate a meeting with INNA,2026-03-30T14:29:02.811Z,2026-03-30T14:39:31.246Z,client_chapel,stopped,record,,,[],
b1ab83c1-19ba-4775-aa0d-f27c74a44d54,551,2026-03-30 14:39:32+00:00,2026-03-30 16:11:35+00:00,ae3dd65a-557c-4465-b095-260fd1922e26,FALCON LOGIC Email to invite to a call with Inna,2026-03-30T14:39:31.246Z,2026-03-30T14:49:00.000Z,client_falcon,stopped,record,,,[],
7812ea3c-c7e5-42b0-8adb-d3eba13d2383,552,2026-03-30 16:07:26+00:00,2026-03-30 16:13:30+00:00,ae3dd65a-557c-4465-b095-260fd1922e26,price reporter service clients call,2026-03-30T15:00:00.000Z,2026-03-30T16:00:00.000Z,price_reporter,stopped,record,,,[],
2a73f89e-c81b-4fdc-8345-6fdbcab51363,553,2026-03-30 16:08:12+00:00,2026-03-30 16:12:26+00:00,ae3dd65a-557c-4465-b095-260fd1922e26,logical marketing email for a meeting,2026-03-30T14:49:00.000Z,2026-03-30T14:59:00.000Z,client_logical,stopped,record,,,[],
78a0f519-143a-4be0-bad5-d541c9935805,554,2026-03-30 16:13:47+00:00,2026-03-30 16:44:22+00:00,ae3dd65a-557c-4465-b095-260fd1922e26,Logical marketing communication,2026-03-30T16:13:47.009Z,2026-03-30T16:44:21.884Z,client_logical,stopped,record,,,[],
6ef449a1-92fd-420b-9677-a1872c8e6ec7,555,2026-03-30 16:44:23+00:00,2026-03-30 16:46:00+00:00,ae3dd65a-557c-4465-b095-260fd1922e26,Water Filter Exchange communication,2026-03-30T16:44:21.883Z,2026-03-30T16:46:00.630Z,client_water,stopped,record,,,[],
f3a33d98-aa4f-42d9-ad62-2fc80cf942c1,556,2026-03-30 16:46:02+00:00,2026-03-30 16:55:41+00:00,ae3dd65a-557c-4465-b095-260fd1922e26,Logical marketing communication,2026-03-30T16:46:00.629Z,2026-03-30T16:55:41.372Z,client_logical,stopped,record,,,[],
98f7a81c-3892-4abe-a51c-d49357ffff32,557,2026-03-30 16:55:42+00:00,2026-03-30 17:04:16+00:00,ae3dd65a-557c-4465-b095-260fd1922e26,ETS suppressed items DEL mods,2026-03-30T16:55:41.371Z,2026-03-30T17:04:16.383Z,price_reporter,stopped,record,,,[],
08dcabbb-8b0c-494a-b106-5bad54527ca9,558,2026-03-30 17:04:17+00:00,2026-03-30 17:11:29+00:00,ae3dd65a-557c-4465-b095-260fd1922e26,Ball office products ETS check,2026-03-30T17:04:16.382Z,2026-03-30T17:11:30.122Z,client_ball,stopped,record,,,[],
3689b6a6-c3ce-4fd2-811b-39bc75821c9d,559,2026-03-30 17:11:30+00:00,2026-03-30 18:03:29+00:00,ae3dd65a-557c-4465-b095-260fd1922e26,Culinary Depot suppressed items check,2026-03-30T17:11:30.121Z,2026-03-30T18:03:29.187Z,client_culinary,stopped,record,,,[],
e05767bd-257a-4cfb-9698-aa68b8f20a39,560,2026-03-30 18:03:30+00:00,2026-03-30 18:03:32+00:00,ae3dd65a-557c-4465-b095-260fd1922e26,3QC call ADD sin,2026-03-30T18:03:29.186Z,2026-03-30T18:03:31.705Z,client_3qc,stopped,record,,,[],
3e593a60-57d5-4ec3-93b3-fdb4cc608748,561,2026-03-30 18:03:35+00:00,2026-03-30 18:30:53+00:00,ae3dd65a-557c-4465-b095-260fd1922e26,Ужин,2026-03-30T18:03:33.537Z,2026-03-30T18:30:46.782Z,life,stopped,record,,,[],
31614810-c259-4716-8387-b9012af2a9aa,562,2026-03-30 18:30:54+00:00,2026-03-30 18:52:02+00:00,ae3dd65a-557c-4465-b095-260fd1922e26,LAREDO TS CALL,2026-03-30T18:30:46.782Z,2026-03-30T18:52:01.928Z,client_laredo,stopped,record,,,[],
a40e3a8a-b361-4d3a-a401-446cfa1cd424,563,2026-03-30 18:52:03+00:00,2026-03-30 19:01:06+00:00,ae3dd65a-557c-4465-b095-260fd1922e26,Culinary Depot FCP status,2026-03-30T18:52:01.927Z,2026-03-30T19:01:06.929Z,client_culinary,stopped,record,,,[],
782aa42b-ed94-48ea-802b-bfde32204dee,564,2026-03-30 19:01:08+00:00,2026-03-30 19:17:46+00:00,ae3dd65a-557c-4465-b095-260fd1922e26,LAREDO TS CALL,2026-03-30T19:01:06.928Z,2026-03-30T19:17:46.877Z,client_laredo,stopped,record,,,[],
edf0c98c-b943-481c-a3c6-d22a9e4966e4,565,2026-03-30 19:17:47+00:00,2026-03-30 19:25:23+00:00,ae3dd65a-557c-4465-b095-260fd1922e26,SAITECH suppressed items DEL,2026-03-30T19:17:46.876Z,2026-03-30T19:25:23.860Z,client_saitech,stopped,record,,,[],
ea063b06-09dc-4419-b70b-33aff269d2a7,566,2026-03-30 19:25:25+00:00,2026-03-30 19:33:27+00:00,ae3dd65a-557c-4465-b095-260fd1922e26,BAll office products email,2026-03-30T19:25:23.859Z,2026-03-30T19:33:28.188Z,client_ball,stopped,record,,,[],
e3ac2584-4920-48e2-a798-35e5cddacb1a,567,2026-03-30 19:34:18+00:00,2026-03-30 19:37:31+00:00,ae3dd65a-557c-4465-b095-260fd1922e26,Southern computer warehouse DEL,2026-03-30T19:34:18.627Z,2026-03-30T19:37:31.437Z,client_southern,stopped,record,,,[],
39a3de94-856a-4da9-9b9d-5a29f4f5d5b0,568,2026-03-30 19:37:32+00:00,2026-03-30 19:45:47+00:00,ae3dd65a-557c-4465-b095-260fd1922e26,falcon logic meeting,2026-03-30T19:37:31.436Z,2026-03-30T19:45:48.285Z,client_falcon,stopped,record,,,[],
ca6aea49-cf9d-4afa-8e76-5baf97c3dd66,569,2026-03-30 19:46:06+00:00,2026-03-30 20:02:41+00:00,ae3dd65a-557c-4465-b095-260fd1922e26,DEL Ball office products,2026-03-30T19:46:05.916Z,2026-03-30T20:02:41.513Z,client_ball,stopped,record,,,[],
c525bcde-f649-4d9a-bf08-de05ab6ee4a9,570,2026-03-30 20:05:45+00:00,2026-03-30 20:40:36+00:00,ae3dd65a-557c-4465-b095-260fd1922e26,RESICUM INTERNATIONAL UPDATE,2026-03-30T20:05:44.078Z,2026-03-30T20:40:36.965Z,client_resicum,stopped,record,,,[],
aadb28ad-8521-4e32-ad5e-2a96ebccab92,571,2026-03-30 20:40:51+00:00,2026-03-30 21:53:55+00:00,ae3dd65a-557c-4465-b095-260fd1922e26,Time sheets,2026-03-30T20:40:50.136Z,2026-03-30T21:53:54.062Z,time_sheets,stopped,record,,,[],
bdf0b7cc-23c1-42a4-aea5-e16f3366b732,572,2026-03-30 22:36:35+00:00,2026-03-30 23:42:49+00:00,ae3dd65a-557c-4465-b095-260fd1922e26,Задача тест 2345657,2026-03-30T22:36:34.645Z,2026-03-30T22:36:41.058Z,life,stopped,record,,,[],
8f450f7d-2a3e-4407-a3d6-8c1dd4f47a29,573,2026-03-30 22:56:16+00:00,2026-03-30 23:49:20+00:00,ae3dd65a-557c-4465-b095-260fd1922e26,Новая задача 4,2026-03-30T22:56:15.222Z,2026-03-30T22:56:19.119Z,life,stopped,record,,,[],
aaae41d7-4411-46c8-939f-7d6ed2e1e208,574,2026-03-30 22:56:20+00:00,2026-03-30 23:49:35+00:00,ae3dd65a-557c-4465-b095-260fd1922e26,Задача 55,2026-03-30T22:56:19.110Z,2026-03-30T22:56:24.094Z,life,stopped,record,,,[],
ff1c32cb-3977-4579-b700-0277e975d9f5,575,2026-03-31 08:26:11+00:00,2026-03-31 15:24:19+00:00,ae3dd65a-557c-4465-b095-260fd1922e26,Atozed clients,2026-03-31T08:26:10.542Z,2026-03-31T15:24:13.289418Z,atozed,stopped,record,,,[],
9575b10d-a6ef-4c3e-9466-494cd8102c8b,576,2026-03-31 15:24:22+00:00,,ae3dd65a-557c-4465-b095-260fd1922e26,southern computer warehouse,2026-03-31T15:24:13.289020Z,,client_southern,running,record,,,[],