User,Client,Duration,Date,Note,record_id,pb_record_id,category_name,raw_title,raw_note,start_utc,end_utc,start_wall,end_wall,duration_minutes,client_extraction_confidence,client_extraction_reason,matched_keyword_or_alias,matched_category_id,matched_category_name,allowed_client_set_match,app_rule_result,ambiguous_matches,running_clamped
Nikita,Price Reporter,7,"May 11, 2026",Price reporter planning,e8d72f91-87b1-4931-9527-724dea0f6591,jqi4n4zyc8p9993,Price Reporter,Price reporter planning,,2026-05-11T12:07:49.158Z,2026-05-11T12:14:28.145Z,2026-05-11 15:07:49,2026-05-11 15:14:28,7,low,price_reporter_fallback,,,,true,,,false
Nikita,3QC,1,"May 11, 2026",ask if an news on SIN ADD or EPA,e5bd2073-933a-40c5-b261-65f4f6abd665,nl7t4satyrmt4v5,3QC,3QC ask if an news on SIN ADD or EPA,,2026-05-11T12:14:28.145Z,2026-05-11T12:15:57.457Z,2026-05-11 15:14:28,2026-05-11 15:15:57,1,high,app_category_rules_prefix,3QC,02rvnzxutdhfenn,3QC,true,exact,,false
Nikita,AGE SOLUTIONS,2,"May 11, 2026",AGE Ask if any updates on ADD SIN,182a072f-6e1f-4341-ae1b-cfdad1e20665,xqkiw9v2i5yzkib,AGE SOLUTIONS,AGE Ask if any updates on ADD SIN,,2026-05-11T12:15:57.457Z,2026-05-11T12:18:24.092Z,2026-05-11 15:15:57,2026-05-11 15:18:24,2,high,app_category_rules,AGE SOLUTIONS,nushprvzre8kd23,AGE SOLUTIONS,true,consecutive,,false
Nikita,BALL OFFICE PRODUCTS,107,"May 11, 2026",BALL OFFICE Out of scope task,f5d4269c-a5af-4075-ba17-82c5a91b08ed,pi7h3a3xfet76t1,BALL OFFICE PRODUCTS,BALL OFFICE Out of scope task,,2026-05-11T12:18:24.092Z,2026-05-11T14:05:33.268Z,2026-05-11 15:18:24,2026-05-11 17:05:33,107,high,app_category_rules,BALL OFFICE PRODUCTS,18o4vipv6vv7yzz,BALL OFFICE PRODUCTS,true,consecutive,,false
Nikita,CARROLL WOODS,3,"May 11, 2026",EPA Check,43f64960-575a-43d3-9f7d-80ffbb54d4b1,qihm6fl0no6b3gx,CARROLL WOODS,CARROLL WOODS EPA Check,,2026-05-11T14:05:33.268Z,2026-05-11T14:08:50.253Z,2026-05-11 17:05:33,2026-05-11 17:08:50,3,high,app_category_rules_prefix,CARROLL WOODS,plebd68unzwn3nw,CARROLL WOODS,true,exact,,false
Nikita,CARROLL WOODS,2,"May 11, 2026",ADD SIN Resubmit,49245e16-f0d0-4075-a027-05ebe6a0d04a,yf2olb4shida9n9,CARROLL WOODS,CARROLL WOODS ADD SIN Resubmit,,2026-05-11T14:08:50.253Z,2026-05-11T14:11:01.121Z,2026-05-11 17:08:50,2026-05-11 17:11:01,2,high,app_category_rules_prefix,CARROLL WOODS,plebd68unzwn3nw,CARROLL WOODS,true,exact,,false
Nikita,CHAPEL HILL,5,"May 11, 2026",remind ADD SIN materials,bdec246a-93cb-49fc-909f-01f36c0c652f,3j1s251i1okyyic,CHAPEL HILL,CHAPEL Hill remind ADD SIN materials,,2026-05-11T14:11:01.121Z,2026-05-11T14:15:44.379Z,2026-05-11 17:11:01,2026-05-11 17:15:44,5,high,app_category_rules_prefix,CHAPEL HILL,m9plfw22xb411jc,CHAPEL HILL,true,exact,,false
Nikita,CULINARY DEPOT,3,"May 11, 2026",FCP Transition check,cf44e6e0-d859-4a89-b554-12d27c749863,5nf9ck1qwd430hi,CULINARY DEPOT,CULINARY DEPOT FCP Transition check,,2026-05-11T14:15:44.379Z,2026-05-11T14:18:41.003Z,2026-05-11 17:15:44,2026-05-11 17:18:41,3,high,app_category_rules_prefix,CULINARY DEPOT,wxnsoopfrphiv0h,CULINARY DEPOT,true,exact,,false
Nikita,FALCON LOGIC,20,"May 11, 2026",FALCON - remind add sin,20e47330-a6d0-42f8-bfb2-0bfef8329914,povp1z9pt1cqenx,FALCON LOGIC,FALCON - remind add sin,,2026-05-11T14:18:41.003Z,2026-05-11T14:38:26.997Z,2026-05-11 17:18:41,2026-05-11 17:38:26,20,high,app_category_rules,FALCON LOGIC,a20idjj0hxfw3f9,FALCON LOGIC,true,consecutive,,false
Nikita,CARROLL WOODS,5,"May 11, 2026",EPA Check,e19a1f6a-ec52-4f68-8bf7-0779355306fb,kc4zaab19cm2e4z,CARROLL WOODS,CARROLL WOODS EPA Check,,2026-05-11T14:38:26.997Z,2026-05-11T14:43:00.611Z,2026-05-11 17:38:26,2026-05-11 17:43:00,5,high,app_category_rules_prefix,CARROLL WOODS,plebd68unzwn3nw,CARROLL WOODS,true,exact,,false
Nikita,GLOBAL SOLUTIONS GROUP,136,"May 11, 2026",FCP transition Rejection letter,d32722d2-833a-4cc0-b0a1-bcf58a62a14d,3u7up362ftvnkz3,GLOBAL SOLUTIONS GROUP,GSG FCP transition Rejection letter,,2026-05-11T14:43:00.611Z,2026-05-11T16:59:00.989Z,2026-05-11 17:43:00,2026-05-11 19:59:00,136,high,app_category_rules_prefix,gsg,bsnah0skhrjemsv,GLOBAL SOLUTIONS GROUP,true,exact,,false
Nikita,LAREDO TS,8,"May 11, 2026",MAS ADD MOD TASK,3a89ffaf-9087-474a-8170-07a9dac0471d,mhd9hnsrm5evjbr,LAREDO TS,LAREDO TS MAS ADD MOD TASK,,2026-05-11T16:59:00.989Z,2026-05-11T17:07:15.212Z,2026-05-11 19:59:00,2026-05-11 20:07:15,8,high,app_category_rules_prefix,LAREDO TS,fbxx86uj001vjhc,LAREDO TS,true,exact,,false
Nikita,LAREDO TS,9,"May 11, 2026",LAREDO FCP T&C Check,e27a892b-2c22-44e7-b755-c1a9acc9a606,d7rfqgajymym615,LAREDO TS,LAREDO FCP T&C Check,,2026-05-11T17:07:15.212Z,2026-05-11T17:15:49.828Z,2026-05-11 20:07:15,2026-05-11 20:15:49,9,high,app_category_rules,LAREDO TS,fbxx86uj001vjhc,LAREDO TS,true,consecutive,,false
Nikita,LAREDO TS,8,"May 11, 2026",Send Project Scope to DAniel,56a852b1-0478-42e1-9202-1e5a379986b0,s16xug7l6ka86y1,LAREDO TS,LAREDO TS Send Project Scope to DAniel,,2026-05-11T17:15:49.828Z,2026-05-11T17:24:01.735Z,2026-05-11 20:15:49,2026-05-11 20:24:01,8,high,app_category_rules_prefix,LAREDO TS,fbxx86uj001vjhc,LAREDO TS,true,exact,,false
Nikita,LOGICAL MARKETING,7,"May 11, 2026",FCP T&C Check,a320b9f5-7142-46a2-aa96-11b68c5afcda,1vmvu94t5lwm1t6,LOGICAL MARKETING,LOGICAL MARKETING FCP T&C Check,,2026-05-11T17:24:01.735Z,2026-05-11T17:30:55.054Z,2026-05-11 20:24:01,2026-05-11 20:30:55,7,high,app_category_rules_prefix,LOGICAL MARKETING,1n7w5wzz05saue9,LOGICAL MARKETING,true,exact,,false
Nikita,NIS SOLUTIONS,8,"May 11, 2026",FCP T&C check,efe67d27-a598-43a2-9a12-31fd5e1a5152,nw5ocpkhw46vbpo,NIS SOLUTIONS,NIS Solutions FCP T&C check,,2026-05-11T17:31:23.293Z,2026-05-11T17:38:59.821Z,2026-05-11 20:31:23,2026-05-11 20:38:59,8,high,app_category_rules_prefix,NIS SOLUTIONS,y2w0nlmr7ohcdci,NIS SOLUTIONS,true,exact,,false
Nikita,Professional Stewards Services,8,"May 11, 2026",PROFESSIONAL STEWARDS EPA type check,e420b640-2ced-40a6-b7bb-d754cedd3ee7,9aw6h3lptw2egd1,Professional Stewards Services,PROFESSIONAL STEWARDS EPA type check,,2026-05-11T17:38:59.821Z,2026-05-11T17:47:05.171Z,2026-05-11 20:38:59,2026-05-11 20:47:05,8,high,app_category_rules,Professional Stewards Services,vt733t73m0b1k0q,Professional Stewards Services,true,consecutive,,false
Nikita,GLOBAL SOLUTIONS GROUP,8,"May 11, 2026",FCP transition Rejection letter,5cf6b999-0f8a-410e-9057-e1eddce81f84,filw79egcl6srwd,GLOBAL SOLUTIONS GROUP,GSG FCP transition Rejection letter,,2026-05-11T17:47:05.171Z,2026-05-11T17:54:53.312Z,2026-05-11 20:47:05,2026-05-11 20:54:53,8,high,app_category_rules_prefix,gsg,bsnah0skhrjemsv,GLOBAL SOLUTIONS GROUP,true,exact,,false
Nikita,Professional Stewards Services,3,"May 11, 2026",PROFESSIONAL STEWARDS EPA type check,1e7a99c4-c088-4df0-a694-9e5403b87153,r96gwe59co513hz,Professional Stewards Services,PROFESSIONAL STEWARDS EPA type check,,2026-05-11T17:54:53.312Z,2026-05-11T17:57:26.610Z,2026-05-11 20:54:53,2026-05-11 20:57:26,3,high,app_category_rules,Professional Stewards Services,vt733t73m0b1k0q,Professional Stewards Services,true,consecutive,,false
Nikita,GLOBAL SOLUTIONS GROUP,3,"May 11, 2026",FCP transition Rejection letter,1a44c0d2-3ee0-4ed5-90c6-8e8675d29a9c,ztvhzu2rpeo6sip,GLOBAL SOLUTIONS GROUP,GSG FCP transition Rejection letter,,2026-05-11T17:57:41.955Z,2026-05-11T18:00:40.318Z,2026-05-11 20:57:41,2026-05-11 21:00:40,3,high,app_category_rules_prefix,gsg,bsnah0skhrjemsv,GLOBAL SOLUTIONS GROUP,true,exact,,false
Nikita,Professional Stewards Services,45,"May 11, 2026",PROFESSIONAL STEWARDS EPA type check,45849d70-bf85-4727-a17d-348f7f1a877b,qp43d7x8w6ei5gz,Professional Stewards Services,PROFESSIONAL STEWARDS EPA type check,,2026-05-11T18:00:40.318Z,2026-05-11T18:45:16.028Z,2026-05-11 21:00:40,2026-05-11 21:45:16,45,high,app_category_rules,Professional Stewards Services,vt733t73m0b1k0q,Professional Stewards Services,true,consecutive,,false
Nikita,WATER FILTER EXCHANGE,49,"May 11, 2026",CandP task,bda87ed9-3960-4c31-856c-f760874c9d01,npqb87g47bjjyl8,WATER FILTER EXCHANGE,WFX CandP task,,2026-05-11T18:45:16.028Z,2026-05-11T19:34:26.596Z,2026-05-11 21:45:16,2026-05-11 22:34:26,49,high,app_category_rules_prefix,wfx,wpb8lqjp1kohju7,WATER FILTER EXCHANGE,true,exact,,false
Nikita,LAREDO TS,18,"May 11, 2026",call,9a50e2d9-3b78-4b03-9487-09fb0d9a511f,knhjry9tbvhsu8m,LAREDO TS,laredo ts call,,2026-05-11T19:34:26.596Z,2026-05-11T19:52:51.084Z,2026-05-11 22:34:26,2026-05-11 22:52:51,18,high,app_category_rules_prefix,LAREDO TS,fbxx86uj001vjhc,LAREDO TS,true,exact,,false
Nikita,Price Reporter,3,"May 12, 2026",price reporter planning,d028da30-8c1b-4f56-8665-07788c010c7a,1iyhvjo86cvmp7t,Price Reporter,price reporter planning,,2026-05-12T13:42:20.919Z,2026-05-12T13:45:28.103Z,2026-05-12 16:42:20,2026-05-12 16:45:28,3,low,price_reporter_fallback,,,,true,,,false
Nikita,Price Reporter,11,"May 12, 2026",price reporter planning,73f47c9a-be0f-4946-92a4-305c093484b5,6qbxp4h5u0sq90m,Price Reporter,price reporter planning,,2026-05-12T13:45:42.270Z,2026-05-12T13:56:38.160Z,2026-05-12 16:45:42,2026-05-12 16:56:38,11,low,price_reporter_fallback,,,,true,,,false
Nikita,FALCON LOGIC,1,"May 12, 2026",Falcom logic email,82471407-021b-4025-af72-1c7dda334680,a59yir5ff27fa3d,FALCON LOGIC,Falcom logic email,,2026-05-12T13:57:00.354Z,2026-05-12T13:58:29.040Z,2026-05-12 16:57:00,2026-05-12 16:58:29,1,high,app_category_rules,FALCON LOGIC,a20idjj0hxfw3f9,FALCON LOGIC,true,fuzzy,,false
Nikita,GLOBAL SOLUTIONS GROUP,2,"May 12, 2026",FCP Transition,9c8a6ce5-f933-4d3f-8627-9ceca3c37df5,v8vzp147w42wni0,GLOBAL SOLUTIONS GROUP,GSG FCP Transition,,2026-05-12T13:58:29.040Z,2026-05-12T14:00:44.064Z,2026-05-12 16:58:29,2026-05-12 17:00:44,2,high,app_category_rules_prefix,gsg,bsnah0skhrjemsv,GLOBAL SOLUTIONS GROUP,true,exact,,false
Nikita,Price Reporter,12,"May 12, 2026",Price reporter planning,186e2fd1-1bfe-4a6d-b358-bc75cdabf7e2,1lvv4oh83s99hld,Price Reporter,Price reporter planning,,2026-05-12T14:00:44.064Z,2026-05-12T14:12:19.001Z,2026-05-12 17:00:44,2026-05-12 17:12:19,12,low,price_reporter_fallback,,,,true,,,false
Nikita,SOUTHERN COMPUTER warehouse,1,"May 12, 2026",S C W major mod,243dc957-3b9b-4de1-af88-c96922a1ec64,bqv2b06vunwtyjb,SOUTHERN COMPUTER warehouse,S C W major mod,,2026-05-12T14:12:19.000Z,2026-05-12T14:13:06.000Z,2026-05-12 17:12:19,2026-05-12 17:13:06,1,high,category_name_fallback,,ymen8hrd84q8g0s,SOUTHERN COMPUTER warehouse,true,,,false
Nikita,3QC,12,"May 12, 2026",answer,e7df015d-6646-43e6-954e-b819524d7dd2,vrik216fnp52f0n,3QC,3QC answer,,2026-05-12T14:13:06.482Z,2026-05-12T14:24:45.880Z,2026-05-12 17:13:06,2026-05-12 17:24:45,12,high,app_category_rules_prefix,3QC,02rvnzxutdhfenn,3QC,true,exact,,false
Nikita,CARROLL WOODS,10,"May 12, 2026",ADD SIN Resubmit,ad889557-4250-4fd4-a805-8aab3f25d490,ghfr3q0m4523ng4,CARROLL WOODS,CARROLL WOODS ADD SIN Resubmit,,2026-05-12T14:24:45.880Z,2026-05-12T14:34:43.127Z,2026-05-12 17:24:45,2026-05-12 17:34:43,10,high,app_category_rules_prefix,CARROLL WOODS,plebd68unzwn3nw,CARROLL WOODS,true,exact,,false
Nikita,Price Reporter,32,"May 12, 2026",Price reporter planning.,1ebd736e-bc58-41f7-89d4-6500880e5185,shrvncz06o94x5e,Price Reporter,Price reporter planning.,,2026-05-12T14:34:43.127Z,2026-05-12T15:07:09.195Z,2026-05-12 17:34:43,2026-05-12 18:07:09,32,low,price_reporter_fallback,,,,true,,,false
Nikita,SOUTHERN COMPUTER warehouse,10,"May 12, 2026",Check ADD mod,9fe06624-c166-49f7-8d5b-c4c4e04e1caa,gp7mxkpt5ljtndi,SOUTHERN COMPUTER warehouse,SCW Check ADD mod,,2026-05-12T15:07:09.195Z,2026-05-12T15:16:51.491Z,2026-05-12 18:07:09,2026-05-12 18:16:51,10,high,app_category_rules_prefix,scw,ymen8hrd84q8g0s,SOUTHERN COMPUTER warehouse,true,exact,,false
Nikita,Professional Stewards Services,16,"May 12, 2026",Professional stewards Sign the mod,e01af387-6cb8-4c16-89e5-090b90137285,qzdbyrr7vmcq3wn,Professional Stewards Services,Professional stewards Sign the mod,,2026-05-12T15:16:51.491Z,2026-05-12T15:32:28.809Z,2026-05-12 18:16:51,2026-05-12 18:32:28,16,high,app_category_rules,Professional Stewards Services,vt733t73m0b1k0q,Professional Stewards Services,true,consecutive,,false
Nikita,CULINARY DEPOT,30,"May 12, 2026",check CO signature.,177fd603-98c1-44e7-80d5-f5ad9919e997,xmym13z1xc55kyi,CULINARY DEPOT,Culinary Depot check CO signature.,,2026-05-12T15:32:28.809Z,2026-05-12T16:02:54.002Z,2026-05-12 18:32:28,2026-05-12 19:02:54,30,high,app_category_rules_prefix,CULINARY DEPOT,wxnsoopfrphiv0h,CULINARY DEPOT,true,exact,,false
Nikita,GLOBAL SOLUTIONS GROUP,1,"May 12, 2026",check CO answer.,ecfc61c0-d9d9-4b15-a01f-f1b5eec19e8a,yigdwcwrr5p8q45,GLOBAL SOLUTIONS GROUP,Global solutions group check CO answer.,,2026-05-12T16:02:54.002Z,2026-05-12T16:03:44.232Z,2026-05-12 19:02:54,2026-05-12 19:03:44,1,high,app_category_rules_prefix,GLOBAL SOLUTIONS GROUP,bsnah0skhrjemsv,GLOBAL SOLUTIONS GROUP,true,exact,,false
Nikita,NIS SOLUTIONS,24,"May 12, 2026",check see what answer on the F C P transition.,6e2a862b-55eb-42f2-815c-e90614bd8917,3jjvlmz0da5gmky,NIS SOLUTIONS,NIS solutions check see what answer on the F C P transition.,,2026-05-12T16:03:44.232Z,2026-05-12T16:27:27.526Z,2026-05-12 19:03:44,2026-05-12 19:27:27,24,high,app_category_rules_prefix,NIS SOLUTIONS,y2w0nlmr7ohcdci,NIS SOLUTIONS,true,exact,,false
Nikita,RC QUARTERMASTER,28,"May 12, 2026",Crestpoint follow up to check if relevant at all,01c462e6-472d-4604-8af9-36d1caa26659,hu7cbc1155xou0i,RC QUARTERMASTER,RCQ Crestpoint follow up to check if relevant at all,,2026-05-12T16:27:27.526Z,2026-05-12T16:55:28.710Z,2026-05-12 19:27:27,2026-05-12 19:55:28,28,high,app_category_rules_prefix,rcq,xyqool5euy8921q,RC QUARTERMASTER,true,exact,,false
Nikita,BALL OFFICE PRODUCTS,7,"May 12, 2026",Reply with the spreadsheet template,79e90b57-01fe-4fd9-87bf-64f2a719c5d8,0iqbr467owqqhev,BALL OFFICE PRODUCTS,BALL OFFICE PRODUCTS Reply with the spreadsheet template,,2026-05-12T16:55:28.710Z,2026-05-12T17:02:09.215Z,2026-05-12 19:55:28,2026-05-12 20:02:09,7,high,app_category_rules_prefix,BALL OFFICE PRODUCTS,18o4vipv6vv7yzz,BALL OFFICE PRODUCTS,true,exact,,false
Nikita,CRM,8,"May 12, 2026",RC Quatermaster make the update on the CRM.,f8296f99-34d7-43d0-a043-cb58df73e30c,v7pm8ymtxj27t9x,CRM,RC Quatermaster make the update on the CRM.,,2026-05-12T17:02:09.000Z,2026-05-12T17:10:00.000Z,2026-05-12 20:02:09,2026-05-12 20:10:00,8,high,app_category_rules,CRM,fqe6yzptnze5thy,CRM,true,exact,,false
Nikita,SOUTHERN COMPUTER warehouse,27,"May 12, 2026",check robomod,480f006c-1a3d-4dd7-bac8-35a8f2133d66,hiw23usxo5wb1qq,SOUTHERN COMPUTER warehouse,southern computer warehouse check robomod,,2026-05-12T17:13:00.000Z,2026-05-12T17:40:00.000Z,2026-05-12 20:13:00,2026-05-12 20:40:00,27,high,app_category_rules_prefix,SOUTHERN COMPUTER warehouse,ymen8hrd84q8g0s,SOUTHERN COMPUTER warehouse,true,exact,,false
Nikita,SAITECH,19,"May 12, 2026",out of scope,59b9f256-5cd9-4122-83c0-beaf72090f52,kpav9yw1uo7r5d6,SAITECH,SAITECH out of scope,,2026-05-12T17:42:00.000Z,2026-05-12T18:01:25.811Z,2026-05-12 20:42:00,2026-05-12 21:01:25,19,high,app_category_rules_prefix,SAITECH,0bq2ve7q5ean61p,SAITECH,true,exact,,false
Nikita,CARROLL WOODS,9,"May 12, 2026",ADD SIN Resubmit,2f7cf64e-b67d-4008-9bde-b1789480d2ee,6bg7zthxiq5hqvv,CARROLL WOODS,CARROLL WOODS ADD SIN Resubmit,,2026-05-12T18:01:25.811Z,2026-05-12T18:10:03.469Z,2026-05-12 21:01:25,2026-05-12 21:10:03,9,high,app_category_rules_prefix,CARROLL WOODS,plebd68unzwn3nw,CARROLL WOODS,true,exact,,false
Nikita,CARROLL WOODS,83,"May 12, 2026",ADD SIN Resubmit,3ef7a70c-677b-448e-afb8-a315d1d468c2,5qpzt28pylm9g9v,CARROLL WOODS,CARROLL WOODS ADD SIN Resubmit,,2026-05-12T18:46:08.570Z,2026-05-12T20:08:42.269Z,2026-05-12 21:46:08,2026-05-12 23:08:42,83,high,app_category_rules_prefix,CARROLL WOODS,plebd68unzwn3nw,CARROLL WOODS,true,exact,,false
Nikita,SAITECH,22,"May 12, 2026",ADD MOD sibmit (+market research),9e3a1390-0b71-493a-8e0a-f96f5d9e9f0f,67d2i93ecbwlxsy,SAITECH,SAITECH ADD MOD sibmit (+market research),,2026-05-12T20:08:42.269Z,2026-05-12T20:30:49.469Z,2026-05-12 23:08:42,2026-05-12 23:30:49,22,high,app_category_rules_prefix,SAITECH,0bq2ve7q5ean61p,SAITECH,true,exact,,false
Nikita,Price Reporter,1,"May 12, 2026",Price Reporter Email check,6be7da79-515f-4b9b-9cb9-e5646ddf2804,toubb7in7xjmcuj,Price Reporter,Price Reporter Email check,,2026-05-12T20:30:49.469Z,2026-05-12T20:31:24.072Z,2026-05-12 23:30:49,2026-05-12 23:31:24,1,low,price_reporter_fallback,,,,true,,,false
Nikita,SOUTHERN COMPUTER warehouse,4,"May 12, 2026",ADD MOD sign,78db2d79-83a1-4bc3-aa4d-00ba20b854bc,6zaeyylsf18scbz,SOUTHERN COMPUTER warehouse,SCW ADD MOD sign,,2026-05-12T20:31:24.072Z,2026-05-12T20:34:56.674Z,2026-05-12 23:31:24,2026-05-12 23:34:56,4,high,app_category_rules_prefix,scw,ymen8hrd84q8g0s,SOUTHERN COMPUTER warehouse,true,exact,,false
Nikita,Price Reporter,1,"May 12, 2026",Price Reporter Email check,685df45d-444d-46f0-bf2f-ccb04833d73d,3eoce5lt2mk4knr,Price Reporter,Price Reporter Email check,,2026-05-12T20:34:56.674Z,2026-05-12T20:36:18.498Z,2026-05-12 23:34:56,2026-05-12 23:36:18,1,low,price_reporter_fallback,,,,true,,,false
Nikita,Professional Stewards Services,1,"May 12, 2026",Professional stewards Sign the mod,776d1a2b-6416-476d-b6e8-845f5794bae4,w5zfr9hlaqv7qnw,Professional Stewards Services,Professional stewards Sign the mod,,2026-05-12T20:36:18.498Z,2026-05-12T20:37:19.204Z,2026-05-12 23:36:18,2026-05-12 23:37:19,1,high,app_category_rules,Professional Stewards Services,vt733t73m0b1k0q,Professional Stewards Services,true,consecutive,,false
Nikita,Price Reporter,20,"May 12, 2026",Price Reporter Email check,3ad8aa7e-b04e-4176-9b90-9f9830ec19f5,qjswo2wt5wvewsa,Price Reporter,Price Reporter Email check,,2026-05-12T20:37:19.204Z,2026-05-12T20:56:52.846Z,2026-05-12 23:37:19,2026-05-12 23:56:52,20,low,price_reporter_fallback,,,,true,,,false
Nikita,Time sheets,16,"May 12, 2026",,10b63b4e-140f-4f0c-b5ce-da2105cd6e12,x7ppyr8pznu826i,Time sheets,Time sheets,,2026-05-12T20:56:52.846Z,2026-05-12T21:12:50.270Z,2026-05-12 23:56:52,2026-05-13 00:12:50,16,high,app_category_rules_prefix,Time sheets,hlcqadad3w9myxn,Time sheets,true,exact,,false
Nikita,Price Reporter,13,"May 13, 2026",price reporter planning,6d9dc7d0-1826-4fa8-aef8-930d05fb7018,vtx8qfjtxbkj7lq,Price Reporter,price reporter planning,,2026-05-13T13:54:19.694Z,2026-05-13T14:07:18.514Z,2026-05-13 16:54:19,2026-05-13 17:07:18,13,low,price_reporter_fallback,,,,true,,,false
Nikita,LAREDO TS,2,"May 13, 2026",Call reschedule.,a9a52412-a1f9-43eb-8a09-801879c0d76e,xev5343c1jk5hpx,LAREDO TS,LAREDO TS Call reschedule.,,2026-05-13T14:07:18.514Z,2026-05-13T14:09:36.412Z,2026-05-13 17:07:18,2026-05-13 17:09:36,2,high,app_category_rules_prefix,LAREDO TS,fbxx86uj001vjhc,LAREDO TS,true,exact,,false
Nikita,ASE Direct,31,"May 13, 2026",Authorized negotiator,261c07f0-f4cf-4505-81c2-27645b7bf627,x5dv8agvzyukttg,ASE Direct,ASE Direct Authorized negotiator,,2026-05-13T14:09:36.412Z,2026-05-13T14:40:11.295Z,2026-05-13 17:09:36,2026-05-13 17:40:11,31,high,app_category_rules_prefix,ASE Direct,4ot9tymfakk246c,ASE Direct,true,exact,,false
Nikita,SMBLC,74,"May 13, 2026",Updae novation and send next doc,00fdba0f-c316-4a92-bf87-bad8202648cd,z7gaqdh1pyyilez,SMBLC,SMBLC Updae novation and send next doc,,2026-05-13T14:40:11.295Z,2026-05-13T15:54:08.958Z,2026-05-13 17:40:11,2026-05-13 18:54:08,74,high,app_category_rules_prefix,SMBLC,729wf5l3mlsgkqn,SMBLC,true,exact,,false
Nikita,SOUTHERN COMPUTER warehouse,29,"May 13, 2026",Major mod task,d8e64ae6-8bdd-476b-a689-29fd159a597b,4bbaw8px77brwzg,SOUTHERN COMPUTER warehouse,SCW Major mod task,,2026-05-13T15:54:23.373Z,2026-05-13T16:23:11.378Z,2026-05-13 18:54:23,2026-05-13 19:23:11,29,high,app_category_rules_prefix,scw,ymen8hrd84q8g0s,SOUTHERN COMPUTER warehouse,true,exact,,false
Nikita,SAITECH,82,"May 13, 2026",ADD MOD sibmit (+market research),2e5d59f7-8266-4f3f-955f-111de4f87312,qv7k6hq91qr5ex1,SAITECH,SAITECH ADD MOD sibmit (+market research),,2026-05-13T16:23:11.378Z,2026-05-13T17:45:34.655Z,2026-05-13 19:23:11,2026-05-13 20:45:34,82,high,app_category_rules_prefix,SAITECH,0bq2ve7q5ean61p,SAITECH,true,exact,,false
Nikita,ASE Direct,14,"May 13, 2026",call,fe546b5d-bebc-47a9-8d99-bdb89fd5a536,t0i50f5zb3irtfe,ASE Direct,ASE Direct call,,2026-05-13T17:56:56.971Z,2026-05-13T18:10:40.744Z,2026-05-13 20:56:56,2026-05-13 21:10:40,14,high,app_category_rules_prefix,ASE Direct,4ot9tymfakk246c,ASE Direct,true,exact,,false
Nikita,ASE Direct,2,"May 13, 2026",call,fe420f42-8d46-4f2a-906a-9314c4263eae,xqaxdbg4dwsf6hm,ASE Direct,ase direct call,,2026-05-13T18:10:53.864Z,2026-05-13T18:12:33.333Z,2026-05-13 21:10:53,2026-05-13 21:12:33,2,high,app_category_rules_prefix,ASE Direct,4ot9tymfakk246c,ASE Direct,true,exact,,false
Nikita,SAITECH,18,"May 13, 2026",ADD MOD,5e5a9860-c80f-4a9f-b8fb-25271b04d460,g7s8t9u8maxjr1g,SAITECH,Saitech ADD MOD,,2026-05-13T18:12:33.333Z,2026-05-13T18:30:09.673Z,2026-05-13 21:12:33,2026-05-13 21:30:09,18,high,app_category_rules_prefix,SAITECH,0bq2ve7q5ean61p,SAITECH,true,exact,,false
Nikita,ASE Direct,57,"May 13, 2026",Call,bb1bd9c0-cfc0-4152-8753-51510847fcf2,e0yl8vlxmg3ejlp,ASE Direct,ASE Direct Call,,2026-05-13T18:30:09.673Z,2026-05-13T19:27:18.978Z,2026-05-13 21:30:09,2026-05-13 22:27:18,57,high,app_category_rules_prefix,ASE Direct,4ot9tymfakk246c,ASE Direct,true,exact,,false
Nikita,LAREDO TS,153,"May 13, 2026",LAREDO technical services as seen submit.,12f7e456-6dd7-4da3-b40a-ef29e390605b,03qf2wgw727pc1r,LAREDO TS,LAREDO technical services as seen submit.,,2026-05-13T19:27:18.000Z,2026-05-13T22:00:00.000Z,2026-05-13 22:27:18,2026-05-14 01:00:00,153,high,app_category_rules,LAREDO TS,fbxx86uj001vjhc,LAREDO TS,true,consecutive,,false
Nikita,Price Reporter,37,"May 14, 2026",Price reporter plannind,b554ae52-2f16-433f-9064-275f8cccc5d1,v668gp3embvqzr2,Price Reporter,Price reporter plannind,,2026-05-14T13:33:12.157Z,2026-05-14T14:09:54.148Z,2026-05-14 16:33:12,2026-05-14 17:09:54,37,low,price_reporter_fallback,,,,true,,,false
Nikita,SAITECH,71,"May 14, 2026",ADD MOD sibmit (+market research),fc918f61-611f-4a3e-a221-d6b266113fd3,3oxpkcu8vnwruik,SAITECH,SAITECH ADD MOD sibmit (+market research),,2026-05-14T14:09:54.148Z,2026-05-14T15:20:52.328Z,2026-05-14 17:09:54,2026-05-14 18:20:52,71,high,app_category_rules_prefix,SAITECH,0bq2ve7q5ean61p,SAITECH,true,exact,,false
Nikita,LAREDO TS,86,"May 14, 2026",VA ADD SIN Submit,c87996c3-6b04-467c-8e8a-49d6f570313e,2q7vdgugy3vvfvy,LAREDO TS,LAREDO TS VA ADD SIN Submit,,2026-05-14T15:20:52.328Z,2026-05-14T16:46:27.298Z,2026-05-14 18:20:52,2026-05-14 19:46:27,86,high,app_category_rules_prefix,LAREDO TS,fbxx86uj001vjhc,LAREDO TS,true,exact,,false
Nikita,WATER FILTER EXCHANGE,14,"May 14, 2026",Resubmit CandP,0bf46d9c-4014-49fd-8ff1-093c57500184,s358ufabk9j98aw,WATER FILTER EXCHANGE,WATER FILTER EXCHANGE Resubmit CandP,,2026-05-14T16:46:27.298Z,2026-05-14T17:00:55.398Z,2026-05-14 19:46:27,2026-05-14 20:00:55,14,high,app_category_rules_prefix,WATER FILTER EXCHANGE,wpb8lqjp1kohju7,WATER FILTER EXCHANGE,true,exact,,false
Nikita,CULINARY DEPOT,40,"May 14, 2026",EPA Task,57197ea0-6cb3-4919-9b23-b1ec90117a28,laqtmeg60obigk4,CULINARY DEPOT,CULINARY DEPOT EPA Task,,2026-05-14T17:00:55.398Z,2026-05-14T17:40:29.771Z,2026-05-14 20:00:55,2026-05-14 20:40:29,40,high,app_category_rules_prefix,CULINARY DEPOT,wxnsoopfrphiv0h,CULINARY DEPOT,true,exact,,false
Nikita,SAITECH,127,"May 14, 2026",Del out of scope task.,20230fc8-b69d-46fe-bdc3-51c71d26719c,8eoaabb0fku9r9f,SAITECH,Saitech Del out of scope task.,,2026-05-14T17:40:29.771Z,2026-05-14T19:47:22.051Z,2026-05-14 20:40:29,2026-05-14 22:47:22,127,high,app_category_rules_prefix,SAITECH,0bq2ve7q5ean61p,SAITECH,true,exact,,false
Nikita,BALL OFFICE PRODUCTS,13,"May 14, 2026",LORELL ADD Task,8cfb239b-323c-4436-8fdd-b8a5c2c1917c,bvm16sbdyfm37q8,BALL OFFICE PRODUCTS,BOP LORELL ADD Task,,2026-05-14T19:47:22.000Z,2026-05-14T20:00:40.488Z,2026-05-14 22:47:22,2026-05-14 23:00:40,13,high,app_category_rules_prefix,bop,18o4vipv6vv7yzz,BALL OFFICE PRODUCTS,true,exact,,false
Nikita,RC QUARTERMASTER,1,"May 14, 2026",Leviand EDI check,d406cfa2-600c-4c0f-bf15-382a4725acd9,azzo09pp8ygoef7,RC QUARTERMASTER,RCQ Leviand EDI check,,2026-05-14T20:00:40.488Z,2026-05-14T20:01:17.697Z,2026-05-14 23:00:40,2026-05-14 23:01:17,1,high,app_category_rules_prefix,rcq,xyqool5euy8921q,RC QUARTERMASTER,true,exact,,false
Nikita,SOUTHERN COMPUTER warehouse,5,"May 14, 2026",Check CO answer on ITC question,3a3ad89b-6353-485c-9fd5-b87890b5517d,k7z39khjkcgyvo0,SOUTHERN COMPUTER warehouse,SCW Check CO answer on ITC question,,2026-05-14T20:01:17.697Z,2026-05-14T20:06:26.375Z,2026-05-14 23:01:17,2026-05-14 23:06:26,5,high,app_category_rules_prefix,scw,ymen8hrd84q8g0s,SOUTHERN COMPUTER warehouse,true,exact,,false
Nikita,3QC,39,"May 14, 2026",ADD SIN Task,71267197-2c92-476c-81b7-9914ee77cf04,7yn0izgliayvc0p,3QC,3QC ADD SIN Task,,2026-05-14T20:06:26.375Z,2026-05-14T20:45:24.809Z,2026-05-14 23:06:26,2026-05-14 23:45:24,39,high,app_category_rules_prefix,3QC,02rvnzxutdhfenn,3QC,true,exact,,false
Nikita,ASE Direct,42,"May 14, 2026",Summary,70380f0d-716a-4185-a896-80833bf312a6,386i0sp199ejjnd,ASE Direct,ASE Direct Summary,,2026-05-14T20:45:24.809Z,2026-05-14T21:27:16.422Z,2026-05-14 23:45:24,2026-05-15 00:27:16,42,high,app_category_rules_prefix,ASE Direct,4ot9tymfakk246c,ASE Direct,true,exact,,false
Nikita,Price Reporter,18,"May 15, 2026",price reporter planning,fdccf68e-6736-4931-91ac-50de1f3a5e77,wb8hbwdxe2yl34o,Price Reporter,price reporter planning,,2026-05-15T13:39:40.241Z,2026-05-15T13:57:24.776Z,2026-05-15 16:39:40,2026-05-15 16:57:24,18,low,price_reporter_fallback,,,,true,,,false
Nikita,CULINARY DEPOT,36,"May 15, 2026",call,18a75f94-e358-4ac4-a47f-fbad9c0a1bed,oqmmhqnoad14v3b,CULINARY DEPOT,culinary depot call,,2026-05-15T14:08:45.808Z,2026-05-15T14:44:38.069Z,2026-05-15 17:08:45,2026-05-15 17:44:38,36,high,app_category_rules_prefix,CULINARY DEPOT,wxnsoopfrphiv0h,CULINARY DEPOT,true,exact,,false
Nikita,Price Reporter,39,"May 15, 2026",PRice Reporter planning,5be5cac6-a450-4417-bce1-6f9de730c6cb,5n7ims6wafxgnc3,Price Reporter,PRice Reporter planning,,2026-05-15T14:44:38.069Z,2026-05-15T15:23:24.223Z,2026-05-15 17:44:38,2026-05-15 18:23:24,39,low,price_reporter_fallback,,,,true,,,false
Nikita,3QC,4,"May 15, 2026",,34825e7f-a843-46c8-927b-c93ce0f87ad3,9w5n4zjrsusyf91,3QC,3QC,,2026-05-15T15:23:24.223Z,2026-05-15T15:27:34.529Z,2026-05-15 18:23:24,2026-05-15 18:27:34,4,high,app_category_rules_prefix,3QC,02rvnzxutdhfenn,3QC,true,exact,,false
Nikita,BALL OFFICE PRODUCTS,1,"May 15, 2026",,383da731-0cbe-421c-bc1b-da970b60301b,n2cen6nxnwj41md,BALL OFFICE PRODUCTS,BOP,,2026-05-15T15:28:36.133Z,2026-05-15T15:29:06.964Z,2026-05-15 18:28:36,2026-05-15 18:29:06,1,high,app_category_rules_prefix,bop,18o4vipv6vv7yzz,BALL OFFICE PRODUCTS,true,exact,,false
Nikita,ASE Direct,11,"May 15, 2026",ASE,2389df80-c045-45c4-b4f8-f4f316d3eaea,tdellajtjv89yzk,ASE Direct,ASE,,2026-05-15T15:29:06.964Z,2026-05-15T15:40:28.461Z,2026-05-15 18:29:06,2026-05-15 18:40:28,11,high,app_category_rules,ASE Direct,4ot9tymfakk246c,ASE Direct,true,exact,,false
Nikita,BALL OFFICE PRODUCTS,7,"May 15, 2026",,8a188560-0840-4a05-adca-5f65cbb01443,4zq13h23gqcdmy3,BALL OFFICE PRODUCTS,BOP,,2026-05-15T15:40:28.461Z,2026-05-15T15:47:54.469Z,2026-05-15 18:40:28,2026-05-15 18:47:54,7,high,app_category_rules_prefix,bop,18o4vipv6vv7yzz,BALL OFFICE PRODUCTS,true,exact,,false
Nikita,CULINARY DEPOT,9,"May 15, 2026",,1ab61caa-441f-4cdd-8c33-35943467d0ea,2ge5r8ay2znv3n3,CULINARY DEPOT,CULINARY DEPOT,,2026-05-15T15:47:54.000Z,2026-05-15T15:57:00.000Z,2026-05-15 18:47:54,2026-05-15 18:57:00,9,high,app_category_rules_prefix,CULINARY DEPOT,wxnsoopfrphiv0h,CULINARY DEPOT,true,exact,,false
Nikita,GLOBAL SOLUTIONS GROUP,32,"May 15, 2026",,10b888bb-343a-4990-a4bc-f6af438a9f73,o5h8ijjs6rsvn6y,GLOBAL SOLUTIONS GROUP,GSG,,2026-05-15T15:58:00.000Z,2026-05-15T16:29:56.000Z,2026-05-15 18:58:00,2026-05-15 19:29:56,32,high,app_category_rules_prefix,gsg,bsnah0skhrjemsv,GLOBAL SOLUTIONS GROUP,true,exact,,false
Nikita,NIS SOLUTIONS,43,"May 15, 2026",,c39d829e-d8bf-4965-bbee-cde6c7402a24,0w4kst7mrddo4cl,NIS SOLUTIONS,NIS Solutions,,2026-05-15T16:29:56.531Z,2026-05-15T17:13:10.876Z,2026-05-15 19:29:56,2026-05-15 20:13:10,43,high,app_category_rules_prefix,NIS SOLUTIONS,y2w0nlmr7ohcdci,NIS SOLUTIONS,true,exact,,false
Nikita,WATER FILTER EXCHANGE,36,"May 15, 2026",,061c1368-8a2c-426b-b27a-bbda019f38e0,tggtv1jcyre2ku8,WATER FILTER EXCHANGE,WATER FILTER EXCHANGE,,2026-05-15T17:13:10.876Z,2026-05-15T17:48:43.328Z,2026-05-15 20:13:10,2026-05-15 20:48:43,36,high,app_category_rules_prefix,WATER FILTER EXCHANGE,wpb8lqjp1kohju7,WATER FILTER EXCHANGE,true,exact,,false
Nikita,SAITECH,199,"May 15, 2026",,8eee0d49-61ee-4950-98ad-dfa91a0b206e,lotp535e3di10dk,SAITECH,SAITECH,,2026-05-15T17:48:43.328Z,2026-05-15T21:07:55.377Z,2026-05-15 20:48:43,2026-05-16 00:07:55,199,high,app_category_rules_prefix,SAITECH,0bq2ve7q5ean61p,SAITECH,true,exact,,false
Nikita,Price Reporter,52,"May 18, 2026",price reporter planning,16619d65-0ffc-4cfb-8b5a-8e626a1d2939,ll5ajtfi8jdux5a,Price Reporter,price reporter planning,,2026-05-18T13:43:20.574Z,2026-05-18T14:35:37.360Z,2026-05-18 16:43:20,2026-05-18 17:35:37,52,low,price_reporter_fallback,,,,true,,,false
Nikita,3QC,5,"May 18, 2026",,99040fa1-c908-4927-8b6c-e3ac59e7e166,w2q28i1xbkk9h7v,3QC,3QC,,2026-05-18T14:35:37.360Z,2026-05-18T14:40:49.328Z,2026-05-18 17:35:37,2026-05-18 17:40:49,5,high,app_category_rules_prefix,3QC,02rvnzxutdhfenn,3QC,true,exact,,false
Nikita,ASE Direct,2,"May 18, 2026",,87c640e7-b9a8-43ea-8afe-8d59667ff1dc,ko2dil0sp6mm3gl,ASE Direct,ASE Direct,,2026-05-18T14:40:49.328Z,2026-05-18T14:43:13.143Z,2026-05-18 17:40:49,2026-05-18 17:43:13,2,high,app_category_rules_prefix,ASE Direct,4ot9tymfakk246c,ASE Direct,true,exact,,false
Nikita,AGE SOLUTIONS,12,"May 18, 2026",Update,b5d40296-a2e5-4ad7-a6e7-f406ecfc0aa2,1mgysphm8mbpcq6,AGE SOLUTIONS,AGE SOLUTIONS Update,,2026-05-18T14:43:13.143Z,2026-05-18T14:55:09.704Z,2026-05-18 17:43:13,2026-05-18 17:55:09,12,high,app_category_rules_prefix,AGE SOLUTIONS,nushprvzre8kd23,AGE SOLUTIONS,true,exact,,false
Nikita,BALL OFFICE PRODUCTS,12,"May 18, 2026",,e903f94f-b0bf-48eb-b117-8e98b66f5396,c73knfqhch5envo,BALL OFFICE PRODUCTS,BALL OFFICE PRODUCTS,,2026-05-18T14:55:09.704Z,2026-05-18T15:07:26.576Z,2026-05-18 17:55:09,2026-05-18 18:07:26,12,high,app_category_rules_prefix,BALL OFFICE PRODUCTS,18o4vipv6vv7yzz,BALL OFFICE PRODUCTS,true,exact,,false
Nikita,CARROLL WOODS,10,"May 18, 2026",,a3c08d27-e10d-402f-896c-0916fad6c530,2briovm3v8387t3,CARROLL WOODS,CARROLL WOODS,,2026-05-18T15:07:26.576Z,2026-05-18T15:17:40.783Z,2026-05-18 18:07:26,2026-05-18 18:17:40,10,high,app_category_rules_prefix,CARROLL WOODS,plebd68unzwn3nw,CARROLL WOODS,true,exact,,false
Nikita,CHAPEL HILL,6,"May 18, 2026",,4f655950-b0e2-4d8d-94ed-563840e4d2ac,3eug3yonjhs1qj4,CHAPEL HILL,CHAPEL HILL,,2026-05-18T15:17:40.783Z,2026-05-18T15:23:57.367Z,2026-05-18 18:17:40,2026-05-18 18:23:57,6,high,app_category_rules_prefix,CHAPEL HILL,m9plfw22xb411jc,CHAPEL HILL,true,exact,,false
Nikita,CULINARY DEPOT,29,"May 18, 2026",,4d7b188d-769f-497d-9f9e-7f9c28e90055,21gk7yywbycd3yr,CULINARY DEPOT,CULINARY DEPOT,,2026-05-18T15:23:57.367Z,2026-05-18T15:52:31.484Z,2026-05-18 18:23:57,2026-05-18 18:52:31,29,high,app_category_rules_prefix,CULINARY DEPOT,wxnsoopfrphiv0h,CULINARY DEPOT,true,exact,,false
Nikita,FALCON LOGIC,27,"May 18, 2026",,31d6c629-cfce-443b-aaac-264e8f05cf8c,5hqarmt05y5g7bn,FALCON LOGIC,FALCON Logic,,2026-05-18T15:52:31.484Z,2026-05-18T16:19:37.316Z,2026-05-18 18:52:31,2026-05-18 19:19:37,27,high,app_category_rules_prefix,FALCON LOGIC,a20idjj0hxfw3f9,FALCON LOGIC,true,exact,,false
Nikita,GLOBAL SOLUTIONS GROUP,3,"May 18, 2026",,573bf9ac-8688-4ab9-80f2-b96e8ed23694,lhs2e8uw8qeat8d,GLOBAL SOLUTIONS GROUP,GLOBAL SOLUTIONS GROUP,,2026-05-18T16:19:37.316Z,2026-05-18T16:23:03.734Z,2026-05-18 19:19:37,2026-05-18 19:23:03,3,high,app_category_rules_prefix,GLOBAL SOLUTIONS GROUP,bsnah0skhrjemsv,GLOBAL SOLUTIONS GROUP,true,exact,,false
Nikita,LAREDO TS,2,"May 18, 2026",,1595aeda-6eea-4873-a518-5ea4ff75af6c,5cntjngfbdvss5u,LAREDO TS,LAREDO TS,,2026-05-18T16:23:03.734Z,2026-05-18T16:24:48.326Z,2026-05-18 19:23:03,2026-05-18 19:24:48,2,high,app_category_rules_prefix,LAREDO TS,fbxx86uj001vjhc,LAREDO TS,true,exact,,false
Nikita,GLOBAL SOLUTIONS GROUP,5,"May 18, 2026",,41918543-a154-4261-9237-ad480fbec6e5,4rt9j8558x2o6bu,GLOBAL SOLUTIONS GROUP,Global solutions group,,2026-05-18T16:24:48.326Z,2026-05-18T16:29:49.950Z,2026-05-18 19:24:48,2026-05-18 19:29:49,5,high,app_category_rules_prefix,GLOBAL SOLUTIONS GROUP,bsnah0skhrjemsv,GLOBAL SOLUTIONS GROUP,true,exact,,false
Nikita,LAREDO TS,7,"May 18, 2026",,9ddfed15-b1fd-453d-8592-232f86c29103,x5318ts5p6vg7ku,LAREDO TS,LAREDO TS,,2026-05-18T16:29:49.950Z,2026-05-18T16:37:12.013Z,2026-05-18 19:29:49,2026-05-18 19:37:12,7,high,app_category_rules_prefix,LAREDO TS,fbxx86uj001vjhc,LAREDO TS,true,exact,,false
Nikita,LOGICAL MARKETING,3,"May 18, 2026",,73233f05-aca0-4c29-b351-f1d41fe205df,uslduq22u1uex2w,LOGICAL MARKETING,LOGICAL MARKETING,,2026-05-18T16:37:12.013Z,2026-05-18T16:40:34.927Z,2026-05-18 19:37:12,2026-05-18 19:40:34,3,high,app_category_rules_prefix,LOGICAL MARKETING,1n7w5wzz05saue9,LOGICAL MARKETING,true,exact,,false
Nikita,GLOBAL SOLUTIONS GROUP,10,"May 18, 2026",,4801aa87-04a1-46fb-9e6f-6833e6f68f79,ee7d9xxg8wcq5jh,GLOBAL SOLUTIONS GROUP,GLOBAL SOLUTIONS GROUP,,2026-05-18T16:40:34.927Z,2026-05-18T16:50:44.935Z,2026-05-18 19:40:34,2026-05-18 19:50:44,10,high,app_category_rules_prefix,GLOBAL SOLUTIONS GROUP,bsnah0skhrjemsv,GLOBAL SOLUTIONS GROUP,true,exact,,false
Nikita,NIS SOLUTIONS,5,"May 18, 2026",,2cda9507-902f-45f1-8c97-06468e7da0c9,ogjl1szupvpy5h9,NIS SOLUTIONS,NIS SOLUTIONS,,2026-05-18T16:50:44.935Z,2026-05-18T16:55:15.782Z,2026-05-18 19:50:44,2026-05-18 19:55:15,5,high,app_category_rules_prefix,NIS SOLUTIONS,y2w0nlmr7ohcdci,NIS SOLUTIONS,true,exact,,false
Nikita,OURARING,1,"May 18, 2026",,d1fbfdd8-604d-4bb4-b154-474cf432706f,91qy80htrzi4ew3,OURARING,OURARING,,2026-05-18T16:55:24.222Z,2026-05-18T16:56:38.607Z,2026-05-18 19:55:24,2026-05-18 19:56:38,1,high,app_category_rules_prefix,OURARING,h4xe790e955zja6,OURARING,true,exact,,false
Nikita,PARADISE PILLOW,2,"May 18, 2026",,51a200ed-064c-4c93-9a5a-d70fa2862e14,tzurw45yy48sozv,PARADISE PILLOW,PARADISE PILLOW,,2026-05-18T16:56:38.607Z,2026-05-18T16:58:20.441Z,2026-05-18 19:56:38,2026-05-18 19:58:20,2,high,app_category_rules_prefix,PARADISE PILLOW,t54ozeu448llygh,PARADISE PILLOW,true,exact,,false
Nikita,Professional Stewards Services,10,"May 18, 2026",PROFESSIONAL STEWARD GROUP,8387d918-6f5b-42fa-85ec-63ad3d971aff,3e1rcknxxu6dkpe,Professional Stewards Services,PROFESSIONAL STEWARD GROUP,,2026-05-18T16:58:20.441Z,2026-05-18T17:08:15.388Z,2026-05-18 19:58:20,2026-05-18 20:08:15,10,high,app_category_rules,Professional Stewards Services,vt733t73m0b1k0q,Professional Stewards Services,true,consecutive,,false
Nikita,RC QUARTERMASTER,21,"May 18, 2026",,1d8492f4-a725-4967-ac31-6b459f4ccde1,avn5n9iud2yd8qq,RC QUARTERMASTER,RC Quartermaster,,2026-05-18T17:08:15.388Z,2026-05-18T17:29:11.221Z,2026-05-18 20:08:15,2026-05-18 20:29:11,21,high,app_category_rules_prefix,RC QUARTERMASTER,xyqool5euy8921q,RC QUARTERMASTER,true,exact,,false
Nikita,RESICUM INTERNATIONAL,18,"May 18, 2026",,4bbd237c-975a-4fd9-b868-1303ffdd39fa,uqlc39hld2hps0u,RESICUM INTERNATIONAL,RESICUM INTERNATIONAL,,2026-05-18T17:29:11.221Z,2026-05-18T17:47:30.711Z,2026-05-18 20:29:11,2026-05-18 20:47:30,18,high,app_category_rules_prefix,RESICUM INTERNATIONAL,cyfajmbsq5oyjvp,RESICUM INTERNATIONAL,true,exact,,false
Nikita,SMBLC,13,"May 18, 2026",Call,b6a81f72-2e31-43e3-9fcd-3b6691759e15,6z94l7aeuqyk1q1,SMBLC,SMBLC Call,,2026-05-18T17:47:30.711Z,2026-05-18T18:00:49.519Z,2026-05-18 20:47:30,2026-05-18 21:00:49,13,high,app_category_rules_prefix,SMBLC,729wf5l3mlsgkqn,SMBLC,true,exact,,false
Nikita,SAITECH,11,"May 18, 2026",,0bdc5b76-e46c-45b9-9696-11e8371165f9,fwzb6wozu5yv0k7,SAITECH,SAITECH,,2026-05-18T18:00:49.519Z,2026-05-18T18:12:12.631Z,2026-05-18 21:00:49,2026-05-18 21:12:12,11,high,app_category_rules_prefix,SAITECH,0bq2ve7q5ean61p,SAITECH,true,exact,,false
Nikita,LAREDO TS,18,"May 18, 2026",CALL,9357d671-ff6e-4a5f-bc0e-d78a24edb4ee,ubfujr4iju15t1i,LAREDO TS,LAREDO TS CALL,,2026-05-18T19:00:00.000Z,2026-05-18T19:18:03.340Z,2026-05-18 22:00:00,2026-05-18 22:18:03,18,high,app_category_rules_prefix,LAREDO TS,fbxx86uj001vjhc,LAREDO TS,true,exact,,false
Nikita,SNAP,12,"May 18, 2026",,6ca363c9-8b33-4805-920d-4817d969cc40,907kavdnlwekob4,SNAP,SNAP,,2026-05-18T19:20:35.965Z,2026-05-18T19:32:44.174Z,2026-05-18 22:20:35,2026-05-18 22:32:44,12,high,app_category_rules_prefix,SNAP,7jczrrqryvq7ou7,SNAP,true,exact,,false
Nikita,SNAP,3,"May 18, 2026",,993d9e77-1ff0-4bd8-aff9-1f114df68052,8sa4cw69tx3ohak,SNAP,SNAP,,2026-05-18T19:32:52.838Z,2026-05-18T19:35:38.213Z,2026-05-18 22:32:52,2026-05-18 22:35:38,3,high,app_category_rules_prefix,SNAP,7jczrrqryvq7ou7,SNAP,true,exact,,false
Nikita,RC QUARTERMASTER,2,"May 18, 2026",,5c32e2db-4fef-461e-b235-7e66494c23d0,h2x40f2o7ruiezv,RC QUARTERMASTER,RCQ,,2026-05-18T19:35:38.213Z,2026-05-18T19:38:02.574Z,2026-05-18 22:35:38,2026-05-18 22:38:02,2,high,app_category_rules_prefix,rcq,xyqool5euy8921q,RC QUARTERMASTER,true,exact,,false
Nikita,SOLUTION ONE,4,"May 18, 2026",meeting invite,a65913ca-5719-4cb4-b40c-b64c92a52226,s5dgeix39gztoi6,SOLUTION ONE,SOLUTION ONE meeting invite,,2026-05-18T19:38:02.000Z,2026-05-18T19:42:01.429Z,2026-05-18 22:38:02,2026-05-18 22:42:01,4,high,app_category_rules_prefix,SOLUTION ONE,z7dtufl547y45bf,SOLUTION ONE,true,exact,,false
Nikita,ASE Direct,3,"May 18, 2026",,79ff1822-536c-4877-98f6-d8b1ac7df788,xaiysci66u5wkzc,ASE Direct,ASE Direct,,2026-05-18T19:42:01.429Z,2026-05-18T19:45:12.581Z,2026-05-18 22:42:01,2026-05-18 22:45:12,3,high,app_category_rules_prefix,ASE Direct,4ot9tymfakk246c,ASE Direct,true,exact,,false
Nikita,SOUTHERN COMPUTER warehouse,27,"May 18, 2026",DEL Check,cc38a83f-84cf-44cf-852c-0159cb41600e,m513q5kulqaktcc,SOUTHERN COMPUTER warehouse,SOUTHERN COMPUTER WAREHOUSE DEL Check,,2026-05-18T19:45:12.000Z,2026-05-18T20:12:29.431Z,2026-05-18 22:45:12,2026-05-18 23:12:29,27,high,app_category_rules_prefix,SOUTHERN COMPUTER warehouse,ymen8hrd84q8g0s,SOUTHERN COMPUTER warehouse,true,exact,,false
Nikita,TURNKEY CORPORATE HOUSING,5,"May 18, 2026",,6d97fa79-6418-47dc-8c55-c7acecc35f7d,z24mir2arkikevl,TURNKEY CORPORATE HOUSING,Turnkey Corporate housing,,2026-05-18T20:12:29.431Z,2026-05-18T20:17:36.173Z,2026-05-18 23:12:29,2026-05-18 23:17:36,5,high,app_category_rules_prefix,TURNKEY CORPORATE HOUSING,0fn8ovp1bshuk53,TURNKEY CORPORATE HOUSING,true,exact,,false
Nikita,WATER FILTER EXCHANGE,9,"May 18, 2026",fcp,fbbc75e4-43b1-4f0d-89f0-23e4db6871d8,z5c3wrteovjvgrv,WATER FILTER EXCHANGE,water filter exchange fcp,,2026-05-18T20:17:36.173Z,2026-05-18T20:26:19.954Z,2026-05-18 23:17:36,2026-05-18 23:26:19,9,high,app_category_rules_prefix,WATER FILTER EXCHANGE,wpb8lqjp1kohju7,WATER FILTER EXCHANGE,true,exact,,false
Nikita,CARROLL WOODS,15,"May 18, 2026",T&C Change to ARO 60 (DESC CHANGE Mod task),095a4f60-0344-4f8a-9f91-ae711692b0ab,9vtv7e0z732ala7,CARROLL WOODS,CARROLL WOODS T&C Change to ARO 60 (DESC CHANGE Mod task),,2026-05-18T20:26:19.954Z,2026-05-18T20:41:36.865Z,2026-05-18 23:26:19,2026-05-18 23:41:36,15,high,app_category_rules_prefix,CARROLL WOODS,plebd68unzwn3nw,CARROLL WOODS,true,exact,,false
Nikita,CULINARY DEPOT,9,"May 18, 2026",delete suppressed items.,e9adb237-e5aa-4997-9ff0-1b7ef46558a2,n1u5onjxchsounf,CULINARY DEPOT,Culinary Depot delete suppressed items.,,2026-05-18T20:41:36.865Z,2026-05-18T20:50:45.748Z,2026-05-18 23:41:36,2026-05-18 23:50:45,9,high,app_category_rules_prefix,CULINARY DEPOT,wxnsoopfrphiv0h,CULINARY DEPOT,true,exact,,false
Nikita,BALL OFFICE PRODUCTS,7,"May 18, 2026",Supppressed items,4392c9ca-4adf-4b78-b45a-4ad5d58ce53d,jw0e8ryxtipxv0o,BALL OFFICE PRODUCTS,BOP Supppressed items,,2026-05-18T20:50:45.748Z,2026-05-18T20:58:07.012Z,2026-05-18 23:50:45,2026-05-18 23:58:07,7,high,app_category_rules_prefix,bop,18o4vipv6vv7yzz,BALL OFFICE PRODUCTS,true,exact,,false
Nikita,LOGICAL MARKETING,45,"May 18, 2026",EPA TYPE,87ab4fe5-01fc-4dd3-b739-dd0edf88d239,49w5w9na49swjwe,LOGICAL MARKETING,LOGICAL MARKETING EPA TYPE,,2026-05-18T20:58:07.012Z,2026-05-18T21:42:59.366Z,2026-05-18 23:58:07,2026-05-19 00:42:59,45,high,app_category_rules_prefix,LOGICAL MARKETING,1n7w5wzz05saue9,LOGICAL MARKETING,true,exact,,false
Nikita,CULINARY DEPOT,26,"May 19, 2026",send a request to CO on the Novation/Change of name issue,51df2e76-acb5-42f3-b825-25935b761c2b,6x53iak99qwk6z3,CULINARY DEPOT,Culinary Depot send a request to CO on the Novation/Change of name issue,,2026-05-18T21:42:59.366Z,2026-05-18T22:09:13.538Z,2026-05-19 00:42:59,2026-05-19 01:09:13,26,high,app_category_rules_prefix,CULINARY DEPOT,wxnsoopfrphiv0h,CULINARY DEPOT,true,exact,,false
Nikita,Price Reporter,62,"May 19, 2026",Price reporter planning,c8fb74f1-4ea1-41f5-9411-1d08cc398edf,bzzir50pupkc842,Price Reporter,Price reporter planning,,2026-05-19T14:03:00.000Z,2026-05-19T15:04:49.072Z,2026-05-19 17:03:00,2026-05-19 18:04:49,62,low,price_reporter_fallback,,,,true,,,false
Nikita,SAITECH,21,"May 19, 2026",AI scrubbing,2c9354b6-5a41-44c8-8699-956d2cafd23f,futsk4gxdhj89gp,SAITECH,SAITECH AI scrubbing,,2026-05-19T15:04:49.072Z,2026-05-19T15:25:29.542Z,2026-05-19 18:04:49,2026-05-19 18:25:29,21,high,app_category_rules_prefix,SAITECH,0bq2ve7q5ean61p,SAITECH,true,exact,,false
Nikita,Price Reporter,6,"May 19, 2026",price reporter CRM,da8732a5-8c7a-480a-aae6-cf36883429b7,eq831we45cyfsv9,Price Reporter,price reporter CRM,,2026-05-19T15:25:29.542Z,2026-05-19T15:31:47.898Z,2026-05-19 18:25:29,2026-05-19 18:31:47,6,low,price_reporter_fallback,,,,true,,,false
Nikita,CULINARY DEPOT,7,"May 19, 2026",delete suppressed items.,8273bee6-008f-4c75-9833-3f35b9aeab6e,9u3xrjxl45xh13g,CULINARY DEPOT,Culinary Depot delete suppressed items.,,2026-05-19T15:31:47.898Z,2026-05-19T15:38:51.808Z,2026-05-19 18:31:47,2026-05-19 18:38:51,7,high,app_category_rules_prefix,CULINARY DEPOT,wxnsoopfrphiv0h,CULINARY DEPOT,true,exact,,false
Nikita,CARROLL WOODS,15,"May 19, 2026",T&C Change to ARO 60 (DESC CHANGE Mod task),ef0c1749-a27b-40cf-9eb7-78d3a2856a05,yi8khe1ycm7qe7r,CARROLL WOODS,CARROLL WOODS T&C Change to ARO 60 (DESC CHANGE Mod task),,2026-05-19T15:38:51.808Z,2026-05-19T15:54:19.654Z,2026-05-19 18:38:51,2026-05-19 18:54:19,15,high,app_category_rules_prefix,CARROLL WOODS,plebd68unzwn3nw,CARROLL WOODS,true,exact,,false
Nikita,CULINARY DEPOT,31,"May 19, 2026",delete suppressed items.,a526ebb8-cc61-470b-bc5a-661bb2c269b3,6lexc45cr0307j0,CULINARY DEPOT,Culinary Depot delete suppressed items.,,2026-05-19T15:54:19.654Z,2026-05-19T16:24:50.399Z,2026-05-19 18:54:19,2026-05-19 19:24:50,31,high,app_category_rules_prefix,CULINARY DEPOT,wxnsoopfrphiv0h,CULINARY DEPOT,true,exact,,false
Nikita,WATER FILTER EXCHANGE,2,"May 19, 2026",call,98dc24ab-31ed-4b98-82b7-7dbfaa048a44,g1b7ilw8x5mmmfb,WATER FILTER EXCHANGE,Water Filter Exchange call,,2026-05-19T16:24:50.399Z,2026-05-19T16:26:37.660Z,2026-05-19 19:24:50,2026-05-19 19:26:37,2,high,app_category_rules_prefix,WATER FILTER EXCHANGE,wpb8lqjp1kohju7,WATER FILTER EXCHANGE,true,exact,,false
Nikita,LAREDO TS,34,"May 19, 2026",MAS SIN ADD process and send out to the client + CRM projects divide,d5445df1-d9da-4af7-9c75-3a0669b61d33,bdwt89hgxt0p9ik,LAREDO TS,LAREDO TS MAS SIN ADD process and send out to the client + CRM projects divide,,2026-05-19T16:26:37.660Z,2026-05-19T17:01:01.486Z,2026-05-19 19:26:37,2026-05-19 20:01:01,34,high,app_category_rules_prefix,LAREDO TS,fbxx86uj001vjhc,LAREDO TS,true,exact,,false
Nikita,WATER FILTER EXCHANGE,29,"May 19, 2026",call,c490ef6d-81c8-463b-8919-22daf2a28dfc,davzrzefn1qlcwu,WATER FILTER EXCHANGE,Water Filter Exchange call,,2026-05-19T17:01:01.486Z,2026-05-19T17:30:21.100Z,2026-05-19 20:01:01,2026-05-19 20:30:21,29,high,app_category_rules_prefix,WATER FILTER EXCHANGE,wpb8lqjp1kohju7,WATER FILTER EXCHANGE,true,exact,,false
Nikita,LAREDO TS,17,"May 19, 2026",MAS SIN ADD process and send out to the client + CRM projects divide,b471ec8d-13c3-41b8-b74a-17d77a15da57,8m039lcd1oqgkk0,LAREDO TS,LAREDO TS MAS SIN ADD process and send out to the client + CRM projects divide,,2026-05-19T17:30:21.100Z,2026-05-19T17:47:43.782Z,2026-05-19 20:30:21,2026-05-19 20:47:43,17,high,app_category_rules_prefix,LAREDO TS,fbxx86uj001vjhc,LAREDO TS,true,exact,,false
Nikita,SMBLC,28,"May 19, 2026",send out Novation emails,38991a5f-12a4-4d22-a0a4-4abee499fd05,u8557rthm7hqi0f,SMBLC,SMBLC send out Novation emails,,2026-05-19T17:47:43.782Z,2026-05-19T18:15:29.533Z,2026-05-19 20:47:43,2026-05-19 21:15:29,28,high,app_category_rules_prefix,SMBLC,729wf5l3mlsgkqn,SMBLC,true,exact,,false
Nikita,Price Reporter,123,"May 19, 2026",Inna PROPT,f999145f-7811-429d-8b40-cd41e8bd5e65,wrbald6kbqjlag3,Price Reporter,Inna PROPT,,2026-05-19T18:15:29.533Z,2026-05-19T20:18:43.062Z,2026-05-19 21:15:29,2026-05-19 23:18:43,123,low,price_reporter_fallback,,,,true,,,false
Nikita,SAITECH,4,"May 19, 2026",Call,e3f0414f-2c88-4054-b085-98b60ac64150,q38up53xw12a1dw,SAITECH,SAITECH Call,,2026-05-19T20:18:43.062Z,2026-05-19T20:22:52.527Z,2026-05-19 23:18:43,2026-05-19 23:22:52,4,high,app_category_rules_prefix,SAITECH,0bq2ve7q5ean61p,SAITECH,true,exact,,false
Nikita,ASE Direct,14,"May 19, 2026",Authorized Negotiator check,fcd46fac-c3cb-432b-a0af-7a3f9fffa26a,mb0zpnyhzrm2vtz,ASE Direct,ASE Direct Authorized Negotiator check,,2026-05-19T20:22:52.527Z,2026-05-19T20:36:42.586Z,2026-05-19 23:22:52,2026-05-19 23:36:42,14,high,app_category_rules_prefix,ASE Direct,4ot9tymfakk246c,ASE Direct,true,exact,,false
Nikita,GLOBAL SOLUTIONS GROUP,4,"May 19, 2026",Sellers Profile check,0b1adb4d-5c89-407a-894e-bdd9a6095f42,rxsyfuq988f0gpv,GLOBAL SOLUTIONS GROUP,Global SOlutions Group Sellers Profile check,,2026-05-19T20:36:42.586Z,2026-05-19T20:40:22.350Z,2026-05-19 23:36:42,2026-05-19 23:40:22,4,high,app_category_rules_prefix,GLOBAL SOLUTIONS GROUP,bsnah0skhrjemsv,GLOBAL SOLUTIONS GROUP,true,exact,,false
Nikita,ASE Direct,10,"May 19, 2026",Authorized Negotiator check,4ac3f2cf-ddec-456b-96a4-1e2b30c65a78,feko0i5kxzneic0,ASE Direct,ASE Direct Authorized Negotiator check,,2026-05-19T20:40:22.350Z,2026-05-19T20:50:09.493Z,2026-05-19 23:40:22,2026-05-19 23:50:09,10,high,app_category_rules_prefix,ASE Direct,4ot9tymfakk246c,ASE Direct,true,exact,,false
Nikita,CULINARY DEPOT,15,"May 19, 2026",agree on the email to CO and send,a2194385-847d-442b-8f34-56545e719d5a,hj5p4303qykkqgs,CULINARY DEPOT,Culinary Depot agree on the email to CO and send,,2026-05-19T20:50:09.493Z,2026-05-19T21:04:44.617Z,2026-05-19 23:50:09,2026-05-20 00:04:44,15,high,app_category_rules_prefix,CULINARY DEPOT,wxnsoopfrphiv0h,CULINARY DEPOT,true,exact,,false
Nikita,LAREDO TS,96,"May 20, 2026",MAS SIN ADD process and send out to the client + CRM projects divide,b09bdbce-5954-45c7-a055-064225ac17f6,x6w1t1slfopfgx4,LAREDO TS,LAREDO TS MAS SIN ADD process and send out to the client + CRM projects divide,,2026-05-19T21:04:44.617Z,2026-05-19T22:41:05.724Z,2026-05-20 00:04:44,2026-05-20 01:41:05,96,high,app_category_rules_prefix,LAREDO TS,fbxx86uj001vjhc,LAREDO TS,true,exact,,false
Nikita,Price Reporter,3,"May 20, 2026",Price reporter planning,e7426071-45f0-4dd5-807f-c1a29cd97e4e,crrs3shhost5jp0,Price Reporter,Price reporter planning,,2026-05-20T13:43:09.642Z,2026-05-20T13:46:18.858Z,2026-05-20 16:43:09,2026-05-20 16:46:18,3,low,price_reporter_fallback,,,,true,,,false
Nikita,SMBLC,14,"May 20, 2026",communication,5d7e67cd-85a7-4669-ba53-d99ae3e89248,omgf9c42bwtaqgl,SMBLC,SMBLC communication,,2026-05-20T13:46:18.858Z,2026-05-20T14:00:41.425Z,2026-05-20 16:46:18,2026-05-20 17:00:41,14,high,app_category_rules_prefix,SMBLC,729wf5l3mlsgkqn,SMBLC,true,exact,,false
Nikita,CULINARY DEPOT,29,"May 20, 2026",,bc4cd9f8-e12f-450b-81c7-ba7b138d8795,x41ycs9jafgm0f0,CULINARY DEPOT,Culinary Depot,,2026-05-20T14:00:41.425Z,2026-05-20T14:29:36.665Z,2026-05-20 17:00:41,2026-05-20 17:29:36,29,high,app_category_rules_prefix,CULINARY DEPOT,wxnsoopfrphiv0h,CULINARY DEPOT,true,exact,,false
Nikita,SOLUTION ONE,21,"May 20, 2026",Authorized Negotiator,2519808c-223e-43e3-8182-501331e4d791,n2jpdq3we1x77tw,SOLUTION ONE,1Sol Authorized Negotiator,,2026-05-20T14:29:36.665Z,2026-05-20T14:50:31.445Z,2026-05-20 17:29:36,2026-05-20 17:50:31,21,high,app_category_rules_prefix,1sol,z7dtufl547y45bf,SOLUTION ONE,true,exact,,false
Nikita,LAREDO TS,1,"May 20, 2026",LAREDO VA EPA Check T&C online,212a3a59-144d-436e-a34e-9d38cdb15a20,dlze82xvm44xk1m,LAREDO TS,LAREDO VA EPA Check T&C online,,2026-05-20T14:50:31.445Z,2026-05-20T14:51:50.037Z,2026-05-20 17:50:31,2026-05-20 17:51:50,1,high,app_category_rules,LAREDO TS,fbxx86uj001vjhc,LAREDO TS,true,consecutive,,false
Nikita,LAREDO TS,9,"May 20, 2026",LAREDIO TS VA ADD,ea714e2b-0093-4aff-b70c-f59e3764621b,ounw8rxeh086tak,LAREDO TS,LAREDIO TS VA ADD,,2026-05-20T14:51:50.037Z,2026-05-20T15:00:25.886Z,2026-05-20 17:51:50,2026-05-20 18:00:25,9,high,app_category_rules,LAREDO TS,fbxx86uj001vjhc,LAREDO TS,true,fuzzy,,false
Nikita,Price Reporter,65,"May 20, 2026",Case Study,da331fea-cad8-4c2b-80a6-d0837f4fe4fd,gt4ut9nl6qxlu8l,Price Reporter,Case Study,,2026-05-20T15:00:25.886Z,2026-05-20T16:05:52.850Z,2026-05-20 18:00:25,2026-05-20 19:05:52,65,low,price_reporter_fallback,,,,true,,,false
Nikita,LAREDO TS,2,"May 20, 2026",CALL,83c455e5-1a2f-465a-809d-1cab9acf92d2,jakf4mi7ixb5yno,LAREDO TS,LAREDO TS CALL,,2026-05-20T16:05:52.850Z,2026-05-20T16:07:44.999Z,2026-05-20 19:05:52,2026-05-20 19:07:44,2,high,app_category_rules_prefix,LAREDO TS,fbxx86uj001vjhc,LAREDO TS,true,exact,,false
Nikita,SAITECH,18,"May 20, 2026",DEL submit,6cf77e62-0e3a-493f-b16e-5133a2eaf2e1,rev6ht5pnsj8hgk,SAITECH,SAITECH DEL submit,,2026-05-20T16:07:44.999Z,2026-05-20T16:25:53.776Z,2026-05-20 19:07:44,2026-05-20 19:25:53,18,high,app_category_rules_prefix,SAITECH,0bq2ve7q5ean61p,SAITECH,true,exact,,false
Nikita,WATER FILTER EXCHANGE,10,"May 20, 2026",ADD CRM tasks,9ad73963-96b9-4fc1-a16c-0b02e6ac9d39,bi4kyzjbsj0lnsb,WATER FILTER EXCHANGE,WFX ADD CRM tasks,,2026-05-20T16:25:53.776Z,2026-05-20T16:36:12.042Z,2026-05-20 19:25:53,2026-05-20 19:36:12,10,high,app_category_rules_prefix,wfx,wpb8lqjp1kohju7,WATER FILTER EXCHANGE,true,exact,,false
Nikita,SAITECH,12,"May 20, 2026",DEL submit,097b730e-9359-477d-8e65-31122c5654ba,z00lh5f1hc0icvt,SAITECH,SAITECH DEL submit,,2026-05-20T16:36:12.042Z,2026-05-20T16:48:38.789Z,2026-05-20 19:36:12,2026-05-20 19:48:38,12,high,app_category_rules_prefix,SAITECH,0bq2ve7q5ean61p,SAITECH,true,exact,,false
Nikita,LAREDO TS,71,"May 20, 2026",LAREDIO TS VA ADD,d1aacdba-a92d-4c23-8894-d51db8d6f68a,fq1hoars2pq2e7a,LAREDO TS,LAREDIO TS VA ADD,,2026-05-20T16:48:43.000Z,2026-05-20T18:00:00.000Z,2026-05-20 19:48:43,2026-05-20 21:00:00,71,high,app_category_rules,LAREDO TS,fbxx86uj001vjhc,LAREDO TS,true,fuzzy,,false
Nikita,SOLUTION ONE,60,"May 20, 2026",Call,ff448709-c7e0-4d14-8ea8-574c0f0bdd88,b0eawe30iknmx25,SOLUTION ONE,1Sol Call,,2026-05-20T18:00:00.000Z,2026-05-20T19:00:00.000Z,2026-05-20 21:00:00,2026-05-20 22:00:00,60,high,app_category_rules_prefix,1sol,z7dtufl547y45bf,SOLUTION ONE,true,exact,,false
Nikita,LAREDO TS,6,"May 20, 2026",CALL,e4ec1e4e-0968-4479-9ec5-ba3105998f99,hkh3vmy8pbswg13,LAREDO TS,LAREDO TS CALL,,2026-05-20T19:20:28.357Z,2026-05-20T19:26:28.276Z,2026-05-20 22:20:28,2026-05-20 22:26:28,6,high,app_category_rules_prefix,LAREDO TS,fbxx86uj001vjhc,LAREDO TS,true,exact,,false
Nikita,SOUTHERN COMPUTER warehouse,10,"May 20, 2026",Check CO reply,7ba13184-3ce1-4115-88eb-1157678cd64f,a946wa407ixhid0,SOUTHERN COMPUTER warehouse,SCW Check CO reply,,2026-05-20T19:27:02.336Z,2026-05-20T19:37:19.931Z,2026-05-20 22:27:02,2026-05-20 22:37:19,10,high,app_category_rules_prefix,scw,ymen8hrd84q8g0s,SOUTHERN COMPUTER warehouse,true,exact,,false
Nikita,LAREDO TS,4,"May 20, 2026",LAREDO VA EPA Check T&C online,654e72b5-d882-427b-9cf2-42b998c02de2,e8i28sw954ewyeu,LAREDO TS,LAREDO VA EPA Check T&C online,,2026-05-20T19:37:19.931Z,2026-05-20T19:41:04.225Z,2026-05-20 22:37:19,2026-05-20 22:41:04,4,high,app_category_rules,LAREDO TS,fbxx86uj001vjhc,LAREDO TS,true,consecutive,,false
Nikita,SAITECH,9,"May 20, 2026",SAITTECH DEL Out of scopr reply,d8ceeaf0-10ad-4715-8066-f72d09a45354,hzfpsidevw1ktko,SAITECH,SAITTECH DEL Out of scopr reply,,2026-05-20T19:41:04.225Z,2026-05-20T19:49:52.709Z,2026-05-20 22:41:04,2026-05-20 22:49:52,9,high,app_category_rules,SAITECH,0bq2ve7q5ean61p,SAITECH,true,fuzzy,,false
Nikita,SAITECH,28,"May 20, 2026",ETS check prohibited items,79062c03-0a6d-4456-b494-5ae074bec000,fg7d3i406rqcedv,SAITECH,SAITECH ETS check prohibited items,,2026-05-20T19:49:52.709Z,2026-05-20T20:17:26.691Z,2026-05-20 22:49:52,2026-05-20 23:17:26,28,high,app_category_rules_prefix,SAITECH,0bq2ve7q5ean61p,SAITECH,true,exact,,false
Nikita,LAREDO TS,109,"May 20, 2026",CALL,c02c2fdb-ab2b-4d0a-8af1-bacd2751797b,1w7r0t57c01atpr,LAREDO TS,LAREDO TS CALL,,2026-05-20T20:17:26.691Z,2026-05-20T22:06:25.068Z,2026-05-20 23:17:26,2026-05-21 01:06:25,109,high,app_category_rules_prefix,LAREDO TS,fbxx86uj001vjhc,LAREDO TS,true,exact,,false
Nikita,SAITECH,5,"May 21, 2026",DEL submit,2b8cbc9e-c92f-440f-b847-1d057ebfb24a,l1fv9ps5mc1yft2,SAITECH,SAITECH DEL submit,,2026-05-20T22:06:25.068Z,2026-05-20T22:11:29.803Z,2026-05-21 01:06:25,2026-05-21 01:11:29,5,high,app_category_rules_prefix,SAITECH,0bq2ve7q5ean61p,SAITECH,true,exact,,false
Nikita,OURARING,24,"May 21, 2026",Address change submit,48350206-5ea2-450c-95b6-5840518faa59,3phiydwm5x1dlda,OURARING,OURARING Address change submit,,2026-05-20T22:11:29.803Z,2026-05-20T22:35:10.715Z,2026-05-21 01:11:29,2026-05-21 01:35:10,24,high,app_category_rules_prefix,OURARING,h4xe790e955zja6,OURARING,true,exact,,false
Nikita,CARROLL WOODS,4,"May 21, 2026",ADD SIN Handle,d6bf309f-c402-4507-afb3-fc009d97b360,2m2853n3ajohmgx,CARROLL WOODS,CARROLL WOODS ADD SIN Handle,,2026-05-20T22:35:10.715Z,2026-05-20T22:38:44.954Z,2026-05-21 01:35:10,2026-05-21 01:38:44,4,high,app_category_rules_prefix,CARROLL WOODS,plebd68unzwn3nw,CARROLL WOODS,true,exact,,false
Nikita,LAREDO TS,30,"May 21, 2026",LAREDIO TS VA ADD,83580abd-7caa-4c73-988e-d96cfaa56fbe,l8be9dppo72rouc,LAREDO TS,LAREDIO TS VA ADD,,2026-05-20T22:38:44.954Z,2026-05-20T23:08:55.885Z,2026-05-21 01:38:44,2026-05-21 02:08:55,30,high,app_category_rules,LAREDO TS,fbxx86uj001vjhc,LAREDO TS,true,fuzzy,,false
Nikita,Price Reporter,17,"May 26, 2026",price reporter planning,d8fe94a0-a531-4a58-905a-b21b59cf26b5,6uz83l95oo3zst0,Price Reporter,price reporter planning,,2026-05-26T13:04:17.786Z,2026-05-26T13:20:59.295Z,2026-05-26 16:04:17,2026-05-26 16:20:59,17,low,price_reporter_fallback,,,,true,,,false
Nikita,GLOBAL SOLUTIONS GROUP,15,"May 26, 2026",answer,a769b6b4-1623-4f5d-a765-fb58263f3d80,m8g88s1ncv5lzy1,GLOBAL SOLUTIONS GROUP,Global Solutions Group answer,,2026-05-26T13:21:09.935Z,2026-05-26T13:36:35.207Z,2026-05-26 16:21:09,2026-05-26 16:36:35,15,high,app_category_rules_prefix,GLOBAL SOLUTIONS GROUP,bsnah0skhrjemsv,GLOBAL SOLUTIONS GROUP,true,exact,,false
Nikita,Price Reporter,9,"May 26, 2026",Price Reporter planning,82fd7338-0a66-455b-94cd-22e29a02f1fd,t76dfugq8bkult4,Price Reporter,Price Reporter planning,,2026-05-26T13:36:35.207Z,2026-05-26T13:45:57.381Z,2026-05-26 16:36:35,2026-05-26 16:45:57,9,low,price_reporter_fallback,,,,true,,,false
Nikita,RESICUM INTERNATIONAL,7,"May 26, 2026",,c6ad78a8-4745-41df-9072-b4a5f89c07e0,x1ns9l29u8nieo3,RESICUM INTERNATIONAL,RESICUM,,2026-05-26T13:45:57.381Z,2026-05-26T13:52:30.519Z,2026-05-26 16:45:57,2026-05-26 16:52:30,7,high,app_category_rules_prefix,resicum,cyfajmbsq5oyjvp,RESICUM INTERNATIONAL,true,exact,,false
Nikita,3QC,2,"May 26, 2026",Check,0ba0c419-22c9-4d60-a1b2-3a78a1e1f9c1,5yczg7xpcwhmotj,3QC,3QC Check,,2026-05-26T13:52:30.519Z,2026-05-26T13:54:41.135Z,2026-05-26 16:52:30,2026-05-26 16:54:41,2,high,app_category_rules_prefix,3QC,02rvnzxutdhfenn,3QC,true,exact,,false
Nikita,ASE Direct,35,"May 26, 2026",,ac7d0336-e607-462b-ba33-9c02e9bb9e3e,gr9xy4g996l6ahj,ASE Direct,ASE Direct,,2026-05-26T13:54:41.000Z,2026-05-26T14:30:00.000Z,2026-05-26 16:54:41,2026-05-26 17:30:00,35,high,app_category_rules_prefix,ASE Direct,4ot9tymfakk246c,ASE Direct,true,exact,,false
Nikita,LAREDO TS,61,"May 26, 2026",call,036cc71d-3649-4fe5-b90f-9383489cd24e,xi3ex345yhku60w,LAREDO TS,laredo ts call,,2026-05-26T14:30:00.000Z,2026-05-26T15:30:50.000Z,2026-05-26 17:30:00,2026-05-26 18:30:50,61,high,app_category_rules_prefix,LAREDO TS,fbxx86uj001vjhc,LAREDO TS,true,exact,,false
Nikita,TURNKEY CORPORATE HOUSING,10,"May 26, 2026",,8e40ff8d-cc09-43a0-927e-79eb43231a84,v9743jazgz4tbvi,TURNKEY CORPORATE HOUSING,turnkey corporate housing,,2026-05-26T15:30:50.678Z,2026-05-26T15:41:02.933Z,2026-05-26 18:30:50,2026-05-26 18:41:02,10,high,app_category_rules_prefix,TURNKEY CORPORATE HOUSING,0fn8ovp1bshuk53,TURNKEY CORPORATE HOUSING,true,exact,,false
Nikita,WATER FILTER EXCHANGE,16,"May 26, 2026",,e2edf75b-7b0c-43ec-bba5-b33ecfa6c269,kvt8g78mizqpxpz,WATER FILTER EXCHANGE,WFX,,2026-05-26T15:41:02.933Z,2026-05-26T15:57:04.070Z,2026-05-26 18:41:02,2026-05-26 18:57:04,16,high,app_category_rules_prefix,wfx,wpb8lqjp1kohju7,WATER FILTER EXCHANGE,true,exact,,false
Nikita,LAREDO TS,9,"May 26, 2026",,14ec3efb-8932-478f-be3a-a46083f0bfbc,09oeab3p9n2xt69,LAREDO TS,LAREDO TS,,2026-05-26T15:57:04.070Z,2026-05-26T16:05:54.557Z,2026-05-26 18:57:04,2026-05-26 19:05:54,9,high,app_category_rules_prefix,LAREDO TS,fbxx86uj001vjhc,LAREDO TS,true,exact,,false
Nikita,SOUTHERN COMPUTER warehouse,11,"May 26, 2026",,fa2fe967-6323-4fb6-8ab7-817a64260416,b08a97lumg4dhb9,SOUTHERN COMPUTER warehouse,SCW,,2026-05-26T16:05:54.557Z,2026-05-26T16:17:01.830Z,2026-05-26 19:05:54,2026-05-26 19:17:01,11,high,app_category_rules_prefix,scw,ymen8hrd84q8g0s,SOUTHERN COMPUTER warehouse,true,exact,,false
Nikita,RESICUM INTERNATIONAL,16,"May 26, 2026",,29535589-16da-42cf-bf15-de4d73faf177,45h195kyljp8kir,RESICUM INTERNATIONAL,resicum,,2026-05-26T16:17:01.830Z,2026-05-26T16:33:02.997Z,2026-05-26 19:17:01,2026-05-26 19:33:02,16,high,app_category_rules_prefix,resicum,cyfajmbsq5oyjvp,RESICUM INTERNATIONAL,true,exact,,false
Nikita,OURARING,1,"May 26, 2026",,018e3bd8-3b8a-49d9-b4f8-87f9fc4d3b9a,plsndphga94p0ba,OURARING,OURARING,,2026-05-26T16:33:02.997Z,2026-05-26T16:33:37.366Z,2026-05-26 19:33:02,2026-05-26 19:33:37,1,high,app_category_rules_prefix,OURARING,h4xe790e955zja6,OURARING,true,exact,,false
Nikita,Professional Stewards Services,8,"May 26, 2026",,7ca858c9-9f3f-4559-aa64-71a34f87f087,zlee58o0sxr4ie3,Professional Stewards Services,PROFESSIONAL STEWARDS SERVICES,,2026-05-26T16:33:37.366Z,2026-05-26T16:41:49.462Z,2026-05-26 19:33:37,2026-05-26 19:41:49,8,high,app_category_rules_prefix,Professional Stewards Services,vt733t73m0b1k0q,Professional Stewards Services,true,exact,,false
Nikita,SNAP,11,"May 26, 2026",tdr,9a44fd9f-5e0b-40df-b8cd-ec07503ac6f4,70kc0bmqn8t1ihc,SNAP,SNAP tdr,,2026-05-26T16:41:49.000Z,2026-05-26T16:53:09.231Z,2026-05-26 19:41:49,2026-05-26 19:53:09,11,high,app_category_rules_prefix,SNAP,7jczrrqryvq7ou7,SNAP,true,exact,,false
Nikita,SOUTHERN COMPUTER warehouse,12,"May 26, 2026",TDR,5680608e-ced3-40f8-a966-51df347142fc,xrs37jmbl49hrkt,SOUTHERN COMPUTER warehouse,SCW TDR,,2026-05-26T16:53:09.000Z,2026-05-26T17:05:00.000Z,2026-05-26 19:53:09,2026-05-26 20:05:00,12,high,app_category_rules_prefix,scw,ymen8hrd84q8g0s,SOUTHERN COMPUTER warehouse,true,exact,,false
Nikita,SINGULARITY SG,33,"May 26, 2026",,ad382cd7-e86a-4315-a551-6201886dacca,rgq7nhu7wo0nt5r,SINGULARITY SG,Singularity SG,,2026-05-26T17:05:00.000Z,2026-05-26T17:38:05.659Z,2026-05-26 20:05:00,2026-05-26 20:38:05,33,high,app_category_rules_prefix,SINGULARITY SG,czvhh5giqeiu4lk,SINGULARITY SG,true,exact,,false
Nikita,CARROLL WOODS,89,"May 26, 2026",ADD SIN,60f0e691-3d82-499b-ba7f-b2d939e8a3bd,m07gafa9su0ahgv,CARROLL WOODS,CARROLL WOODS ADD SIN,,2026-05-26T17:40:58.006Z,2026-05-26T19:09:41.234Z,2026-05-26 20:40:58,2026-05-26 22:09:41,89,high,app_category_rules_prefix,CARROLL WOODS,plebd68unzwn3nw,CARROLL WOODS,true,exact,,false
Nikita,RC QUARTERMASTER,13,"May 26, 2026",sales reportinh,53e16498-0094-43e4-85f3-023ad1167e72,33bhtc764r75s62,RC QUARTERMASTER,RC Quartermaster sales reportinh,,2026-05-26T19:09:41.234Z,2026-05-26T19:23:05.901Z,2026-05-26 22:09:41,2026-05-26 22:23:05,13,high,app_category_rules_prefix,RC QUARTERMASTER,xyqool5euy8921q,RC QUARTERMASTER,true,exact,,false
Nikita,BALL OFFICE PRODUCTS,22,"May 26, 2026",Sales reporting,4d8d7be7-c63d-4da6-bf67-d69b55cea1e4,vydi88zfqalkkk6,BALL OFFICE PRODUCTS,BOP Sales reporting,,2026-05-26T19:23:05.000Z,2026-05-26T19:45:00.000Z,2026-05-26 22:23:05,2026-05-26 22:45:00,22,high,app_category_rules_prefix,bop,18o4vipv6vv7yzz,BALL OFFICE PRODUCTS,true,exact,,false
Nikita,SMBLC,45,"May 26, 2026",Novation,c71851a9-6b1f-4e62-b7c7-ffed22ca4cb8,6d19azit7d6jav2,SMBLC,SMBLC Novation,,2026-05-26T19:45:00.000Z,2026-05-26T20:29:55.259Z,2026-05-26 22:45:00,2026-05-26 23:29:55,45,high,app_category_rules_prefix,SMBLC,729wf5l3mlsgkqn,SMBLC,true,exact,,false
Nikita,CULINARY DEPOT,12,"May 26, 2026",,c0fa43c1-2e66-43cd-aae8-269eb99fe21e,g21ylgan1nefkuq,CULINARY DEPOT,Culinary Depot,,2026-05-26T20:29:55.259Z,2026-05-26T20:42:06.828Z,2026-05-26 23:29:55,2026-05-26 23:42:06,12,high,app_category_rules_prefix,CULINARY DEPOT,wxnsoopfrphiv0h,CULINARY DEPOT,true,exact,,false
Nikita,CARROLL WOODS,620,"May 26, 2026",DESC CHANGE,5c421991-9a72-47be-ab84-fd036bb88293,dwbo2zlkl93ijj8,CARROLL WOODS,CARROLL WOODS DESC CHANGE,,2026-05-26T20:42:06.828Z,2026-05-27T07:01:37.532Z,2026-05-26 23:42:06,2026-05-27 10:01:37,620,high,app_category_rules_prefix,CARROLL WOODS,plebd68unzwn3nw,CARROLL WOODS,true,exact,,false
Nikita,Price Reporter,60,"May 27, 2026",Price reporter plannin,efd10004-3802-4100-b4f3-f73c87452097,uz00m3jtvfrujws,Price Reporter,Price reporter plannin,,2026-05-27T13:02:00.000Z,2026-05-27T14:02:22.000Z,2026-05-27 16:02:00,2026-05-27 17:02:22,60,low,price_reporter_fallback,,,,true,,,false
Nikita,RESICUM INTERNATIONAL,11,"May 27, 2026",answer,777fdc19-2d4e-4c1f-ba4b-f2b5f246986e,kdehrw4bd7nxcoh,RESICUM INTERNATIONAL,RESICUM answer,,2026-05-27T14:02:22.641Z,2026-05-27T14:13:09.032Z,2026-05-27 17:02:22,2026-05-27 17:13:09,11,high,app_category_rules_prefix,resicum,cyfajmbsq5oyjvp,RESICUM INTERNATIONAL,true,exact,,false
Nikita,CULINARY DEPOT,3,"May 27, 2026",Call organization,64b02585-9b83-4283-ae76-3f12850f0098,8okjj8iyylqvmzk,CULINARY DEPOT,CULINARY DEPOT Call organization,,2026-05-27T14:13:09.032Z,2026-05-27T14:16:31.330Z,2026-05-27 17:13:09,2026-05-27 17:16:31,3,high,app_category_rules_prefix,CULINARY DEPOT,wxnsoopfrphiv0h,CULINARY DEPOT,true,exact,,false
Nikita,CARROLL WOODS,20,"May 27, 2026",CARROL INTERNATIONAL ADD SIN,51207f20-9399-44c0-b91a-68ade2c2ed17,2sxkmdyyo59b800,CARROLL WOODS,CARROL INTERNATIONAL ADD SIN,,2026-05-27T14:16:31.330Z,2026-05-27T14:36:18.991Z,2026-05-27 17:16:31,2026-05-27 17:36:18,20,high,app_category_rules,CARROLL WOODS,plebd68unzwn3nw,CARROLL WOODS,true,consecutive,,false
Nikita,LAREDO TS,30,"May 27, 2026",LAREDI TS CALL,e0e6e1ac-6ee6-4ed6-8040-412b0aacaca7,5ar2xoowyo1q3hi,LAREDO TS,LAREDI TS CALL,,2026-05-27T14:36:18.991Z,2026-05-27T15:06:25.331Z,2026-05-27 17:36:18,2026-05-27 18:06:25,30,high,app_category_rules,LAREDO TS,fbxx86uj001vjhc,LAREDO TS,true,fuzzy,,false
Nikita,SOLUTION ONE,68,"May 27, 2026",FCP,77a70faa-613b-436e-8c68-d61aaa850954,6s0h13uc6pcu62j,SOLUTION ONE,SOLUTION ONE FCP,,2026-05-27T15:06:25.331Z,2026-05-27T16:14:24.345Z,2026-05-27 18:06:25,2026-05-27 19:14:24,68,high,app_category_rules_prefix,SOLUTION ONE,z7dtufl547y45bf,SOLUTION ONE,true,exact,,false
Nikita,WATER FILTER EXCHANGE,18,"May 27, 2026",Sales reporting,0a380d5d-f150-4d21-8c1a-66cb8cf177af,lwo6vlkdwqa74l6,WATER FILTER EXCHANGE,WFX Sales reporting,,2026-05-27T16:14:24.345Z,2026-05-27T16:32:19.482Z,2026-05-27 19:14:24,2026-05-27 19:32:19,18,high,app_category_rules_prefix,wfx,wpb8lqjp1kohju7,WATER FILTER EXCHANGE,true,exact,,false
Nikita,SINGULARITY SG,48,"May 27, 2026",SErvice plus file ADD SIN,a94b9b1d-2094-4b56-a06e-f7d5ac7472cb,r5f4b4hjbgufqnu,SINGULARITY SG,SINGULARITY SG SErvice plus file ADD SIN,,2026-05-27T16:32:19.482Z,2026-05-27T17:19:49.719Z,2026-05-27 19:32:19,2026-05-27 20:19:49,48,high,app_category_rules_prefix,SINGULARITY SG,czvhh5giqeiu4lk,SINGULARITY SG,true,exact,,false
Nikita,Price Reporter,33,"May 27, 2026",Check all sales reports,4d72306d-6cb0-48a2-9cbc-c69ae3d03426,j63lam9ebb7v1a9,Price Reporter,Check all sales reports,,2026-05-27T17:19:58.576Z,2026-05-27T17:53:05.556Z,2026-05-27 20:19:58,2026-05-27 20:53:05,33,low,price_reporter_fallback,,,,true,,,false
Nikita,LAREDO TS,137,"May 27, 2026",CALL,a2c31c37-98dd-4a9a-ab68-8fd61e6115b4,nzsybp1bmz2xkpn,LAREDO TS,LAREDO TS CALL,,2026-05-27T17:53:05.000Z,2026-05-27T20:10:00.000Z,2026-05-27 20:53:05,2026-05-27 23:10:00,137,high,app_category_rules_prefix,LAREDO TS,fbxx86uj001vjhc,LAREDO TS,true,exact,,false
Nikita,SINGULARITY SG,49,"May 27, 2026",,479f69fa-5634-4623-afe1-e0d86914493d,wobspsilzwznyv9,SINGULARITY SG,Singularity SG,,2026-05-27T20:11:00.000Z,2026-05-27T21:00:00.000Z,2026-05-27 23:11:00,2026-05-28 00:00:00,49,high,app_category_rules_prefix,SINGULARITY SG,czvhh5giqeiu4lk,SINGULARITY SG,true,exact,,false
Nikita,RESICUM INTERNATIONAL,16,"May 28, 2026",REICUM EPA type,a3a9d190-5fe1-4bff-b650-185bbbd13f7c,l1qqt9ghh645381,RESICUM INTERNATIONAL,REICUM EPA type,,2026-05-27T21:00:00.000Z,2026-05-27T21:16:24.971Z,2026-05-28 00:00:00,2026-05-28 00:16:24,16,high,app_category_rules,RESICUM INTERNATIONAL,cyfajmbsq5oyjvp,RESICUM INTERNATIONAL,true,fuzzy,,false
Nikita,Price Reporter,57,"May 28, 2026",price reporter planning,511b8f8d-36d6-4dc9-8168-66017dad4825,gclx32q3tj3u93h,Price Reporter,price reporter planning,,2026-05-28T13:04:33.488Z,2026-05-28T14:02:02.224Z,2026-05-28 16:04:33,2026-05-28 17:02:02,57,low,price_reporter_fallback,,,,true,,,false
Nikita,RESICUM INTERNATIONAL,31,"May 28, 2026",,dbc79629-0e9b-4c8e-8acf-07c6cce8f3e4,o6p42f2uqc29j73,RESICUM INTERNATIONAL,resicum,,2026-05-28T14:02:02.224Z,2026-05-28T14:32:42.727Z,2026-05-28 17:02:02,2026-05-28 17:32:42,31,high,app_category_rules_prefix,resicum,cyfajmbsq5oyjvp,RESICUM INTERNATIONAL,true,exact,,false
Nikita,SINGULARITY SG,194,"May 28, 2026",,ac486536-72ff-4bb3-a652-496d80f85b1b,hyaws2p0hmm7anb,SINGULARITY SG,Singularity SG,,2026-05-28T14:32:42.727Z,2026-05-28T17:46:20.180Z,2026-05-28 17:32:42,2026-05-28 20:46:20,194,high,app_category_rules_prefix,SINGULARITY SG,czvhh5giqeiu4lk,SINGULARITY SG,true,exact,,false
Nikita,GLOBAL SOLUTIONS GROUP,27,"May 28, 2026",FCP Trasnition,13ace4b6-9ca9-4b21-a966-704f50161528,7685g4mj07yvuya,GLOBAL SOLUTIONS GROUP,GLOBAL SOLUTIONS GROUP FCP Trasnition,,2026-05-28T17:46:20.000Z,2026-05-28T18:13:00.065Z,2026-05-28 20:46:20,2026-05-28 21:13:00,27,high,app_category_rules_prefix,GLOBAL SOLUTIONS GROUP,bsnah0skhrjemsv,GLOBAL SOLUTIONS GROUP,true,exact,,false
Nikita,SINGULARITY SG,76,"May 28, 2026",,0841fe13-9d77-4d78-b9c1-2836d66bb297,u3x5c0t1rrqy38x,SINGULARITY SG,SINGULARITY SG,,2026-05-28T18:13:00.065Z,2026-05-28T19:29:05.668Z,2026-05-28 21:13:00,2026-05-28 22:29:05,76,high,app_category_rules_prefix,SINGULARITY SG,czvhh5giqeiu4lk,SINGULARITY SG,true,exact,,false
Nikita,LAREDO TS,286,"May 28, 2026",ADD SIN,e3204229-2f85-45f2-b413-5dd2b088b4a0,mbibvudlm53oouu,LAREDO TS,LAREDO TS ADD SIN,,2026-05-28T19:29:10.000Z,2026-05-29T00:15:00.000Z,2026-05-28 22:29:10,2026-05-29 03:15:00,286,high,app_category_rules_prefix,LAREDO TS,fbxx86uj001vjhc,LAREDO TS,true,exact,,false
Nikita,Price Reporter,236,"May 29, 2026",price reporter planning,17d777d5-2dd3-49f3-9b23-046f0215b44d,objaqcosgg0nt9g,Price Reporter,price reporter planning,,2026-05-29T13:03:55.374Z,2026-05-29T16:59:26.292Z,2026-05-29 16:03:55,2026-05-29 19:59:26,236,low,price_reporter_fallback,,,,true,,,false
Nikita,LAREDO TS,180,"May 29, 2026",ADD SIN,5846068c-53e0-430a-ad03-b012649ee904,w6uxy2vmsx8u6t9,LAREDO TS,LAREDO TS ADD SIN,,2026-05-29T14:00:00.000Z,2026-05-29T17:00:04.481Z,2026-05-29 17:00:00,2026-05-29 20:00:04,180,high,app_category_rules_prefix,LAREDO TS,fbxx86uj001vjhc,LAREDO TS,true,exact,,false
Nikita,SOLUTION ONE,12,"May 29, 2026",CRM set up,cbdd504b-d6cf-43bb-987b-f70117fb4413,uv7e9ttuczamzwu,SOLUTION ONE,Solution One CRM set up,,2026-05-29T17:00:04.000Z,2026-05-29T17:11:45.734Z,2026-05-29 20:00:04,2026-05-29 20:11:45,12,high,app_category_rules_prefix,SOLUTION ONE,z7dtufl547y45bf,SOLUTION ONE,true,exact,,false
Nikita,GLOBAL SOLUTIONS GROUP,38,"May 29, 2026",FCP transition,3eeabcad-0c35-4913-b3b7-703c8f73423b,o7pk9xiwkmjvhdf,GLOBAL SOLUTIONS GROUP,Global Solutions Group FCP transition,,2026-05-29T17:11:45.734Z,2026-05-29T17:49:57.293Z,2026-05-29 20:11:45,2026-05-29 20:49:57,38,high,app_category_rules_prefix,GLOBAL SOLUTIONS GROUP,bsnah0skhrjemsv,GLOBAL SOLUTIONS GROUP,true,exact,,false
Nikita,CARROLL WOODS,67,"May 29, 2026",ADD SIN,ad1cb172-a7f3-4748-80d8-56b95bbf238f,tuytgh2dk8pkeue,CARROLL WOODS,CARROLL WOODS ADD SIN,,2026-05-29T17:49:57.293Z,2026-05-29T18:57:20.366Z,2026-05-29 20:49:57,2026-05-29 21:57:20,67,high,app_category_rules_prefix,CARROLL WOODS,plebd68unzwn3nw,CARROLL WOODS,true,exact,,false
Nikita,SAITECH,13,"May 29, 2026",,8ef3f503-a13b-43cc-81c4-6006227fa732,8b6apb6zkzkuhox,SAITECH,SAITECH,,2026-05-29T18:57:20.000Z,2026-05-29T19:10:00.000Z,2026-05-29 21:57:20,2026-05-29 22:10:00,13,high,app_category_rules_prefix,SAITECH,0bq2ve7q5ean61p,SAITECH,true,exact,,false
Nikita,TURNKEY CORPORATE HOUSING,154,"May 29, 2026",,70eae662-655d-442e-a2e8-d81bab07b988,hn0n3lgdwj6g1q5,TURNKEY CORPORATE HOUSING,TCH,,2026-05-29T19:10:00.000Z,2026-05-29T21:44:16.887Z,2026-05-29 22:10:00,2026-05-30 00:44:16,154,high,app_category_rules_prefix,tch,0fn8ovp1bshuk53,TURNKEY CORPORATE HOUSING,true,exact,,false
Nikita,WATER FILTER EXCHANGE,31,"Jun 1, 2026",tdr,0f751c7c-7516-46c6-baf7-9d1829c25016,cabnp2grban5s73,WATER FILTER EXCHANGE,wfx tdr,,2026-06-01T12:59:09.000Z,2026-06-01T13:30:00.000Z,2026-06-01 15:59:09,2026-06-01 16:30:00,31,high,app_category_rules_prefix,wfx,wpb8lqjp1kohju7,WATER FILTER EXCHANGE,true,exact,,false
Nikita,OURARING,18,"Jun 1, 2026",TDR,2f1ffbcc-2fde-483a-be71-3f9bf364c264,a7sbqdqlanlzqg4,OURARING,Ouraring TDR,,2026-06-01T13:30:00.000Z,2026-06-01T13:47:42.162Z,2026-06-01 16:30:00,2026-06-01 16:47:42,18,high,app_category_rules_prefix,OURARING,h4xe790e955zja6,OURARING,true,exact,,false
Nikita,Price Reporter,1,"Jun 1, 2026",Price reporter planning,1cb6c249-95ae-4ac9-a054-e899ffe23381,e4iaho1imoxajys,Price Reporter,Price reporter planning,,2026-06-01T13:47:42.162Z,2026-06-01T13:49:10.069Z,2026-06-01 16:47:42,2026-06-01 16:49:10,1,low,price_reporter_fallback,,,,true,,,false
Nikita,Planning,3,"Jun 1, 2026",3QC Planning,086950f9-9a40-4c03-b479-009774157b2e,0yzi13gwifdtlst,Planning,3QC Planning,,2026-06-01T13:49:10.069Z,2026-06-01T13:52:09.868Z,2026-06-01 16:49:10,2026-06-01 16:52:09,3,high,app_category_rules,Planning,di9k2uavzazcswi,Planning,true,exact,,false
Nikita,ASE Direct,7,"Jun 1, 2026",planning,23c56e0b-2123-41fb-a2b9-7fe1c27ef892,z2mk18xjbcoqhge,ASE Direct,ASE Direct planning,,2026-06-01T13:52:09.868Z,2026-06-01T13:59:30.200Z,2026-06-01 16:52:09,2026-06-01 16:59:30,7,high,app_category_rules_prefix,ASE Direct,4ot9tymfakk246c,ASE Direct,true,exact,,false
Nikita,AGE SOLUTIONS,2,"Jun 1, 2026",Planning,d1f30690-fb3f-4f8d-b1d9-d2387d5ebc08,6ib7e3ew8bnfn59,AGE SOLUTIONS,AGE SOLUTIONS Planning,,2026-06-01T13:59:30.200Z,2026-06-01T14:01:14.923Z,2026-06-01 16:59:30,2026-06-01 17:01:14,2,high,app_category_rules_prefix,AGE SOLUTIONS,nushprvzre8kd23,AGE SOLUTIONS,true,exact,,false
Nikita,BALL OFFICE PRODUCTS,9,"Jun 1, 2026",planning,62973816-5482-4229-82f4-3aa51f8e105a,rj79bmw7wx58k1w,BALL OFFICE PRODUCTS,Ball Office Products planning,,2026-06-01T14:01:14.923Z,2026-06-01T14:10:30.783Z,2026-06-01 17:01:14,2026-06-01 17:10:30,9,high,app_category_rules_prefix,BALL OFFICE PRODUCTS,18o4vipv6vv7yzz,BALL OFFICE PRODUCTS,true,exact,,false
Nikita,CARROLL WOODS,2,"Jun 1, 2026",planning,24a54b83-c24f-4c25-9008-263d5c570f24,8gx7f0othylndlw,CARROLL WOODS,Carroll woods planning,,2026-06-01T14:10:30.783Z,2026-06-01T14:12:08.542Z,2026-06-01 17:10:30,2026-06-01 17:12:08,2,high,app_category_rules_prefix,CARROLL WOODS,plebd68unzwn3nw,CARROLL WOODS,true,exact,,false
Nikita,CHAPEL HILL,1,"Jun 1, 2026",Planning,a281f315-5ad6-4c82-b700-10e48f67e6a4,f58ffnfvjdt7abh,CHAPEL HILL,CHAPEL HILL Planning,,2026-06-01T14:12:08.542Z,2026-06-01T14:13:24.527Z,2026-06-01 17:12:08,2026-06-01 17:13:24,1,high,app_category_rules_prefix,CHAPEL HILL,m9plfw22xb411jc,CHAPEL HILL,true,exact,,false
Nikita,CULINARY DEPOT,2,"Jun 1, 2026",planning,6aa9b64f-b2d6-4e28-8fad-0e2251ee69f3,otcs6enestoip9n,CULINARY DEPOT,Culinary Depot planning,,2026-06-01T14:13:24.527Z,2026-06-01T14:15:34.934Z,2026-06-01 17:13:24,2026-06-01 17:15:34,2,high,app_category_rules_prefix,CULINARY DEPOT,wxnsoopfrphiv0h,CULINARY DEPOT,true,exact,,false
Nikita,FALCON LOGIC,1,"Jun 1, 2026",planning,6fcf3974-57fd-40be-96f2-049517e37beb,4kzulrmtcfafcqv,FALCON LOGIC,Falcon Logic planning,,2026-06-01T14:15:34.934Z,2026-06-01T14:17:01.038Z,2026-06-01 17:15:34,2026-06-01 17:17:01,1,high,app_category_rules_prefix,FALCON LOGIC,a20idjj0hxfw3f9,FALCON LOGIC,true,exact,,false
Nikita,GLOBAL SOLUTIONS GROUP,6,"Jun 1, 2026",planning,17ef6ded-ca89-469c-b9a7-4c5beb8caa0a,7xwcfqi96ia6iiy,GLOBAL SOLUTIONS GROUP,Global Solutions Group planning,,2026-06-01T14:17:01.038Z,2026-06-01T14:22:34.861Z,2026-06-01 17:17:01,2026-06-01 17:22:34,6,high,app_category_rules_prefix,GLOBAL SOLUTIONS GROUP,bsnah0skhrjemsv,GLOBAL SOLUTIONS GROUP,true,exact,,false
Nikita,LAREDO TS,1,"Jun 1, 2026",Planning,b9a7243b-7856-46aa-94e9-d78d71c936fa,kbyp8mm7mfh339r,LAREDO TS,LAREDO TS Planning,,2026-06-01T14:22:34.861Z,2026-06-01T14:24:00.538Z,2026-06-01 17:22:34,2026-06-01 17:24:00,1,high,app_category_rules_prefix,LAREDO TS,fbxx86uj001vjhc,LAREDO TS,true,exact,,false
Nikita,LOGICAL MARKETING,1,"Jun 1, 2026",planning,76d42593-3d4d-4df4-b09c-80fa12388c24,cvvombhkftx2o5l,LOGICAL MARKETING,Logical marketing planning,,2026-06-01T14:24:00.538Z,2026-06-01T14:25:27.287Z,2026-06-01 17:24:00,2026-06-01 17:25:27,1,high,app_category_rules_prefix,LOGICAL MARKETING,1n7w5wzz05saue9,LOGICAL MARKETING,true,exact,,false
Nikita,NIS SOLUTIONS,2,"Jun 1, 2026",planning,d47be8d8-0db5-4935-a297-0f7db4ca3d8a,s2lymdv2aeyt782,NIS SOLUTIONS,NIS SOlutions planning,,2026-06-01T14:25:27.287Z,2026-06-01T14:27:37.361Z,2026-06-01 17:25:27,2026-06-01 17:27:37,2,high,app_category_rules_prefix,NIS SOLUTIONS,y2w0nlmr7ohcdci,NIS SOLUTIONS,true,exact,,false
Nikita,Price Reporter,1,"Jun 1, 2026",OURARING planning,af23c261-37fd-4d90-8ae3-5d93d1005b9c,qf9r6mok3m02lf9,OURARING,OURARING planning,,2026-06-01T14:27:37.361Z,2026-06-01T14:29:04.070Z,2026-06-01 17:27:37,2026-06-01 17:29:04,1,ambiguous,ambiguous_existing_category_match,,,,true,exact,OURARING; Planning,false
Nikita,Planning,7,"Jun 1, 2026",Professional Stewards Planning,3da0c664-8f20-4983-a219-ab5596e78541,7pllfk6va6vcqeb,Planning,Professional Stewards Planning,,2026-06-01T14:29:04.070Z,2026-06-01T14:35:37.639Z,2026-06-01 17:29:04,2026-06-01 17:35:37,7,high,app_category_rules,Planning,di9k2uavzazcswi,Planning,true,exact,,false
Nikita,RC QUARTERMASTER,1,"Jun 1, 2026",planning,4c4a204d-2305-486e-8eee-f57e42395580,lzuramgdb6bsmn9,RC QUARTERMASTER,RC Quartermaster planning,,2026-06-01T14:35:37.639Z,2026-06-01T14:37:04.403Z,2026-06-01 17:35:37,2026-06-01 17:37:04,1,high,app_category_rules_prefix,RC QUARTERMASTER,xyqool5euy8921q,RC QUARTERMASTER,true,exact,,false
Nikita,Planning,2,"Jun 1, 2026",RESICUM planning,f3f1dc8c-d61e-404f-8b45-42b1fc8b00a1,ddn8q7adqjoj0vv,Planning,RESICUM planning,,2026-06-01T14:37:04.403Z,2026-06-01T14:39:08.379Z,2026-06-01 17:37:04,2026-06-01 17:39:08,2,high,app_category_rules,Planning,di9k2uavzazcswi,Planning,true,exact,,false
Nikita,Planning,2,"Jun 1, 2026",SAITECH planning,1ecb0f7e-bd3a-4404-8cb9-1370fb738b7e,9w3y1u9qn4x97hz,Planning,SAITECH planning,,2026-06-01T14:39:08.379Z,2026-06-01T14:40:46.868Z,2026-06-01 17:39:08,2026-06-01 17:40:46,2,high,app_category_rules,Planning,di9k2uavzazcswi,Planning,true,exact,,false
Nikita,Planning,4,"Jun 1, 2026",SSG planning,1021d759-ba15-4203-bfeb-41d27988b78d,l0334hx4dhg7h2g,Planning,SSG planning,,2026-06-01T14:40:46.868Z,2026-06-01T14:44:32.972Z,2026-06-01 17:40:46,2026-06-01 17:44:32,4,high,app_category_rules,Planning,di9k2uavzazcswi,Planning,true,exact,,false
Nikita,SOLUTION ONE,2,"Jun 1, 2026",planning,3a46e99b-10ac-4441-837d-71b766feb238,54i5hee0azt5dra,SOLUTION ONE,SOlution One planning,,2026-06-01T14:44:32.972Z,2026-06-01T14:46:32.241Z,2026-06-01 17:44:32,2026-06-01 17:46:32,2,high,app_category_rules_prefix,SOLUTION ONE,z7dtufl547y45bf,SOLUTION ONE,true,exact,,false
Nikita,Planning,1,"Jun 1, 2026",Turnkey Corporate Hoousing planning,1ad0cb91-8110-41fe-af2e-5303a984f26c,vj9sa3qera3yljv,Planning,Turnkey Corporate Hoousing planning,,2026-06-01T14:46:32.241Z,2026-06-01T14:47:31.351Z,2026-06-01 17:46:32,2026-06-01 17:47:31,1,high,app_category_rules,Planning,di9k2uavzazcswi,Planning,true,exact,,false
Nikita,Planning,1,"Jun 1, 2026",WFX Planning,78b35ab2-abb4-4b21-8a04-0035f8b46620,4oz2w20xck7r75a,Planning,WFX Planning,,2026-06-01T14:47:31.351Z,2026-06-01T14:48:35.544Z,2026-06-01 17:47:31,2026-06-01 17:48:35,1,high,app_category_rules,Planning,di9k2uavzazcswi,Planning,true,exact,,false
Nikita,AGE SOLUTIONS,1,"Jun 1, 2026","Update CRM to ""Waiting for the update from the client when the audit is over""",18a1aba7-3e40-439d-a6a5-69cca7ae8ab0,uugt9e4128a1imy,AGE SOLUTIONS,"AGE SOLUTIONS Update CRM to ""Waiting for the update from the client when the audit is over""",,2026-06-01T14:48:35.544Z,2026-06-01T14:49:10.929Z,2026-06-01 17:48:35,2026-06-01 17:49:10,1,high,app_category_rules_prefix,AGE SOLUTIONS,nushprvzre8kd23,AGE SOLUTIONS,true,exact,,false
Nikita,LOGICAL MARKETING,2,"Jun 1, 2026",ADD SIN Update CRM per latest reply from the client,1875d170-1b92-4b47-bd68-97e0e7862b24,mhve738rr8z5q6d,LOGICAL MARKETING,Logical marketing ADD SIN Update CRM per latest reply from the client,,2026-06-01T14:49:10.929Z,2026-06-01T14:51:07.144Z,2026-06-01 17:49:10,2026-06-01 17:51:07,2,high,app_category_rules_prefix,LOGICAL MARKETING,1n7w5wzz05saue9,LOGICAL MARKETING,true,exact,,false
Nikita,RESICUM INTERNATIONAL,7,"Jun 1, 2026",ADD SIN Delete from CRM,f1378ce1-0197-4000-baca-94741c0d35ba,ck9aypavmewbe8x,RESICUM INTERNATIONAL,RESICUM ADD SIN Delete from CRM,,2026-06-01T14:51:07.144Z,2026-06-01T14:57:45.540Z,2026-06-01 17:51:07,2026-06-01 17:57:45,7,high,app_category_rules_prefix,resicum,cyfajmbsq5oyjvp,RESICUM INTERNATIONAL,true,exact,,false
Nikita,LAREDO TS,7,"Jun 1, 2026",MAS EPA Type Check,4bf53163-f6c6-4719-8673-e1cccbdc5ad4,njt0kul28ghwwie,LAREDO TS,LAREDO TS MAS EPA Type Check,,2026-06-01T14:57:45.540Z,2026-06-01T15:04:31.041Z,2026-06-01 17:57:45,2026-06-01 18:04:31,7,high,app_category_rules_prefix,LAREDO TS,fbxx86uj001vjhc,LAREDO TS,true,exact,,false
Nikita,LOGICAL MARKETING,4,"Jun 1, 2026",EPA type check,5c218002-0e71-4664-ab36-8836e85ad91c,yd1shfx82etxpdc,LOGICAL MARKETING,Logical marketing EPA type check,,2026-06-01T15:04:31.041Z,2026-06-01T15:08:26.212Z,2026-06-01 18:04:31,2026-06-01 18:08:26,4,high,app_category_rules_prefix,LOGICAL MARKETING,1n7w5wzz05saue9,LOGICAL MARKETING,true,exact,,false
Nikita,NIS SOLUTIONS,5,"Jun 1, 2026",EPA type check with CO,fa2920c2-ad09-4e07-b19f-756a731d6e11,s2v45zc0hireeai,NIS SOLUTIONS,NIS EPA type check with CO,,2026-06-01T15:08:26.212Z,2026-06-01T15:13:11.820Z,2026-06-01 18:08:26,2026-06-01 18:13:11,5,high,app_category_rules_prefix,nis,y2w0nlmr7ohcdci,NIS SOLUTIONS,true,exact,,false
Nikita,RESICUM INTERNATIONAL,7,"Jun 1, 2026",EPA Type check CO and update,83ed6ded-a514-4763-a438-3666d48eec1d,1diioaiafd1q5xd,RESICUM INTERNATIONAL,RESICUM EPA Type check CO and update,,2026-06-01T15:13:11.820Z,2026-06-01T15:20:30.416Z,2026-06-01 18:13:11,2026-06-01 18:20:30,7,high,app_category_rules_prefix,resicum,cyfajmbsq5oyjvp,RESICUM INTERNATIONAL,true,exact,,false
Nikita,SOUTHERN COMPUTER warehouse,5,"Jun 1, 2026",Robomod handle check CO answer (ITC),5beb3e18-704f-4eef-a67e-2a2a12b73b90,bhnir6jv5illfhc,SOUTHERN COMPUTER warehouse,SCW Robomod handle check CO answer (ITC),,2026-06-01T15:20:30.416Z,2026-06-01T15:25:10.801Z,2026-06-01 18:20:30,2026-06-01 18:25:10,5,high,app_category_rules_prefix,scw,ymen8hrd84q8g0s,SOUTHERN COMPUTER warehouse,true,exact,,false
Nikita,RC QUARTERMASTER,1,"Jun 1, 2026",Leviant Update,23fc98dc-544e-40dc-a6a2-0847f982e7c7,tkahixfb870yzu5,RC QUARTERMASTER,RCQ Leviant Update,,2026-06-01T15:25:10.801Z,2026-06-01T15:26:29.385Z,2026-06-01 18:25:10,2026-06-01 18:26:29,1,high,app_category_rules_prefix,rcq,xyqool5euy8921q,RC QUARTERMASTER,true,exact,,false
Nikita,SAITECH,20,"Jun 1, 2026",DEL update,0e620d69-deb2-44ad-bd65-8283d5d140b6,bht0x7u6rkqx1ju,SAITECH,SAITECH DEL update,,2026-06-01T15:26:29.385Z,2026-06-01T15:46:45.076Z,2026-06-01 18:26:29,2026-06-01 18:46:45,20,high,app_category_rules_prefix,SAITECH,0bq2ve7q5ean61p,SAITECH,true,exact,,false
Nikita,RC QUARTERMASTER,3,"Jun 1, 2026",Meeting organization,250b7127-c36f-4713-863f-78b40e6557fc,uiph0k0do7wlxpt,RC QUARTERMASTER,RCQ Meeting organization,,2026-06-01T15:46:45.076Z,2026-06-01T15:49:38.520Z,2026-06-01 18:46:45,2026-06-01 18:49:38,3,high,app_category_rules_prefix,rcq,xyqool5euy8921q,RC QUARTERMASTER,true,exact,,false
Nikita,BALL OFFICE PRODUCTS,2,"Jun 1, 2026",DEL out of scope Letter of compliance follow up,dc70c283-aa89-48fb-86ee-fbf99349fd9e,llj1b32kje3wjt8,BALL OFFICE PRODUCTS,BOP DEL out of scope Letter of compliance follow up,,2026-06-01T15:49:38.520Z,2026-06-01T15:52:02.980Z,2026-06-01 18:49:38,2026-06-01 18:52:02,2,high,app_category_rules_prefix,bop,18o4vipv6vv7yzz,BALL OFFICE PRODUCTS,true,exact,,false
Nikita,CHAPEL HILL,3,"Jun 1, 2026",SIN ADD Follow up,997edd40-4edb-4d82-bb74-295e85ead310,vinujbhagyzx74r,CHAPEL HILL,Chapel Hill SIN ADD Follow up,,2026-06-01T15:52:02.980Z,2026-06-01T15:55:21.205Z,2026-06-01 18:52:02,2026-06-01 18:55:21,3,high,app_category_rules_prefix,CHAPEL HILL,m9plfw22xb411jc,CHAPEL HILL,true,exact,,false
Nikita,CULINARY DEPOT,2,"Jun 1, 2026",Tell Nastya on the meeting results,98637b44-00c4-4a63-9120-7d3fb5dea057,uaepm1g1bg5i073,CULINARY DEPOT,Culinary Depot Tell Nastya on the meeting results,,2026-06-01T15:55:21.205Z,2026-06-01T15:57:47.750Z,2026-06-01 18:55:21,2026-06-01 18:57:47,2,high,app_category_rules_prefix,CULINARY DEPOT,wxnsoopfrphiv0h,CULINARY DEPOT,true,exact,,false
Nikita,SMBLC,2,"Jun 1, 2026",Sales reporting follow-up Jaclyn,5892cc64-185c-4012-8353-831a493e735a,ysheogd2gdekiou,SMBLC,SMBLC Sales reporting follow-up Jaclyn,,2026-06-01T15:57:47.750Z,2026-06-01T15:59:41.097Z,2026-06-01 18:57:47,2026-06-01 18:59:41,2,high,app_category_rules_prefix,SMBLC,729wf5l3mlsgkqn,SMBLC,true,exact,,false
Nikita,WATER FILTER EXCHANGE,16,"Jun 1, 2026",Send info on payment to Alex,825a5778-58d6-4a0b-a623-1d9b1a3182af,oy7d4t2kuxqfj6x,WATER FILTER EXCHANGE,WFX Send info on payment to Alex,,2026-06-01T15:59:41.097Z,2026-06-01T16:15:19.523Z,2026-06-01 18:59:41,2026-06-01 19:15:19,16,high,app_category_rules_prefix,wfx,wpb8lqjp1kohju7,WATER FILTER EXCHANGE,true,exact,,false
Nikita,RESICUM INTERNATIONAL,9,"Jun 1, 2026",Dp Follow up Email update,a6bf6192-36d8-4c5a-a198-36be7dcfe678,2mekehxp1nsno02,RESICUM INTERNATIONAL,RESICUM Dp Follow up Email update,,2026-06-01T16:15:25.762Z,2026-06-01T16:24:22.934Z,2026-06-01 19:15:25,2026-06-01 19:24:22,9,high,app_category_rules_prefix,resicum,cyfajmbsq5oyjvp,RESICUM INTERNATIONAL,true,exact,,false
Nikita,LAREDO TS,16,"Jun 1, 2026",MAS ADD SIN Dp Follow-up,4dcccc3a-ee6d-40ff-8321-a24bc748ba72,eh3sb9q5tjeboxy,LAREDO TS,LAREDO TS MAS ADD SIN Dp Follow-up,,2026-06-01T16:24:22.934Z,2026-06-01T16:40:41.618Z,2026-06-01 19:24:22,2026-06-01 19:40:41,16,high,app_category_rules_prefix,LAREDO TS,fbxx86uj001vjhc,LAREDO TS,true,exact,,false
Nikita,FALCON LOGIC,5,"Jun 1, 2026",SIP Password request,21e05e7e-0f49-4024-8200-f9d6fe738d4c,0ikdlnceyj1wu2o,FALCON LOGIC,FALCON Logic SIP Password request,,2026-06-01T16:40:41.618Z,2026-06-01T16:45:31.386Z,2026-06-01 19:40:41,2026-06-01 19:45:31,5,high,app_category_rules_prefix,FALCON LOGIC,a20idjj0hxfw3f9,FALCON LOGIC,true,exact,,false
Nikita,3QC,39,"Jun 1, 2026",create a SIN ADD Mod folder and prepare docs,70b068a0-f33e-42bb-b864-5cc4e1450c78,aitbrnp5maxv12o,3QC,3QC create a SIN ADD Mod folder and prepare docs,,2026-06-01T16:45:31.386Z,2026-06-01T17:24:48.803Z,2026-06-01 19:45:31,2026-06-01 20:24:48,39,high,app_category_rules_prefix,3QC,02rvnzxutdhfenn,3QC,true,exact,,false
Nikita,ASE Direct,22,"Jun 1, 2026",Update Trello and CRM,0b289e4e-8fef-4bc1-afb1-9bf5c8bdb70e,s6jyx2ufq740zix,ASE Direct,ASE Direct Update Trello and CRM,,2026-06-01T17:24:48.803Z,2026-06-01T17:46:20.234Z,2026-06-01 20:24:48,2026-06-01 20:46:20,22,high,app_category_rules_prefix,ASE Direct,4ot9tymfakk246c,ASE Direct,true,exact,,false
Nikita,PARADISE PILLOW,30,"Jun 1, 2026",Closing contract see status,c593f1f3-a45f-49d1-88be-9954e4596a6b,1ccp1cju9asbwrg,PARADISE PILLOW,PARADISE PILLOW Closing contract see status,,2026-06-01T17:46:20.234Z,2026-06-01T18:16:37.165Z,2026-06-01 20:46:20,2026-06-01 21:16:37,30,high,app_category_rules_prefix,PARADISE PILLOW,t54ozeu448llygh,PARADISE PILLOW,true,exact,,false
Nikita,GLOBAL SOLUTIONS GROUP,55,"Jun 1, 2026",Submit the Baseline mod,03ef0b70-bfc5-46d7-ba44-78b9fb796b0c,4jvvhx94ltbuu6m,GLOBAL SOLUTIONS GROUP,GSG Submit the Baseline mod,,2026-06-01T18:16:37.165Z,2026-06-01T19:11:45.872Z,2026-06-01 21:16:37,2026-06-01 22:11:45,55,high,app_category_rules_prefix,gsg,bsnah0skhrjemsv,GLOBAL SOLUTIONS GROUP,true,exact,,false
Nikita,LAREDO TS,27,"Jun 1, 2026",Call,f4b2b29e-4e89-4afb-a41c-3d501ca7ff2d,3saiglz1y90r3ef,LAREDO TS,LAREDO TS Call,,2026-06-01T19:00:00.000Z,2026-06-01T19:27:17.331Z,2026-06-01 22:00:00,2026-06-01 22:27:17,27,high,app_category_rules_prefix,LAREDO TS,fbxx86uj001vjhc,LAREDO TS,true,exact,,false
Nikita,SMBLC,30,"Jun 1, 2026",Sales reporting follow-up Jaclyn,0efd9d3d-b909-4498-b20e-15250c07d6dd,5upx3z5mzpvk274,SMBLC,SMBLC Sales reporting follow-up Jaclyn,,2026-06-01T19:27:17.331Z,2026-06-01T19:57:40.145Z,2026-06-01 22:27:17,2026-06-01 22:57:40,30,high,app_category_rules_prefix,SMBLC,729wf5l3mlsgkqn,SMBLC,true,exact,,false
Nikita,FALCON LOGIC,7,"Jun 1, 2026",SIN GAP,671a7461-4eb4-49c5-8f12-c6c933d234e9,4qpimf2dg1o2pk7,FALCON LOGIC,FALCON LOGIC SIN GAP,,2026-06-01T19:57:40.000Z,2026-06-01T20:05:00.000Z,2026-06-01 22:57:40,2026-06-01 23:05:00,7,high,app_category_rules_prefix,FALCON LOGIC,a20idjj0hxfw3f9,FALCON LOGIC,true,exact,,false
Nikita,SAITECH,20,"Jun 1, 2026",ADD SIN,900d3a05-fe46-41b6-ba23-1c9d55d43b8d,x2urbwegpiq553a,SAITECH,SAITECH ADD SIN,,2026-06-01T20:05:00.000Z,2026-06-01T20:25:00.000Z,2026-06-01 23:05:00,2026-06-01 23:25:00,20,high,app_category_rules_prefix,SAITECH,0bq2ve7q5ean61p,SAITECH,true,exact,,false
Nikita,GLOBAL SOLUTIONS GROUP,20,"Jun 1, 2026",FCP,74447cc3-fc11-4dce-9f84-2658859fd377,8vd3332lku3kno5,GLOBAL SOLUTIONS GROUP,GLOBAL SOLUTIONS GROUP FCP,,2026-06-01T20:25:00.000Z,2026-06-01T20:45:00.000Z,2026-06-01 23:25:00,2026-06-01 23:45:00,20,high,app_category_rules_prefix,GLOBAL SOLUTIONS GROUP,bsnah0skhrjemsv,GLOBAL SOLUTIONS GROUP,true,exact,,false
Nikita,TURNKEY CORPORATE HOUSING,21,"Jun 1, 2026",,3ae90666-ca3f-44ec-8c01-a515d04faffc,6porqcyph90kprh,TURNKEY CORPORATE HOUSING,Turnkey Corporate Housing,,2026-06-01T20:45:00.000Z,2026-06-01T21:06:11.583Z,2026-06-01 23:45:00,2026-06-02 00:06:11,21,high,app_category_rules_prefix,TURNKEY CORPORATE HOUSING,0fn8ovp1bshuk53,TURNKEY CORPORATE HOUSING,true,exact,,false
Nikita,Price Reporter,6,"Jun 2, 2026",Price Reporter Planning,b0a9d86d-12b4-4e73-a1e7-0c26222cd433,j1up3d5qlr8mhf5,Price Reporter,Price Reporter Planning,,2026-06-02T13:28:57.280Z,2026-06-02T13:35:13.920Z,2026-06-02 16:28:57,2026-06-02 16:35:13,6,low,price_reporter_fallback,,,,true,,,false
Nikita,FALCON LOGIC,3,"Jun 2, 2026",Add SIN communication,b0330169-842f-4904-aee4-2b6f09064694,exr1s4k7dgweltw,FALCON LOGIC,FALCON Logic Add SIN communication,,2026-06-02T13:35:13.920Z,2026-06-02T13:38:22.839Z,2026-06-02 16:35:13,2026-06-02 16:38:22,3,high,app_category_rules_prefix,FALCON LOGIC,a20idjj0hxfw3f9,FALCON LOGIC,true,exact,,false
Nikita,CHAPEL HILL,3,"Jun 2, 2026",ADD SIN communication,ca79b5fc-4364-490b-88ec-58399ec1018f,whwlncxo4jff05y,CHAPEL HILL,Chapel Hill ADD SIN communication,,2026-06-02T13:38:22.839Z,2026-06-02T13:41:45.070Z,2026-06-02 16:38:22,2026-06-02 16:41:45,3,high,app_category_rules_prefix,CHAPEL HILL,m9plfw22xb411jc,CHAPEL HILL,true,exact,,false
Nikita,BALL OFFICE PRODUCTS,2,"Jun 2, 2026",Scope analysis communication,49f709bf-4fe2-4d06-8f11-b5d24e2d1484,lo7j4ji2g8v3ic5,BALL OFFICE PRODUCTS,BALL OFFICE PRODUCTS Scope analysis communication,,2026-06-02T13:41:45.070Z,2026-06-02T13:43:27.169Z,2026-06-02 16:41:45,2026-06-02 16:43:27,2,high,app_category_rules_prefix,BALL OFFICE PRODUCTS,18o4vipv6vv7yzz,BALL OFFICE PRODUCTS,true,exact,,false
Nikita,3QC,9,"Jun 2, 2026",ADD SIN Communication,a33496be-f4d0-4336-9fc0-7ef0932d4dd7,l0envn0ilwr3kqn,3QC,3QC ADD SIN Communication,,2026-06-02T13:43:27.169Z,2026-06-02T13:52:33.554Z,2026-06-02 16:43:27,2026-06-02 16:52:33,9,high,app_category_rules_prefix,3QC,02rvnzxutdhfenn,3QC,true,exact,,false
Nikita,SAITECH,1,"Jun 2, 2026",ADD Mod,b3332394-4759-48c4-a995-716e1d887507,9lv3478wbo5pmhu,SAITECH,SAITECH ADD Mod,,2026-06-02T14:09:08.000Z,2026-06-02T14:10:05.408Z,2026-06-02 17:09:08,2026-06-02 17:10:05,1,high,app_category_rules_prefix,SAITECH,0bq2ve7q5ean61p,SAITECH,true,exact,,false
Nikita,LAREDO TS,2,"Jun 2, 2026",ADD SIN CRM Update,c39932e3-87c0-4e05-9e43-1b62908164f4,lppyi3qid7eebil,LAREDO TS,LAREDO TS ADD SIN CRM Update,,2026-06-02T14:10:05.408Z,2026-06-02T14:11:42.019Z,2026-06-02 17:10:05,2026-06-02 17:11:42,2,high,app_category_rules_prefix,LAREDO TS,fbxx86uj001vjhc,LAREDO TS,true,exact,,false
Nikita,GLOBAL SOLUTIONS GROUP,10,"Jun 2, 2026",FCP Transition,c409dad3-dbf6-491e-a6cc-ab2320439219,wr869cytd42p3a1,GLOBAL SOLUTIONS GROUP,GSG FCP Transition,,2026-06-02T14:11:42.019Z,2026-06-02T14:21:18.577Z,2026-06-02 17:11:42,2026-06-02 17:21:18,10,high,app_category_rules_prefix,gsg,bsnah0skhrjemsv,GLOBAL SOLUTIONS GROUP,true,exact,,false
Nikita,RESICUM INTERNATIONAL,29,"Jun 2, 2026",Email,c8c0c980-f78d-432f-9d34-b6c9a1cf4b7a,4e3s8d8f91n8vs8,RESICUM INTERNATIONAL,RESICUM Email,,2026-06-02T14:21:18.577Z,2026-06-02T14:50:06.078Z,2026-06-02 17:21:18,2026-06-02 17:50:06,29,high,app_category_rules_prefix,resicum,cyfajmbsq5oyjvp,RESICUM INTERNATIONAL,true,exact,,false
Nikita,GLOBAL SOLUTIONS GROUP,8,"Jun 2, 2026",FCP Transition,0b4beb57-0fac-467d-aec0-f5b8fcafd512,ckzepisvw3lpthf,GLOBAL SOLUTIONS GROUP,GSG FCP Transition,,2026-06-02T14:50:06.078Z,2026-06-02T14:58:15.285Z,2026-06-02 17:50:06,2026-06-02 17:58:15,8,high,app_category_rules_prefix,gsg,bsnah0skhrjemsv,GLOBAL SOLUTIONS GROUP,true,exact,,false
Nikita,CULINARY DEPOT,12,"Jun 2, 2026",change women-owned status,25b64ec7-80d5-4d85-8a7b-46e64f6e9079,bpww9wh2pv3vrgr,CULINARY DEPOT,Culinary Depot change women-owned status,,2026-06-02T14:58:15.285Z,2026-06-02T15:10:01.687Z,2026-06-02 17:58:15,2026-06-02 18:10:01,12,high,app_category_rules_prefix,CULINARY DEPOT,wxnsoopfrphiv0h,CULINARY DEPOT,true,exact,,false
Nikita,RC QUARTERMASTER,46,"Jun 2, 2026",call,139e6034-4ed4-4825-91fc-d9f5881bf926,tpemf9gilr9w7ei,RC QUARTERMASTER,rcq call,,2026-06-02T15:10:01.687Z,2026-06-02T15:56:19.043Z,2026-06-02 18:10:01,2026-06-02 18:56:19,46,high,app_category_rules_prefix,rcq,xyqool5euy8921q,RC QUARTERMASTER,true,exact,,false
Nikita,SAITECH,10,"Jun 2, 2026",ADD SIN TASK,e1f40bd0-338d-465a-82b0-b9b3b444bef0,uw0lbvgktglhz0n,SAITECH,SAITECH ADD SIN TASK,,2026-06-02T15:56:19.043Z,2026-06-02T16:06:09.422Z,2026-06-02 18:56:19,2026-06-02 19:06:09,10,high,app_category_rules_prefix,SAITECH,0bq2ve7q5ean61p,SAITECH,true,exact,,false
Nikita,TURNKEY CORPORATE HOUSING,25,"Jun 2, 2026",send update info to CO,2843dc8c-e917-4c4f-8ce3-f15ff4fdc8cf,4vp6emln9tviiil,TURNKEY CORPORATE HOUSING,TCH send update info to CO,,2026-06-02T16:06:09.422Z,2026-06-02T16:31:04.891Z,2026-06-02 19:06:09,2026-06-02 19:31:04,25,high,app_category_rules_prefix,tch,0fn8ovp1bshuk53,TURNKEY CORPORATE HOUSING,true,exact,,false
Nikita,SAITECH,4,"Jun 2, 2026",,e01b962d-e1c2-4ae9-8afe-dc7d81fb4768,3m0xusn6kig6oxo,SAITECH,saitech,,2026-06-02T16:31:04.891Z,2026-06-02T16:35:07.214Z,2026-06-02 19:31:04,2026-06-02 19:35:07,4,high,app_category_rules_prefix,SAITECH,0bq2ve7q5ean61p,SAITECH,true,exact,,false
Nikita,TURNKEY CORPORATE HOUSING,18,"Jun 2, 2026",send the updated info to CO,de6c12b2-e947-4563-b73f-400485a2595d,fj4jslg298u4wmu,TURNKEY CORPORATE HOUSING,TCH send the updated info to CO,,2026-06-02T16:35:07.214Z,2026-06-02T16:53:20.921Z,2026-06-02 19:35:07,2026-06-02 19:53:20,18,high,app_category_rules_prefix,tch,0fn8ovp1bshuk53,TURNKEY CORPORATE HOUSING,true,exact,,false
Nikita,SOLUTION ONE,20,"Jun 2, 2026",FCP Transition task for the file,214c80e3-d65a-49bb-8661-ebc794f29cc3,6ztzlvfz4siphcc,SOLUTION ONE,Solution One FCP Transition task for the file,,2026-06-02T16:53:20.921Z,2026-06-02T17:13:33.664Z,2026-06-02 19:53:20,2026-06-02 20:13:33,20,high,app_category_rules_prefix,SOLUTION ONE,z7dtufl547y45bf,SOLUTION ONE,true,exact,,false
Nikita,SMBLC,50,"Jun 2, 2026",Novation Email,a250fff2-0a53-4079-884e-a68b97ece55c,pqy7oyg5eihvkog,SMBLC,SMBLC Novation Email,,2026-06-02T17:13:33.664Z,2026-06-02T18:03:34.615Z,2026-06-02 20:13:33,2026-06-02 21:03:34,50,high,app_category_rules_prefix,SMBLC,729wf5l3mlsgkqn,SMBLC,true,exact,,false
Nikita,CARROLL WOODS,9,"Jun 2, 2026",Update T&C,5661b4d3-8435-4659-a889-5ed21ab8d1ab,ijs3z6fs7kr4jyx,CARROLL WOODS,CARROLL WOODS Update T&C,,2026-06-02T18:03:34.615Z,2026-06-02T18:12:44.985Z,2026-06-02 21:03:34,2026-06-02 21:12:44,9,high,app_category_rules_prefix,CARROLL WOODS,plebd68unzwn3nw,CARROLL WOODS,true,exact,,false
Nikita,PARADISE PILLOW,9,"Jun 2, 2026",Submit,f6b3495c-514d-4970-9c8a-bad57762198b,fsm5q26kuie3oqc,PARADISE PILLOW,PARADISE PILLOW Submit,,2026-06-02T18:12:44.985Z,2026-06-02T18:22:09.792Z,2026-06-02 21:12:44,2026-06-02 21:22:09,9,high,app_category_rules_prefix,PARADISE PILLOW,t54ozeu448llygh,PARADISE PILLOW,true,exact,,false
Nikita,SMBLC,5,"Jun 2, 2026",SAM,ab53e3a7-ff5b-4d07-841a-77097c33b9d5,zuds2ril8281q2h,SMBLC,SMBLC SAM,,2026-06-02T18:22:09.792Z,2026-06-02T18:26:58.732Z,2026-06-02 21:22:09,2026-06-02 21:26:58,5,high,app_category_rules_prefix,SMBLC,729wf5l3mlsgkqn,SMBLC,true,exact,,false
Nikita,RESICUM INTERNATIONAL,24,"Jun 2, 2026",ADD mod submit,7d8bf299-88fe-48eb-b1dc-e97c772ad5e7,8qql2xr968tyhn8,RESICUM INTERNATIONAL,RESICUM ADD mod submit,,2026-06-02T18:26:58.732Z,2026-06-02T18:51:13.070Z,2026-06-02 21:26:58,2026-06-02 21:51:13,24,high,app_category_rules_prefix,resicum,cyfajmbsq5oyjvp,RESICUM INTERNATIONAL,true,exact,,false
Nikita,RESICUM INTERNATIONAL,28,"Jun 2, 2026",ADD mod submit,2d0c8a15-3732-4087-aeb9-baa4b00a2f5b,763dt2c51kp48uy,RESICUM INTERNATIONAL,RESICUM ADD mod submit,,2026-06-02T18:51:13.070Z,2026-06-02T19:18:51.949Z,2026-06-02 21:51:13,2026-06-02 22:18:51,28,high,app_category_rules_prefix,resicum,cyfajmbsq5oyjvp,RESICUM INTERNATIONAL,true,exact,,false
Nikita,SAITECH,81,"Jun 2, 2026",ADD SIN TASK,d77b21b1-78fb-4659-9164-ea727e4b4777,jc9fibpnm34d0u8,SAITECH,SAITECH ADD SIN TASK,,2026-06-02T19:18:51.949Z,2026-06-02T20:39:35.863Z,2026-06-02 22:18:51,2026-06-02 23:39:35,81,high,app_category_rules_prefix,SAITECH,0bq2ve7q5ean61p,SAITECH,true,exact,,false
Nikita,Time sheets,19,"Jun 2, 2026",,d42ba93f-e034-4126-9307-31b00408819b,87qq9cof1a943gv,Time sheets,Time sheets,,2026-06-02T20:39:35.863Z,2026-06-02T20:58:51.324Z,2026-06-02 23:39:35,2026-06-02 23:58:51,19,high,app_category_rules_prefix,Time sheets,hlcqadad3w9myxn,Time sheets,true,exact,,false
Nikita,Price Reporter,36,"Jun 3, 2026",price reporter planning,183c87c9-4bc4-494e-a627-a88cf09bdba1,jvvz3fv7igfux4b,Price Reporter,price reporter planning,,2026-06-03T13:02:51.457Z,2026-06-03T13:39:13.527Z,2026-06-03 16:02:51,2026-06-03 16:39:13,36,low,price_reporter_fallback,,,,true,,,false
Nikita,FALCON LOGIC,42,"Jun 3, 2026",reply on the ADD SIN,0f8aa22c-1b3a-492a-88bd-53678db07f9d,etlj9iqup8rqqms,FALCON LOGIC,FALCON Logic reply on the ADD SIN,,2026-06-03T13:39:13.527Z,2026-06-03T14:20:46.407Z,2026-06-03 16:39:13,2026-06-03 17:20:46,42,high,app_category_rules_prefix,FALCON LOGIC,a20idjj0hxfw3f9,FALCON LOGIC,true,exact,,false
Nikita,RESICUM INTERNATIONAL,21,"Jun 3, 2026",call,f5bd1ec8-9aa5-4dab-a1be-c56c597c8dff,7ylf1938ir0pyg1,RESICUM INTERNATIONAL,RESICUM call,,2026-06-03T14:00:00.000Z,2026-06-03T14:21:29.152Z,2026-06-03 17:00:00,2026-06-03 17:21:29,21,high,app_category_rules_prefix,resicum,cyfajmbsq5oyjvp,RESICUM INTERNATIONAL,true,exact,,false
Nikita,FALCON LOGIC,25,"Jun 3, 2026",add sin question,0afe63eb-6f27-4af2-907e-6a4e5bf5cc5f,rgqacemi8bx77ck,FALCON LOGIC,falcon logic add sin question,,2026-06-03T14:21:29.152Z,2026-06-03T14:46:46.507Z,2026-06-03 17:21:29,2026-06-03 17:46:46,25,high,app_category_rules_prefix,FALCON LOGIC,a20idjj0hxfw3f9,FALCON LOGIC,true,exact,,false
Nikita,RC QUARTERMASTER,24,"Jun 3, 2026",Send the data for the ADD SIN mod,10baf1a9-2cb6-498e-8af3-cdaf6ba72fdc,qu13qly16sbeh2a,RC QUARTERMASTER,RCQ Send the data for the ADD SIN mod,,2026-06-03T14:46:46.507Z,2026-06-03T15:10:33.991Z,2026-06-03 17:46:46,2026-06-03 18:10:33,24,high,app_category_rules_prefix,rcq,xyqool5euy8921q,RC QUARTERMASTER,true,exact,,false
Nikita,CULINARY DEPOT,9,"Jun 3, 2026",change women-owned status,93e5c3f9-62da-47b8-a0aa-6b806c74fc6d,a3895r4lyi82uux,CULINARY DEPOT,Culinary Depot change women-owned status,,2026-06-03T15:10:33.991Z,2026-06-03T15:19:50.884Z,2026-06-03 18:10:33,2026-06-03 18:19:50,9,high,app_category_rules_prefix,CULINARY DEPOT,wxnsoopfrphiv0h,CULINARY DEPOT,true,exact,,false
Nikita,RC QUARTERMASTER,22,"Jun 3, 2026",ADD Mod Task to a develoepr,4e95de21-5966-4bb4-8b30-b5598d746707,q55fd5zbjptc7sm,RC QUARTERMASTER,RCQ ADD Mod Task to a develoepr,,2026-06-03T15:19:50.884Z,2026-06-03T15:42:00.075Z,2026-06-03 18:19:50,2026-06-03 18:42:00,22,high,app_category_rules_prefix,rcq,xyqool5euy8921q,RC QUARTERMASTER,true,exact,,false
Nikita,RESICUM INTERNATIONAL,22,"Jun 3, 2026",ADD mod Task to a dev,73024986-bcf0-45f1-b2ee-820e0b8c3aa8,aw4clpm3yvgu277,RESICUM INTERNATIONAL,RESICUM ADD mod Task to a dev,,2026-06-03T15:42:00.075Z,2026-06-03T16:03:58.712Z,2026-06-03 18:42:00,2026-06-03 19:03:58,22,high,app_category_rules_prefix,resicum,cyfajmbsq5oyjvp,RESICUM INTERNATIONAL,true,exact,,false
Nikita,Professional Stewards Services,11,"Jun 3, 2026",Professional Stewards Submit the Baseline mod,c45fc85e-56af-4c3f-a5b7-52270822180e,tfcdu4vrc8bhhdx,Professional Stewards Services,Professional Stewards Submit the Baseline mod,,2026-06-03T16:03:58.712Z,2026-06-03T16:14:57.935Z,2026-06-03 19:03:58,2026-06-03 19:14:57,11,high,app_category_rules,Professional Stewards Services,vt733t73m0b1k0q,Professional Stewards Services,true,consecutive,,false
Nikita,ASE Direct,57,"Jun 3, 2026",Training,d88d2cc7-8ac2-44eb-99ab-85c38c3f16e0,8358oy3bplsmock,ASE Direct,ASE Direct Training,,2026-06-03T16:14:57.935Z,2026-06-03T17:11:35.548Z,2026-06-03 19:14:57,2026-06-03 20:11:35,57,high,app_category_rules_prefix,ASE Direct,4ot9tymfakk246c,ASE Direct,true,exact,,false
Nikita,CARROLL WOODS,4,"Jun 3, 2026",Sign the mod,50789852-12a2-4146-96e7-4697108d42f3,q3fxi40dw0qedtc,CARROLL WOODS,CARROLL WOODS Sign the mod,,2026-06-03T17:11:35.548Z,2026-06-03T17:15:06.156Z,2026-06-03 20:11:35,2026-06-03 20:15:06,4,high,app_category_rules_prefix,CARROLL WOODS,plebd68unzwn3nw,CARROLL WOODS,true,exact,,false
Nikita,Professional Stewards Services,86,"Jun 3, 2026",Professional Stewards Submit the Baseline mod,2c003d84-5039-4396-bf12-703e084dff84,1vujxvl58irtdhf,Professional Stewards Services,Professional Stewards Submit the Baseline mod,,2026-06-03T17:15:06.156Z,2026-06-03T18:41:15.109Z,2026-06-03 20:15:06,2026-06-03 21:41:15,86,high,app_category_rules,Professional Stewards Services,vt733t73m0b1k0q,Professional Stewards Services,true,consecutive,,false
Nikita,RC QUARTERMASTER,12,"Jun 3, 2026",ADD Mod Task to a develoepr,65ee1fff-67f1-410e-8fc2-5bdd32fe0249,g0y0pqdmrgj41vn,RC QUARTERMASTER,RCQ ADD Mod Task to a develoepr,,2026-06-03T18:41:15.109Z,2026-06-03T18:53:33.436Z,2026-06-03 21:41:15,2026-06-03 21:53:33,12,high,app_category_rules_prefix,rcq,xyqool5euy8921q,RC QUARTERMASTER,true,exact,,false
Nikita,SINGULARITY SG,18,"Jun 3, 2026",Send updated FPR,66974b75-66c3-4414-926b-305a666a1b47,8k5soy38ghyw5bi,SINGULARITY SG,SSG Send updated FPR,,2026-06-03T18:53:33.436Z,2026-06-03T19:11:43.331Z,2026-06-03 21:53:33,2026-06-03 22:11:43,18,high,app_category_rules_prefix,ssg,czvhh5giqeiu4lk,SINGULARITY SG,true,exact,,false
Nikita,OURARING,32,"Jun 3, 2026",Address Change Submit,efffcfa3-e17c-4c51-a90b-9d21749f7e38,4m761wofvhxxmpe,OURARING,OURARING Address Change Submit,,2026-06-03T19:11:43.331Z,2026-06-03T19:44:09.095Z,2026-06-03 22:11:43,2026-06-03 22:44:09,32,high,app_category_rules_prefix,OURARING,h4xe790e955zja6,OURARING,true,exact,,false
Nikita,GLOBAL SOLUTIONS GROUP,9,"Jun 3, 2026",Submit the Baseline mod,80f57d9c-8cb3-468e-b86e-c69281516863,pcifdqtswfbr679,GLOBAL SOLUTIONS GROUP,GSG Submit the Baseline mod,,2026-06-03T19:44:09.095Z,2026-06-03T19:53:27.078Z,2026-06-03 22:44:09,2026-06-03 22:53:27,9,high,app_category_rules_prefix,gsg,bsnah0skhrjemsv,GLOBAL SOLUTIONS GROUP,true,exact,,false
Nikita,RESICUM INTERNATIONAL,8,"Jun 3, 2026",Address Change Submit,814d0792-8f63-4446-8aa8-6fbdd7398036,3wnb142maogvyf5,RESICUM INTERNATIONAL,RESICUM Address Change Submit,,2026-06-03T19:53:27.078Z,2026-06-03T20:01:04.287Z,2026-06-03 22:53:27,2026-06-03 23:01:04,8,high,app_category_rules_prefix,resicum,cyfajmbsq5oyjvp,RESICUM INTERNATIONAL,true,exact,,false
Nikita,GLOBAL SOLUTIONS GROUP,111,"Jun 3, 2026",Submit the Baseline mod,ebd141f8-e6f1-444d-a0c9-2c4f0ad98e6d,48r4lx9n818fnfh,GLOBAL SOLUTIONS GROUP,GSG Submit the Baseline mod,,2026-06-03T20:01:04.287Z,2026-06-03T21:52:11.015Z,2026-06-03 23:01:04,2026-06-04 00:52:11,111,high,app_category_rules_prefix,gsg,bsnah0skhrjemsv,GLOBAL SOLUTIONS GROUP,true,exact,,false
Nikita,Price Reporter,32,"Jun 4, 2026",price reporter planning,e54b7ac0-8362-4fe5-8cb7-f6af8236b88c,eprrjf9jx5oigdf,Price Reporter,price reporter planning,,2026-06-04T13:37:49.825Z,2026-06-04T14:09:37.985Z,2026-06-04 16:37:49,2026-06-04 17:09:37,32,low,price_reporter_fallback,,,,true,,,false
Nikita,GLOBAL SOLUTIONS GROUP,71,"Jun 4, 2026",FCP Transition,30cb3bdd-2eaa-4d27-86f6-84cf252e9a12,r9mz3w5ape92bft,GLOBAL SOLUTIONS GROUP,Global Solutions Group FCP Transition,,2026-06-04T14:09:37.985Z,2026-06-04T15:20:40.398Z,2026-06-04 17:09:37,2026-06-04 18:20:40,71,high,app_category_rules_prefix,GLOBAL SOLUTIONS GROUP,bsnah0skhrjemsv,GLOBAL SOLUTIONS GROUP,true,exact,,false
Nikita,RESICUM INTERNATIONAL,299,"Jun 4, 2026",Address Change Submit,0539f285-4315-41db-89d8-d8af5d7bd353,4fiu52kto317jir,RESICUM INTERNATIONAL,RESICUM Address Change Submit,,2026-06-04T15:20:40.398Z,2026-06-04T20:19:41.462Z,2026-06-04 18:20:40,2026-06-04 23:19:41,299,high,app_category_rules_prefix,resicum,cyfajmbsq5oyjvp,RESICUM INTERNATIONAL,true,exact,,false
Nikita,OURARING,17,"Jun 4, 2026",Address Change Submit,77e97488-d69c-415e-b43d-298801035776,snf1u2mjzharogs,OURARING,OURARING Address Change Submit,,2026-06-04T20:19:41.462Z,2026-06-04T20:36:30.757Z,2026-06-04 23:19:41,2026-06-04 23:36:30,17,high,app_category_rules_prefix,OURARING,h4xe790e955zja6,OURARING,true,exact,,false
Nikita,SMBLC,18,"Jun 4, 2026",SAM,f4e3aa68-e76e-40c5-b9c9-1ed5699344d6,14rps9r4o5exg8m,SMBLC,SMBLC SAM,,2026-06-04T20:36:30.757Z,2026-06-04T20:54:57.881Z,2026-06-04 23:36:30,2026-06-04 23:54:57,18,high,app_category_rules_prefix,SMBLC,729wf5l3mlsgkqn,SMBLC,true,exact,,false
Nikita,CARROLL WOODS,20,"Jun 4, 2026",Sign the mod,ed0daa52-e57a-4a11-a672-b6805c4f0d44,u84fvhl67n507zy,CARROLL WOODS,CARROLL WOODS Sign the mod,,2026-06-04T20:54:57.000Z,2026-06-04T21:15:00.000Z,2026-06-04 23:54:57,2026-06-05 00:15:00,20,high,app_category_rules_prefix,CARROLL WOODS,plebd68unzwn3nw,CARROLL WOODS,true,exact,,false
Nikita,SMBLC,36,"Jun 5, 2026",Novation SAM.gov,a2dbfebb-5d9d-463f-a23e-7bbdc2b2aca9,kanwdb1jjcjp6bf,SMBLC,SMBLC Novation SAM.gov,,2026-06-05T13:08:43.324Z,2026-06-05T13:44:25.851Z,2026-06-05 16:08:43,2026-06-05 16:44:25,36,high,app_category_rules_prefix,SMBLC,729wf5l3mlsgkqn,SMBLC,true,exact,,false
Nikita,CARROLL WOODS,100,"Jun 5, 2026",ADD SIN Sibmit,f2cd0602-e42a-46e6-906b-fb880538f9f3,aabm9ilo8de39xk,CARROLL WOODS,CARROLL WOODS ADD SIN Sibmit,,2026-06-05T13:53:32.391Z,2026-06-05T15:33:48.919Z,2026-06-05 16:53:32,2026-06-05 18:33:48,100,high,app_category_rules_prefix,CARROLL WOODS,plebd68unzwn3nw,CARROLL WOODS,true,exact,,false
Nikita,GLOBAL SOLUTIONS GROUP,3,"Jun 5, 2026",Submit the Baseline mod,b7534acf-c6a2-463b-aefd-b95bf9abcb50,s0j5435nxsrv9jg,GLOBAL SOLUTIONS GROUP,GSG Submit the Baseline mod,,2026-06-05T15:33:48.919Z,2026-06-05T15:36:58.569Z,2026-06-05 18:33:48,2026-06-05 18:36:58,3,high,app_category_rules_prefix,gsg,bsnah0skhrjemsv,GLOBAL SOLUTIONS GROUP,true,exact,,false
Nikita,RESICUM INTERNATIONAL,41,"Jun 5, 2026",ADD Mod Mod Package prepare,0df1d4fb-25f9-42e1-8e3a-0836a94ee08e,z3hxpevafjq235n,RESICUM INTERNATIONAL,RESICUM ADD Mod Mod Package prepare,,2026-06-05T15:36:58.569Z,2026-06-05T16:18:08.453Z,2026-06-05 18:36:58,2026-06-05 19:18:08,41,high,app_category_rules_prefix,resicum,cyfajmbsq5oyjvp,RESICUM INTERNATIONAL,true,exact,,false
Nikita,GLOBAL SOLUTIONS GROUP,45,"Jun 5, 2026",Submit the Baseline mod,c60be250-f601-4a01-9c1f-7a0335d262bd,1j3ka030aebsbtz,GLOBAL SOLUTIONS GROUP,GSG Submit the Baseline mod,,2026-06-05T16:18:08.453Z,2026-06-05T17:02:40.055Z,2026-06-05 19:18:08,2026-06-05 20:02:40,45,high,app_category_rules_prefix,gsg,bsnah0skhrjemsv,GLOBAL SOLUTIONS GROUP,true,exact,,false
Nikita,SINGULARITY SG,277,"Jun 5, 2026",ADD SIN resubmit,a979f144-2569-498f-8377-bfaf10c6b420,cy6vws292v692mr,SINGULARITY SG,SSG ADD SIN resubmit,,2026-06-05T17:02:40.055Z,2026-06-05T21:39:22.987Z,2026-06-05 20:02:40,2026-06-06 00:39:22,277,high,app_category_rules_prefix,ssg,czvhh5giqeiu4lk,SINGULARITY SG,true,exact,,false
Nikita,Price Reporter,2,"Jun 8, 2026",Price Reporter planning,3332912c-c921-4c4f-8523-a37b52305235,ymowvyy83kyul7p,Price Reporter,Price Reporter planning,,2026-06-08T13:29:53.862Z,2026-06-08T13:31:33.487Z,2026-06-08 16:29:53,2026-06-08 16:31:33,2,low,price_reporter_fallback,,,,true,,,false
Nikita,Planning,1,"Jun 8, 2026",3QC Planning,56350f84-4b11-4281-98a3-e20d1d5251c2,6l6lzuoi2l9uqpa,Planning,3QC Planning,,2026-06-08T13:31:33.487Z,2026-06-08T13:32:48.950Z,2026-06-08 16:31:33,2026-06-08 16:32:48,1,high,app_category_rules,Planning,di9k2uavzazcswi,Planning,true,exact,,false
Nikita,ASE Direct,8,"Jun 8, 2026",planning,4fc0ec74-f8dc-4c61-9af3-f8dafef3d9f0,94ncqt2g0mpzvw2,ASE Direct,ASE Direct planning,,2026-06-08T13:32:48.950Z,2026-06-08T13:40:26.815Z,2026-06-08 16:32:48,2026-06-08 16:40:26,8,high,app_category_rules_prefix,ASE Direct,4ot9tymfakk246c,ASE Direct,true,exact,,false
Nikita,CARROLL WOODS,11,"Jun 8, 2026",Planning,d9a2a2fd-97d7-4359-a0d5-19f381be402f,ekjrd3whuqmnb82,CARROLL WOODS,CARROLL WOODS Planning,,2026-06-08T13:40:26.815Z,2026-06-08T13:51:19.926Z,2026-06-08 16:40:26,2026-06-08 16:51:19,11,high,app_category_rules_prefix,CARROLL WOODS,plebd68unzwn3nw,CARROLL WOODS,true,exact,,false
Nikita,GLOBAL SOLUTIONS GROUP,3,"Jun 8, 2026",planning,ac6ca318-4a4c-4406-a70d-ce1993f6f2ff,kg9dgdg6dla8kdi,GLOBAL SOLUTIONS GROUP,GLobal Solutions Group planning,,2026-06-08T13:51:19.926Z,2026-06-08T13:54:27.775Z,2026-06-08 16:51:19,2026-06-08 16:54:27,3,high,app_category_rules_prefix,GLOBAL SOLUTIONS GROUP,bsnah0skhrjemsv,GLOBAL SOLUTIONS GROUP,true,exact,,false
Nikita,LAREDO TS,37,"Jun 8, 2026",Planning,3f569dc9-b96d-4212-bc5b-d7dd29d69e4e,hix1mjz8guhflge,LAREDO TS,LAREDO TS Planning,,2026-06-08T13:54:27.775Z,2026-06-08T14:31:25.943Z,2026-06-08 16:54:27,2026-06-08 17:31:25,37,high,app_category_rules_prefix,LAREDO TS,fbxx86uj001vjhc,LAREDO TS,true,exact,,false
Nikita,PARADISE PILLOW,1,"Jun 8, 2026",Cancellation mod check,ceea9223-79a4-428e-9954-fcd6d7ea6952,if8hfpx1vj3lzxy,PARADISE PILLOW,Paradise Pillow Cancellation mod check,,2026-06-08T14:31:25.000Z,2026-06-08T14:32:45.492Z,2026-06-08 17:31:25,2026-06-08 17:32:45,1,high,app_category_rules_prefix,PARADISE PILLOW,t54ozeu448llygh,PARADISE PILLOW,true,exact,,false
Nikita,Planning,1,"Jun 8, 2026",RESICUM Planning,4d827742-aa4b-448b-b3c0-19d43c0b8dc3,1p5knrej97qfkd8,Planning,RESICUM Planning,,2026-06-08T14:32:45.492Z,2026-06-08T14:33:59.352Z,2026-06-08 17:32:45,2026-06-08 17:33:59,1,high,app_category_rules,Planning,di9k2uavzazcswi,Planning,true,exact,,false
Nikita,Planning,2,"Jun 8, 2026",SAITECH Planning,aa73d7e9-e77c-45fe-a35b-f2617644ccdf,a5ee8isezf42f9u,Planning,SAITECH Planning,,2026-06-08T14:33:59.352Z,2026-06-08T14:35:59.967Z,2026-06-08 17:33:59,2026-06-08 17:35:59,2,high,app_category_rules,Planning,di9k2uavzazcswi,Planning,true,exact,,false
Nikita,SINGULARITY SG,2,"Jun 8, 2026",Planning,955867f5-599c-4e7c-aef9-2fd78a06c735,oxybdnnsxwl8nrt,SINGULARITY SG,Singularity SG Planning,,2026-06-08T14:35:59.967Z,2026-06-08T14:37:31.445Z,2026-06-08 17:35:59,2026-06-08 17:37:31,2,high,app_category_rules_prefix,SINGULARITY SG,czvhh5giqeiu4lk,SINGULARITY SG,true,exact,,false
Nikita,Planning,1,"Jun 8, 2026",SMBLC Planning,975cf2cb-43d9-433c-8ce1-52d5947876ce,4z414mbkboo226d,Planning,SMBLC Planning,,2026-06-08T14:37:31.445Z,2026-06-08T14:38:58.712Z,2026-06-08 17:37:31,2026-06-08 17:38:58,1,high,app_category_rules,Planning,di9k2uavzazcswi,Planning,true,exact,,false
Nikita,Planning,1,"Jun 8, 2026",SCW Planning,982ba75c-fa8a-4955-abdc-2b4f5f13acc4,3dbtciey3a01lj6,Planning,SCW Planning,,2026-06-08T14:38:58.712Z,2026-06-08T14:40:13.551Z,2026-06-08 17:38:58,2026-06-08 17:40:13,1,high,app_category_rules,Planning,di9k2uavzazcswi,Planning,true,exact,,false
Nikita,SOLUTION ONE,1,"Jun 8, 2026",Planning,79304108-8174-4242-8c76-f8801da79e00,632gqjdsk36z6pm,SOLUTION ONE,Solution One Planning,,2026-06-08T14:40:13.551Z,2026-06-08T14:41:31.818Z,2026-06-08 17:40:13,2026-06-08 17:41:31,1,high,app_category_rules_prefix,SOLUTION ONE,z7dtufl547y45bf,SOLUTION ONE,true,exact,,false
Nikita,Planning,10,"Jun 8, 2026",WFX Planning,493da97c-45c0-4cfe-9be4-1cd4fb4b8b7a,krklqdwcewqpst7,Planning,WFX Planning,,2026-06-08T14:41:31.818Z,2026-06-08T14:51:06.592Z,2026-06-08 17:41:31,2026-06-08 17:51:06,10,high,app_category_rules,Planning,di9k2uavzazcswi,Planning,true,exact,,false
Nikita,LOGICAL MARKETING,5,"Jun 8, 2026",update EPA type mod status,c9b74d25-24f4-4124-8a21-cac68897c7a3,o7mh2dwd10xmc95,LOGICAL MARKETING,Logical Marketing update EPA type mod status,,2026-06-08T14:51:06.592Z,2026-06-08T14:55:49.117Z,2026-06-08 17:51:06,2026-06-08 17:55:49,5,high,app_category_rules_prefix,LOGICAL MARKETING,1n7w5wzz05saue9,LOGICAL MARKETING,true,exact,,false
Nikita,NIS SOLUTIONS,7,"Jun 8, 2026",Update EPA type Mod Package,cea1f461-a9ba-41cf-a63d-560d99fa808c,jmh1m83i0tokr45,NIS SOLUTIONS,NIS Solutions Update EPA type Mod Package,,2026-06-08T14:55:49.117Z,2026-06-08T15:02:45.154Z,2026-06-08 17:55:49,2026-06-08 18:02:45,7,high,app_category_rules_prefix,NIS SOLUTIONS,y2w0nlmr7ohcdci,NIS SOLUTIONS,true,exact,,false
Nikita,PARADISE PILLOW,2,"Jun 8, 2026",Cancellation mod check,4e6909d2-cb1b-438d-905d-c8c2509f5dca,5soc3v7x6kbacg6,PARADISE PILLOW,Paradise Pillow Cancellation mod check,,2026-06-08T15:02:45.154Z,2026-06-08T15:04:22.942Z,2026-06-08 18:02:45,2026-06-08 18:04:22,2,high,app_category_rules_prefix,PARADISE PILLOW,t54ozeu448llygh,PARADISE PILLOW,true,exact,,false
Nikita,Professional Stewards Services,2,"Jun 8, 2026",Professional Stewards Check Baseline mod status,3b9c1cb0-ed81-4657-9100-09f115a2753b,edzfxkjqg4phamy,Professional Stewards Services,Professional Stewards Check Baseline mod status,,2026-06-08T15:04:22.942Z,2026-06-08T15:05:58.884Z,2026-06-08 18:04:22,2026-06-08 18:05:58,2,high,app_category_rules,Professional Stewards Services,vt733t73m0b1k0q,Professional Stewards Services,true,consecutive,,false
Nikita,RESICUM INTERNATIONAL,7,"Jun 8, 2026",Address Change Check Status,f75303b8-9778-4060-84e2-5c4aa96cd818,2fqk1gryiz3feyz,RESICUM INTERNATIONAL,RESICUM Address Change Check Status,,2026-06-08T15:05:58.884Z,2026-06-08T15:13:02.185Z,2026-06-08 18:05:58,2026-06-08 18:13:02,7,high,app_category_rules_prefix,resicum,cyfajmbsq5oyjvp,RESICUM INTERNATIONAL,true,exact,,false
Nikita,SOUTHERN COMPUTER warehouse,5,"Jun 8, 2026",Robomod update fm CO,6c8e2a2f-183f-4d52-80b1-3cccadf16a8b,94ptxz0jokb2i9r,SOUTHERN COMPUTER warehouse,SCW Robomod update fm CO,,2026-06-08T15:13:02.185Z,2026-06-08T15:18:23.202Z,2026-06-08 18:13:02,2026-06-08 18:18:23,5,high,app_category_rules_prefix,scw,ymen8hrd84q8g0s,SOUTHERN COMPUTER warehouse,true,exact,,false
Nikita,WATER FILTER EXCHANGE,3,"Jun 8, 2026",Check the T&C Update status,7001323a-8d6d-4b9c-b49b-43bb8bcd328c,l77bz1l0eful5aa,WATER FILTER EXCHANGE,WFX Check the T&C Update status,,2026-06-08T15:18:23.202Z,2026-06-08T15:21:09.878Z,2026-06-08 18:18:23,2026-06-08 18:21:09,3,high,app_category_rules_prefix,wfx,wpb8lqjp1kohju7,WATER FILTER EXCHANGE,true,exact,,false
Nikita,FALCON LOGIC,2,"Jun 8, 2026",EDI Check T&C update,0fc4ec13-4878-491e-a8ce-44255970a531,0rarc17w6ye9ayz,FALCON LOGIC,FALCON LOGIC EDI Check T&C update,,2026-06-08T15:21:09.878Z,2026-06-08T15:23:34.455Z,2026-06-08 18:21:09,2026-06-08 18:23:34,2,high,app_category_rules_prefix,FALCON LOGIC,a20idjj0hxfw3f9,FALCON LOGIC,true,exact,,false
Nikita,FALCON LOGIC,16,"Jun 8, 2026",send a clarification email on clients question on the product/service addition,9ac188cd-950f-4150-bd93-d3b676492a4b,lxq5lkqmlljguh5,FALCON LOGIC,FALCON Logic send a clarification email on clients question on the product/service addition,,2026-06-08T15:23:34.455Z,2026-06-08T15:39:47.504Z,2026-06-08 18:23:34,2026-06-08 18:39:47,16,high,app_category_rules_prefix,FALCON LOGIC,a20idjj0hxfw3f9,FALCON LOGIC,true,exact,,false
Nikita,NIS SOLUTIONS,1,"Jun 8, 2026",Update EPA type Mod Package,5759e985-9fc0-42e2-ab6b-2d1687f6f398,ahx8n66aqai7zw7,NIS SOLUTIONS,NIS Solutions Update EPA type Mod Package,,2026-06-08T15:39:47.504Z,2026-06-08T15:40:52.233Z,2026-06-08 18:39:47,2026-06-08 18:40:52,1,high,app_category_rules_prefix,NIS SOLUTIONS,y2w0nlmr7ohcdci,NIS SOLUTIONS,true,exact,,false
Nikita,LOGICAL MARKETING,1,"Jun 8, 2026",update EPA type mod status,220e67bd-ae26-4b02-9b5e-80f5cfdaeb8c,cpc27xfn364fghb,LOGICAL MARKETING,Logical Marketing update EPA type mod status,,2026-06-08T15:40:52.233Z,2026-06-08T15:41:58.504Z,2026-06-08 18:40:52,2026-06-08 18:41:58,1,high,app_category_rules_prefix,LOGICAL MARKETING,1n7w5wzz05saue9,LOGICAL MARKETING,true,exact,,false
Nikita,RESICUM INTERNATIONAL,6,"Jun 8, 2026",EPA type Check Email from Justun,ccf330e6-42dc-46d5-b441-b0b0c4979c7d,2aqoexwveg1xhk6,RESICUM INTERNATIONAL,RESICUM EPA type Check Email from Justun,,2026-06-08T15:41:58.504Z,2026-06-08T15:47:59.204Z,2026-06-08 18:41:58,2026-06-08 18:47:59,6,high,app_category_rules_prefix,resicum,cyfajmbsq5oyjvp,RESICUM INTERNATIONAL,true,exact,,false
Nikita,BALL OFFICE PRODUCTS,34,"Jun 8, 2026",Dt Follow up Lorell ADD mod,5a5bfa2e-9fc3-4bf7-8dfe-6d6f63b94d1a,pbai2p39gtpxy5n,BALL OFFICE PRODUCTS,BOP Dt Follow up Lorell ADD mod,,2026-06-08T15:47:59.204Z,2026-06-08T16:21:39.994Z,2026-06-08 18:47:59,2026-06-08 19:21:39,34,high,app_category_rules_prefix,bop,18o4vipv6vv7yzz,BALL OFFICE PRODUCTS,true,exact,,false
Nikita,CARROLL WOODS,95,"Jun 8, 2026",CandP process and submit the ADD SIN mod,08247d54-0320-42e7-881c-b7995a25c60e,s0c7rgyilgp0x54,CARROLL WOODS,CARROLL WOODS CandP process and submit the ADD SIN mod,,2026-06-08T16:21:39.994Z,2026-06-08T17:56:25.265Z,2026-06-08 19:21:39,2026-06-08 20:56:25,95,high,app_category_rules_prefix,CARROLL WOODS,plebd68unzwn3nw,CARROLL WOODS,true,exact,,false
Nikita,GLOBAL SOLUTIONS GROUP,64,"Jun 8, 2026",Submit Baseline product after CandP report,4f2d2d31-790f-482c-b3bb-17fdf68334ae,1oyr34m2x36rczi,GLOBAL SOLUTIONS GROUP,GSG Submit Baseline product after CandP report,,2026-06-08T17:56:25.265Z,2026-06-08T19:00:03.810Z,2026-06-08 20:56:25,2026-06-08 22:00:03,64,high,app_category_rules_prefix,gsg,bsnah0skhrjemsv,GLOBAL SOLUTIONS GROUP,true,exact,,false
Nikita,LAREDO TS,28,"Jun 8, 2026",Call,23b3a4e2-b42a-4755-b477-b4567aa68595,1n4l4ryr4g612n2,LAREDO TS,LAREDO TS Call,,2026-06-08T19:00:03.810Z,2026-06-08T19:28:07.692Z,2026-06-08 22:00:03,2026-06-08 22:28:07,28,high,app_category_rules_prefix,LAREDO TS,fbxx86uj001vjhc,LAREDO TS,true,exact,,false
Nikita,SAITECH,308,"Jun 8, 2026",Market Research on 62 items,a4483b00-1675-4915-ad58-01f074c89df4,jf555mhtvdukc7j,SAITECH,SAITECH Market Research on 62 items,,2026-06-08T19:28:07.692Z,2026-06-09T00:35:49.081Z,2026-06-08 22:28:07,2026-06-09 03:35:49,308,high,app_category_rules_prefix,SAITECH,0bq2ve7q5ean61p,SAITECH,true,exact,,false
Nikita,Price Reporter,41,"Jun 9, 2026",price reporter planning,180bcbe6-3f05-4fd3-b035-5e9de654d227,x4s8ba11m8owcgz,Price Reporter,price reporter planning,,2026-06-09T13:41:11.501Z,2026-06-09T14:22:38.354Z,2026-06-09 16:41:11,2026-06-09 17:22:38,41,low,price_reporter_fallback,,,,true,,,false
Nikita,SAITECH,217,"Jun 9, 2026",Market research,91bb5009-15cc-4698-81b9-ae548bb8f0ce,uj1wylkjyel5j0i,SAITECH,SAITECH Market research,,2026-06-09T14:22:38.000Z,2026-06-09T18:00:00.000Z,2026-06-09 17:22:38,2026-06-09 21:00:00,217,high,app_category_rules_prefix,SAITECH,0bq2ve7q5ean61p,SAITECH,true,exact,,false
Nikita,Price Reporter,61,"Jun 9, 2026",price reporter webinar,77eee97e-6cad-44c1-871b-39f2b329bcf9,to4zaepsplttse4,Price Reporter,price reporter webinar,,2026-06-09T18:00:00.000Z,2026-06-09T19:00:31.922Z,2026-06-09 21:00:00,2026-06-09 22:00:31,61,low,price_reporter_fallback,,,,true,,,false
Nikita,SAITECH,123,"Jun 9, 2026",market research,9c8c0e0d-edf8-4675-85c2-bfce5e9c4f03,8e3lckbgpqq0rnk,SAITECH,SAITECH market research,,2026-06-09T19:00:57.829Z,2026-06-09T21:04:01.120Z,2026-06-09 22:00:57,2026-06-10 00:04:01,123,high,app_category_rules_prefix,SAITECH,0bq2ve7q5ean61p,SAITECH,true,exact,,false
Nikita,RESICUM INTERNATIONAL,60,"Jun 10, 2026",call recap,cb9ea81c-ce51-49d6-9d6f-20748bdcf091,yongceilctqktz1,RESICUM INTERNATIONAL,RESICUM call recap,,2026-06-10T14:00:00.000Z,2026-06-10T15:00:00.000Z,2026-06-10 17:00:00,2026-06-10 18:00:00,60,high,app_category_rules_prefix,resicum,cyfajmbsq5oyjvp,RESICUM INTERNATIONAL,true,exact,,false
Nikita,Price Reporter,70,"Jun 10, 2026",price reporter case study,71e8ea89-d210-4470-97ce-42597418de93,o7ahqdxifc0de6f,Price Reporter,price reporter case study,,2026-06-10T15:00:00.000Z,2026-06-10T16:10:13.693Z,2026-06-10 18:00:00,2026-06-10 19:10:13,70,low,price_reporter_fallback,,,,true,,,false
Nikita,3QC,4,"Jun 10, 2026",MAS,f81a31ac-53aa-4159-aca0-325e42e38917,de71eaukukfm71r,3QC,3QC MAS,,2026-06-10T16:16:50.243Z,2026-06-10T16:21:16.995Z,2026-06-10 19:16:50,2026-06-10 19:21:16,4,high,app_category_rules_prefix,3QC,02rvnzxutdhfenn,3QC,true,exact,,false
Nikita,ASE Direct,4,"Jun 10, 2026",MAS,d61d1431-4fb9-4e4a-8b52-9235b5aa9093,a24racqgtoyq08f,ASE Direct,ASE DIRECT MAS,,2026-06-10T16:21:16.995Z,2026-06-10T16:25:41.531Z,2026-06-10 19:21:16,2026-06-10 19:25:41,4,high,app_category_rules_prefix,ASE Direct,4ot9tymfakk246c,ASE Direct,true,exact,,false
Nikita,AGE SOLUTIONS,5,"Jun 10, 2026",MAS,283af688-9964-4130-9dad-23446fbc30cd,ay8bw879qfgutdy,AGE SOLUTIONS,AGE SOLUTIONS MAS,,2026-06-10T16:25:41.531Z,2026-06-10T16:30:57.115Z,2026-06-10 19:25:41,2026-06-10 19:30:57,5,high,app_category_rules_prefix,AGE SOLUTIONS,nushprvzre8kd23,AGE SOLUTIONS,true,exact,,false
Nikita,CARROLL WOODS,19,"Jun 10, 2026",MAS,1c94fe6e-5624-47ee-8d38-12777a13b6fd,vj44z5hafz1hxb8,CARROLL WOODS,CARROLL WOODS MAS,,2026-06-10T16:30:57.115Z,2026-06-10T16:49:40.092Z,2026-06-10 19:30:57,2026-06-10 19:49:40,19,high,app_category_rules_prefix,CARROLL WOODS,plebd68unzwn3nw,CARROLL WOODS,true,exact,,false
Nikita,CHAPEL HILL,5,"Jun 10, 2026",MAS,b2820733-5632-4cb0-a885-234de3b70539,c8sibs5684ai2q3,CHAPEL HILL,CHAPEL HILL MAS,,2026-06-10T16:49:40.092Z,2026-06-10T16:54:18.819Z,2026-06-10 19:49:40,2026-06-10 19:54:18,5,high,app_category_rules_prefix,CHAPEL HILL,m9plfw22xb411jc,CHAPEL HILL,true,exact,,false
Nikita,CULINARY DEPOT,1,"Jun 10, 2026",MAS,5cbdcdb1-1c6e-4d32-87d3-7beda1e6ecb2,bg4u4cqvsr41nld,CULINARY DEPOT,Culinary Depot MAS,,2026-06-10T16:54:18.819Z,2026-06-10T16:55:31.613Z,2026-06-10 19:54:18,2026-06-10 19:55:31,1,high,app_category_rules_prefix,CULINARY DEPOT,wxnsoopfrphiv0h,CULINARY DEPOT,true,exact,,false
Nikita,FALCON LOGIC,6,"Jun 10, 2026",MAS,045e8d01-c61f-4f46-b9c2-6357c43c6af4,718aqtrsxnctzeq,FALCON LOGIC,FALCON LOGIC MAS,,2026-06-10T16:55:31.613Z,2026-06-10T17:01:40.783Z,2026-06-10 19:55:31,2026-06-10 20:01:40,6,high,app_category_rules_prefix,FALCON LOGIC,a20idjj0hxfw3f9,FALCON LOGIC,true,exact,,false
Nikita,GLOBAL SOLUTIONS GROUP,9,"Jun 10, 2026",MAS,4764d9cb-a491-4d9b-8e05-eafd2b95def5,d3ewr0twq1wf22g,GLOBAL SOLUTIONS GROUP,GLOBAL SOLUTIONS GROUP MAS,,2026-06-10T17:01:40.783Z,2026-06-10T17:11:02.271Z,2026-06-10 20:01:40,2026-06-10 20:11:02,9,high,app_category_rules_prefix,GLOBAL SOLUTIONS GROUP,bsnah0skhrjemsv,GLOBAL SOLUTIONS GROUP,true,exact,,false
Nikita,LAREDO TS,5,"Jun 10, 2026",MAS,f2b0f369-4ccc-41d8-a5e5-9db334ab08e2,4bj2vb6kkmacbi2,LAREDO TS,LAREDO TS MAS,,2026-06-10T17:11:02.271Z,2026-06-10T17:15:49.486Z,2026-06-10 20:11:02,2026-06-10 20:15:49,5,high,app_category_rules_prefix,LAREDO TS,fbxx86uj001vjhc,LAREDO TS,true,exact,,false
Nikita,LOGICAL MARKETING,17,"Jun 10, 2026",MAS,ca3f05d2-0ea8-4339-8e0b-62b4cbcf6f5f,l0u2z77c5262kdz,LOGICAL MARKETING,LOGICAL MARKETING MAS,,2026-06-10T17:15:49.486Z,2026-06-10T17:32:20.471Z,2026-06-10 20:15:49,2026-06-10 20:32:20,17,high,app_category_rules_prefix,LOGICAL MARKETING,1n7w5wzz05saue9,LOGICAL MARKETING,true,exact,,false
Nikita,NIS SOLUTIONS,3,"Jun 10, 2026",SOLUTION MAS,2065308d-1509-4bde-b461-faf77bc0fb2d,emosaiywi6ifmxm,NIS SOLUTIONS,NIS SOLUTION MAS,,2026-06-10T17:32:20.471Z,2026-06-10T17:35:43.267Z,2026-06-10 20:32:20,2026-06-10 20:35:43,3,high,app_category_rules_prefix,nis,y2w0nlmr7ohcdci,NIS SOLUTIONS,true,exact,,false
Nikita,OURARING,1,"Jun 10, 2026",MAS,f29c15de-5628-4040-9584-1fc037b9a886,mtfb6nm50m88av9,OURARING,OURARING MAS,,2026-06-10T17:35:43.267Z,2026-06-10T17:36:56.893Z,2026-06-10 20:35:43,2026-06-10 20:36:56,1,high,app_category_rules_prefix,OURARING,h4xe790e955zja6,OURARING,true,exact,,false
Nikita,PARADISE PILLOW,50,"Jun 10, 2026",MAS,022e6d25-717f-4b08-89a3-80a64f5d65a3,85raen263rqi344,PARADISE PILLOW,PARADISE Pillow MAS,,2026-06-10T17:36:56.893Z,2026-06-10T18:27:12.024Z,2026-06-10 20:36:56,2026-06-10 21:27:12,50,high,app_category_rules_prefix,PARADISE PILLOW,t54ozeu448llygh,PARADISE PILLOW,true,exact,,false
Nikita,Professional Stewards Services,2,"Jun 10, 2026",PROFESSIONAL STEWARDS MAS,9f8fea1b-33db-4923-8aad-bc50b938f38e,xfp92z6h5mvuf44,Professional Stewards Services,PROFESSIONAL STEWARDS MAS,,2026-06-10T18:27:12.024Z,2026-06-10T18:28:45.784Z,2026-06-10 21:27:12,2026-06-10 21:28:45,2,high,app_category_rules,Professional Stewards Services,vt733t73m0b1k0q,Professional Stewards Services,true,consecutive,,false
Nikita,RC QUARTERMASTER,4,"Jun 10, 2026",MAS,ac973b65-b19a-4023-85de-63d4cc741178,75oryrejnv6dce0,RC QUARTERMASTER,RC Quartermaster MAS,,2026-06-10T18:28:45.784Z,2026-06-10T18:32:59.956Z,2026-06-10 21:28:45,2026-06-10 21:32:59,4,high,app_category_rules_prefix,RC QUARTERMASTER,xyqool5euy8921q,RC QUARTERMASTER,true,exact,,false
Nikita,RESICUM INTERNATIONAL,9,"Jun 10, 2026",LLC,93decf4a-5b9f-490a-a706-51290618d088,dl1k4e8de9qh72a,RESICUM INTERNATIONAL,RESICUM LLC,,2026-06-10T18:32:59.956Z,2026-06-10T18:41:34.883Z,2026-06-10 21:32:59,2026-06-10 21:41:34,9,high,app_category_rules_prefix,resicum,cyfajmbsq5oyjvp,RESICUM INTERNATIONAL,true,exact,,false
Nikita,SAITECH,13,"Jun 10, 2026",MAS,b9741ccd-6429-46d4-88d5-811b39580235,ft586v4aeh4w807,SAITECH,SAITECH MAS,,2026-06-10T18:41:34.883Z,2026-06-10T18:55:03.177Z,2026-06-10 21:41:34,2026-06-10 21:55:03,13,high,app_category_rules_prefix,SAITECH,0bq2ve7q5ean61p,SAITECH,true,exact,,false
Nikita,LAREDO TS,10,"Jun 10, 2026",call,eb2c93fb-3426-4711-84b7-7d7ed0e81907,ow47i6n64696sqv,LAREDO TS,laredo ts call,,2026-06-10T18:55:03.177Z,2026-06-10T19:04:39.407Z,2026-06-10 21:55:03,2026-06-10 22:04:39,10,high,app_category_rules_prefix,LAREDO TS,fbxx86uj001vjhc,LAREDO TS,true,exact,,false
Nikita,SINGULARITY SG,6,"Jun 10, 2026",MAS,f6cd7739-49ee-4e7d-aa6c-5be97cab0cc9,1595g9c1nkndari,SINGULARITY SG,SSG MAS,,2026-06-10T19:04:39.407Z,2026-06-10T19:10:58.094Z,2026-06-10 22:04:39,2026-06-10 22:10:58,6,high,app_category_rules_prefix,ssg,czvhh5giqeiu4lk,SINGULARITY SG,true,exact,,false
Nikita,SMBLC,2,"Jun 10, 2026",MAS,bceeb5aa-0aed-43f1-bd19-1875b367312c,echumqaolpumooj,SMBLC,SMBLC MAS,,2026-06-10T19:10:58.094Z,2026-06-10T19:12:42.101Z,2026-06-10 22:10:58,2026-06-10 22:12:42,2,high,app_category_rules_prefix,SMBLC,729wf5l3mlsgkqn,SMBLC,true,exact,,false
Nikita,SNAP,6,"Jun 10, 2026",INC MAS,d03d323c-07f6-403c-bf7c-071b97d82205,aa23a5ff84szxih,SNAP,SNAP INC MAS,,2026-06-10T19:12:42.101Z,2026-06-10T19:18:36.557Z,2026-06-10 22:12:42,2026-06-10 22:18:36,6,high,app_category_rules_prefix,SNAP,7jczrrqryvq7ou7,SNAP,true,exact,,false
Nikita,VENTECH,3,"Jun 10, 2026",MAS,183c8f99-e7a8-406e-9342-a110e38295fb,k8w05ia8pu8vvnh,VENTECH,Ventech MAS,,2026-06-10T19:18:36.557Z,2026-06-10T19:22:04.516Z,2026-06-10 22:18:36,2026-06-10 22:22:04,3,high,app_category_rules_prefix,VENTECH,ha3fek5azc9qo7t,VENTECH,true,exact,,false
Nikita,SOLUTION ONE,3,"Jun 10, 2026",MAS,0fc2ccfa-300e-446e-b2b3-7bff585dae70,56tm10k74lbs5ua,SOLUTION ONE,SOLUTION ONE MAS,,2026-06-10T19:22:04.516Z,2026-06-10T19:25:34.028Z,2026-06-10 22:22:04,2026-06-10 22:25:34,3,high,app_category_rules_prefix,SOLUTION ONE,z7dtufl547y45bf,SOLUTION ONE,true,exact,,false
Nikita,SOUTHERN COMPUTER warehouse,7,"Jun 10, 2026",MAS Southern Computer Warehouse,89e107e7-50ce-4fa1-8038-1a3ebf01f34f,u8ysgor753l6kjo,SOUTHERN COMPUTER warehouse,MAS Southern Computer Warehouse,,2026-06-10T19:25:34.028Z,2026-06-10T19:32:50.165Z,2026-06-10 22:25:34,2026-06-10 22:32:50,7,high,app_category_rules,SOUTHERN COMPUTER warehouse,ymen8hrd84q8g0s,SOUTHERN COMPUTER warehouse,true,exact,,false
Nikita,WATER FILTER EXCHANGE,4,"Jun 10, 2026",MAS,a81994c6-c2f3-4dd1-8349-7314f6bfb433,9g86784m80h5l7q,WATER FILTER EXCHANGE,WFX MAS,,2026-06-10T19:32:50.165Z,2026-06-10T19:36:38.893Z,2026-06-10 22:32:50,2026-06-10 22:36:38,4,high,app_category_rules_prefix,wfx,wpb8lqjp1kohju7,WATER FILTER EXCHANGE,true,exact,,false
Nikita,SAITECH,8,"Jun 10, 2026",FM Sync,34330099-79d6-4690-99ac-43ae935b7722,mdu7t1uds7vb0qp,SAITECH,SAITECH FM Sync,,2026-06-10T19:36:38.893Z,2026-06-10T19:44:25.620Z,2026-06-10 22:36:38,2026-06-10 22:44:25,8,high,app_category_rules_prefix,SAITECH,0bq2ve7q5ean61p,SAITECH,true,exact,,false
Nikita,SAITECH,28,"Jun 10, 2026",FM Sync,ebd518ee-8ca4-4485-b839-c99148aae7c4,981q5qu0hdf0gft,SAITECH,SAITECH FM Sync,,2026-06-10T20:00:00.000Z,2026-06-10T20:28:18.673Z,2026-06-10 23:00:00,2026-06-10 23:28:18,28,high,app_category_rules_prefix,SAITECH,0bq2ve7q5ean61p,SAITECH,true,exact,,false
Nikita,Price Reporter,48,"Jun 10, 2026",Price Reporter Email check,c5a32add-2b14-4faf-9b8c-81afac267cd8,tnlyq3ybq4nj6yr,Price Reporter,Price Reporter Email check,,2026-06-10T20:28:18.673Z,2026-06-10T21:15:52.916Z,2026-06-10 23:28:18,2026-06-11 00:15:52,48,low,price_reporter_fallback,,,,true,,,false
Nikita,Price Reporter,11,"Jun 11, 2026",price reporter planning,5cda38db-c671-4d9d-9096-a9cee7fccfd2,bxf22ljztgbc5gn,Price Reporter,price reporter planning,,2026-06-11T14:06:57.778Z,2026-06-11T14:17:27.810Z,2026-06-11 17:06:57,2026-06-11 17:17:27,11,low,price_reporter_fallback,,,,true,,,false
Nikita,RESICUM INTERNATIONAL,25,"Jun 11, 2026",answer,b4fb7d2c-0447-4dc6-b89d-9781c4ac1919,r97yt38yt7xnduo,RESICUM INTERNATIONAL,RESICUM answer,,2026-06-11T14:17:27.810Z,2026-06-11T14:42:57.078Z,2026-06-11 17:17:27,2026-06-11 17:42:57,25,high,app_category_rules_prefix,resicum,cyfajmbsq5oyjvp,RESICUM INTERNATIONAL,true,exact,,false
Nikita,VENTECH,5,"Jun 11, 2026",snap/ventech answer with a call,2f420e06-3fbb-41e8-9035-c1786920c352,qvp3emaq6zzevk6,VENTECH,snap/ventech answer with a call,,2026-06-11T14:42:57.078Z,2026-06-11T14:47:42.140Z,2026-06-11 17:42:57,2026-06-11 17:47:42,5,high,app_category_rules,VENTECH,ha3fek5azc9qo7t,VENTECH,true,exact,,false
Nikita,SOUTHERN COMPUTER warehouse,13,"Jun 11, 2026",Major mod,b2466f0c-791e-4fc3-80e8-257e29a644d5,iwpsgpy1j6zxcz0,SOUTHERN COMPUTER warehouse,SCW Major mod,,2026-06-11T14:47:42.140Z,2026-06-11T15:00:48.258Z,2026-06-11 17:47:42,2026-06-11 18:00:48,13,high,app_category_rules_prefix,scw,ymen8hrd84q8g0s,SOUTHERN COMPUTER warehouse,true,exact,,false
Nikita,Planning,5,"Jun 11, 2026",BALL OFFICE Planning,53a5c3b0-6eba-40ca-beb1-6539c96cbcfa,4gvjefxi8sf2tv1,Planning,BALL OFFICE Planning,,2026-06-11T15:00:48.258Z,2026-06-11T15:05:56.946Z,2026-06-11 18:00:48,2026-06-11 18:05:56,5,high,app_category_rules,Planning,di9k2uavzazcswi,Planning,true,exact,,false
Nikita,CARROLL WOODS,20,"Jun 11, 2026",planning,efd8ab70-b770-4f19-bc6a-5b6486c17e2a,8guz7bdvbh5oy4o,CARROLL WOODS,Carroll woods planning,,2026-06-11T15:05:56.946Z,2026-06-11T15:25:32.154Z,2026-06-11 18:05:56,2026-06-11 18:25:32,20,high,app_category_rules_prefix,CARROLL WOODS,plebd68unzwn3nw,CARROLL WOODS,true,exact,,false
Nikita,FALCON LOGIC,2,"Jun 11, 2026",Planning,24631125-bdfc-4372-90ac-96ae19ca6fef,3bf35ms5x7ow0k3,FALCON LOGIC,FALCON LOGIC Planning,,2026-06-11T15:25:32.154Z,2026-06-11T15:27:22.490Z,2026-06-11 18:25:32,2026-06-11 18:27:22,2,high,app_category_rules_prefix,FALCON LOGIC,a20idjj0hxfw3f9,FALCON LOGIC,true,exact,,false
Nikita,Planning,3,"Jun 11, 2026",GSG Planning,5f299fbb-cedb-4af2-af9b-76b13eb163c2,vdx2logd3no72i7,Planning,GSG Planning,,2026-06-11T15:27:22.490Z,2026-06-11T15:29:57.243Z,2026-06-11 18:27:22,2026-06-11 18:29:57,3,high,app_category_rules,Planning,di9k2uavzazcswi,Planning,true,exact,,false
Nikita,LAREDO TS,19,"Jun 11, 2026",Planning,1d703867-5fe7-4dcd-bc10-309308fe3793,s6ptjkqrs2azeyi,LAREDO TS,LAREDO TS Planning,,2026-06-11T15:29:57.243Z,2026-06-11T15:48:58.147Z,2026-06-11 18:29:57,2026-06-11 18:48:58,19,high,app_category_rules_prefix,LAREDO TS,fbxx86uj001vjhc,LAREDO TS,true,exact,,false
Nikita,NIS SOLUTIONS,9,"Jun 11, 2026",planning,26fe7122-ad80-4c30-80fc-2f0fb96e6d4e,fr3pk1wsn64t4a2,NIS SOLUTIONS,NIS Solutions planning,,2026-06-11T15:49:24.416Z,2026-06-11T15:58:28.555Z,2026-06-11 18:49:24,2026-06-11 18:58:28,9,high,app_category_rules_prefix,NIS SOLUTIONS,y2w0nlmr7ohcdci,NIS SOLUTIONS,true,exact,,false
Nikita,Price Reporter,1,"Jun 11, 2026",OURARING planning,5dff0ed6-88f6-45b0-b9f4-02a31fcaca78,4hunw9dhx7hx7qu,OURARING,OURARING planning,,2026-06-11T15:58:28.555Z,2026-06-11T15:59:57.721Z,2026-06-11 18:58:28,2026-06-11 18:59:57,1,ambiguous,ambiguous_existing_category_match,,,,true,exact,OURARING; Planning,false
Nikita,Planning,1,"Jun 11, 2026",Professional stewards planning,fb76b1af-a37d-4784-9fd3-4632176a63a1,snjykbghmgin7x8,Planning,Professional stewards planning,,2026-06-11T15:59:57.721Z,2026-06-11T16:00:41.961Z,2026-06-11 18:59:57,2026-06-11 19:00:41,1,high,app_category_rules,Planning,di9k2uavzazcswi,Planning,true,exact,,false
Nikita,RC QUARTERMASTER,1,"Jun 11, 2026",planning,b0b3bdf9-c9b3-40c0-9c55-1dbcd7e255a9,59cf1x9y3witxy9,RC QUARTERMASTER,RC Quartermaster planning,,2026-06-11T16:00:41.961Z,2026-06-11T16:01:59.531Z,2026-06-11 19:00:41,2026-06-11 19:01:59,1,high,app_category_rules_prefix,RC QUARTERMASTER,xyqool5euy8921q,RC QUARTERMASTER,true,exact,,false
Nikita,Planning,6,"Jun 11, 2026",RESICUM planning,bab7d277-55b1-4cd6-8c13-d5a20a6917e7,6iu44dcp9okjkzs,Planning,RESICUM planning,,2026-06-11T16:01:59.531Z,2026-06-11T16:08:04.182Z,2026-06-11 19:01:59,2026-06-11 19:08:04,6,high,app_category_rules,Planning,di9k2uavzazcswi,Planning,true,exact,,false
Nikita,Planning,8,"Jun 11, 2026",SAITECH Planning,5eb8df47-a81c-4314-b0b4-c542315d009d,xkzxqsd5o9n2t5x,Planning,SAITECH Planning,,2026-06-11T16:08:04.182Z,2026-06-11T16:16:09.777Z,2026-06-11 19:08:04,2026-06-11 19:16:09,8,high,app_category_rules,Planning,di9k2uavzazcswi,Planning,true,exact,,false
Nikita,Planning,5,"Jun 11, 2026",SSG Planning,bf4790f9-c28a-4d38-8be1-6054b6f1c65f,5bd7d34fndq4rfv,Planning,SSG Planning,,2026-06-11T16:16:09.777Z,2026-06-11T16:21:31.386Z,2026-06-11 19:16:09,2026-06-11 19:21:31,5,high,app_category_rules,Planning,di9k2uavzazcswi,Planning,true,exact,,false
Nikita,Planning,8,"Jun 11, 2026",SCW Planning,a56bae04-8321-47a2-b68d-7304d3f37579,r0tidfj0ixofull,Planning,SCW Planning,,2026-06-11T16:21:31.386Z,2026-06-11T16:29:12.608Z,2026-06-11 19:21:31,2026-06-11 19:29:12,8,high,app_category_rules,Planning,di9k2uavzazcswi,Planning,true,exact,,false
Nikita,SOLUTION ONE,10,"Jun 11, 2026",planning,8d75dc21-d80d-4eb3-9b19-ec903ce9fff1,6bglsfbl7bp9trx,SOLUTION ONE,Solution one planning,,2026-06-11T16:29:12.608Z,2026-06-11T16:39:23.895Z,2026-06-11 19:29:12,2026-06-11 19:39:23,10,high,app_category_rules_prefix,SOLUTION ONE,z7dtufl547y45bf,SOLUTION ONE,true,exact,,false
Nikita,BALL OFFICE PRODUCTS,178,"Jun 11, 2026",DEL Out of Scope text revise,167d398d-d2d1-4267-92dc-245657c98f15,fy1awhmgxr06cua,BALL OFFICE PRODUCTS,BOP DEL Out of Scope text revise,,2026-06-11T16:39:23.895Z,2026-06-11T19:37:39.800Z,2026-06-11 19:39:23,2026-06-11 22:37:39,178,high,app_category_rules_prefix,bop,18o4vipv6vv7yzz,BALL OFFICE PRODUCTS,true,exact,,false
Nikita,SAITECH,9,"Jun 11, 2026",FM Sync,8f311936-6dad-4b29-9111-470b2a537fcf,gqq7ez3scro009e,SAITECH,SAITECH FM Sync,,2026-06-11T19:37:39.800Z,2026-06-11T19:46:21.948Z,2026-06-11 22:37:39,2026-06-11 22:46:21,9,high,app_category_rules_prefix,SAITECH,0bq2ve7q5ean61p,SAITECH,true,exact,,false
Nikita,SINGULARITY SG,1,"Jun 11, 2026",ADD SIN Mod Package,97836ccf-8266-4e7a-bbb2-2503251d5a8e,q5txum4a6l9yfvr,SINGULARITY SG,SSG ADD SIN Mod Package,,2026-06-11T19:46:38.800Z,2026-06-11T19:47:21.964Z,2026-06-11 22:46:38,2026-06-11 22:47:21,1,high,app_category_rules_prefix,ssg,czvhh5giqeiu4lk,SINGULARITY SG,true,exact,,false
Nikita,GLOBAL SOLUTIONS GROUP,63,"Jun 11, 2026",FCP Baseline submit,6d4cd0fb-33d0-4025-b940-ef5fc34b78ed,usw6jm3jin5w2ch,GLOBAL SOLUTIONS GROUP,GLOBAL SOLUTIONS GROUP FCP Baseline submit,,2026-06-11T19:47:21.964Z,2026-06-11T20:50:23.701Z,2026-06-11 22:47:21,2026-06-11 23:50:23,63,high,app_category_rules_prefix,GLOBAL SOLUTIONS GROUP,bsnah0skhrjemsv,GLOBAL SOLUTIONS GROUP,true,exact,,false
Nikita,SAITECH,61,"Jun 11, 2026",DEL Suppressed,9e0f7eaa-0d05-404c-8a86-1b007e6267b6,seietzt595kgny2,SAITECH,SAITECH DEL Suppressed,,2026-06-11T20:50:23.701Z,2026-06-11T21:51:03.360Z,2026-06-11 23:50:23,2026-06-12 00:51:03,61,high,app_category_rules_prefix,SAITECH,0bq2ve7q5ean61p,SAITECH,true,exact,,false
Nikita,Price Reporter,58,"Jun 12, 2026",price reporter planning,9c504878-ffc1-4533-b6ac-76def82109a1,urvvl96p5cywcnm,Price Reporter,price reporter planning,,2026-06-12T13:01:43.000Z,2026-06-12T14:00:00.000Z,2026-06-12 16:01:43,2026-06-12 17:00:00,58,low,price_reporter_fallback,,,,true,,,false
Nikita,CULINARY DEPOT,37,"Jun 12, 2026",CALL,12d2a9a9-6a66-4090-be81-114adaad26ef,5zdchowyp1lwyqz,CULINARY DEPOT,CULINARY DEPOT CALL,,2026-06-12T14:00:00.000Z,2026-06-12T14:36:31.000Z,2026-06-12 17:00:00,2026-06-12 17:36:31,37,high,app_category_rules_prefix,CULINARY DEPOT,wxnsoopfrphiv0h,CULINARY DEPOT,true,exact,,false
Nikita,BALL OFFICE PRODUCTS,32,"Jun 12, 2026",LORELL,bb1e04d9-fb40-4031-a827-cb4fb5d883af,x5owp1rmh0g2yxr,BALL OFFICE PRODUCTS,BOP LORELL,,2026-06-12T14:36:31.065Z,2026-06-12T15:08:23.696Z,2026-06-12 17:36:31,2026-06-12 18:08:23,32,high,app_category_rules_prefix,bop,18o4vipv6vv7yzz,BALL OFFICE PRODUCTS,true,exact,,false
Nikita,LAREDO TS,31,"Jun 12, 2026",Call + ADD SIN Email,9650b0c5-52f5-481c-b80d-d426eb954e30,nv642vw1wzxzbkk,LAREDO TS,LAREDO TS Call + ADD SIN Email,,2026-06-12T15:00:00.000Z,2026-06-12T15:31:09.087Z,2026-06-12 18:00:00,2026-06-12 18:31:09,31,high,app_category_rules_prefix,LAREDO TS,fbxx86uj001vjhc,LAREDO TS,true,exact,,false
Nikita,CULINARY DEPOT,97,"Jun 12, 2026",Majoe update,4333f22f-af87-4813-8067-730106b73e5b,st4wmfzkurhvc1j,CULINARY DEPOT,Culinary Depot Majoe update,,2026-06-12T15:31:09.087Z,2026-06-12T17:08:14.870Z,2026-06-12 18:31:09,2026-06-12 20:08:14,97,high,app_category_rules_prefix,CULINARY DEPOT,wxnsoopfrphiv0h,CULINARY DEPOT,true,exact,,false
Nikita,SAITECH,19,"Jun 12, 2026",DEL Suppressed,c11b5a5f-6509-4671-9abd-a37cf6f7b8c8,lqbncmlixi7f3m3,SAITECH,SAITECH DEL Suppressed,,2026-06-12T17:08:14.870Z,2026-06-12T17:27:25.878Z,2026-06-12 20:08:14,2026-06-12 20:27:25,19,high,app_category_rules_prefix,SAITECH,0bq2ve7q5ean61p,SAITECH,true,exact,,false
Nikita,SAITECH,15,"Jun 12, 2026",DEL Suppressed,0119cc4c-ee58-4fbf-9f55-ae5c007b0411,v9a5s07h48qgeea,SAITECH,SAITECH DEL Suppressed,,2026-06-12T17:56:45.848Z,2026-06-12T18:11:50.742Z,2026-06-12 20:56:45,2026-06-12 21:11:50,15,high,app_category_rules_prefix,SAITECH,0bq2ve7q5ean61p,SAITECH,true,exact,,false
Nikita,SNAP,2,"Jun 12, 2026",Make a meeting with the client,4117e173-9637-4199-bac9-505ef52723a7,g48v6xcvftf4mb5,SNAP,SNAP Make a meeting with the client,,2026-06-12T18:11:50.742Z,2026-06-12T18:13:51.826Z,2026-06-12 21:11:50,2026-06-12 21:13:51,2,high,app_category_rules_prefix,SNAP,7jczrrqryvq7ou7,SNAP,true,exact,,false
Nikita,CULINARY DEPOT,14,"Jun 12, 2026",Majoe update,60e94728-eeb6-4f5d-9e01-258de3ec0181,ee5u52wi144w6bn,CULINARY DEPOT,Culinary Depot Majoe update,,2026-06-12T18:13:51.826Z,2026-06-12T18:28:12.307Z,2026-06-12 21:13:51,2026-06-12 21:28:12,14,high,app_category_rules_prefix,CULINARY DEPOT,wxnsoopfrphiv0h,CULINARY DEPOT,true,exact,,false
Nikita,ASE Direct,19,"Jun 12, 2026",DEL suppressed items,1cdb9dc3-16bb-4ab9-bb32-5925955dded3,xne8yyvydrpwlpe,ASE Direct,ASE Direct DEL suppressed items,,2026-06-12T18:28:12.307Z,2026-06-12T18:47:31.463Z,2026-06-12 21:28:12,2026-06-12 21:47:31,19,high,app_category_rules_prefix,ASE Direct,4ot9tymfakk246c,ASE Direct,true,exact,,false
Nikita,CULINARY DEPOT,16,"Jun 12, 2026",Majoe update,ae70174a-3a27-469e-a800-fbb8cab98662,etesglgl122pg4i,CULINARY DEPOT,Culinary Depot Majoe update,,2026-06-12T18:47:31.463Z,2026-06-12T19:03:29.408Z,2026-06-12 21:47:31,2026-06-12 22:03:29,16,high,app_category_rules_prefix,CULINARY DEPOT,wxnsoopfrphiv0h,CULINARY DEPOT,true,exact,,false
Nikita,CULINARY DEPOT,29,"Jun 12, 2026",Majoe update,d22fc9e4-fb52-492d-8d2f-595e59dacc1b,zd07x538sxewk6o,CULINARY DEPOT,Culinary Depot Majoe update,,2026-06-12T19:03:29.408Z,2026-06-12T19:32:48.039Z,2026-06-12 22:03:29,2026-06-12 22:32:48,29,high,app_category_rules_prefix,CULINARY DEPOT,wxnsoopfrphiv0h,CULINARY DEPOT,true,exact,,false
Nikita,LAREDO TS,33,"Jun 12, 2026",ADD SIN Package update,3eb78a61-f41c-4240-9612-21ac86fea0d3,t87wvdpu621sx2r,LAREDO TS,LAREDO TS ADD SIN Package update,,2026-06-12T19:33:09.819Z,2026-06-12T20:06:38.499Z,2026-06-12 22:33:09,2026-06-12 23:06:38,33,high,app_category_rules_prefix,LAREDO TS,fbxx86uj001vjhc,LAREDO TS,true,exact,,false
Nikita,RESICUM INTERNATIONAL,8,"Jun 12, 2026",deletion,02da17fc-f18f-42e2-b652-a823069eb95f,x3ajx62t330kzbq,RESICUM INTERNATIONAL,RESICUM deletion,,2026-06-12T20:06:38.000Z,2026-06-12T20:15:00.000Z,2026-06-12 23:06:38,2026-06-12 23:15:00,8,high,app_category_rules_prefix,resicum,cyfajmbsq5oyjvp,RESICUM INTERNATIONAL,true,exact,,false
Nikita,SOUTHERN COMPUTER warehouse,52,"Jun 12, 2026",Major,4af24e61-4c77-4e8c-ba30-68a0a8d0e36e,2ab9mn0n2c6z9u4,SOUTHERN COMPUTER warehouse,SCW Major,,2026-06-12T20:15:00.000Z,2026-06-12T21:07:13.203Z,2026-06-12 23:15:00,2026-06-13 00:07:13,52,high,app_category_rules_prefix,scw,ymen8hrd84q8g0s,SOUTHERN COMPUTER warehouse,true,exact,,false
Nikita,Price Reporter,77,"Jun 15, 2026",Price reporter planning,a08f284d-1ec9-46ef-b7b9-171cb50303e5,3wqijfcwl16yj1m,Price Reporter,Price reporter planning,,2026-06-15T13:23:08.889Z,2026-06-15T14:40:34.831Z,2026-06-15 16:23:08,2026-06-15 17:40:34,77,low,price_reporter_fallback,,,,true,,,false
Nikita,SNAP,119,"Jun 15, 2026",Revise the file fro the ADD Mod,934a8678-d194-4641-a3f5-c3780b28df05,2ou5d3kvi6z5072,SNAP,SNAP Revise the file fro the ADD Mod,,2026-06-15T14:40:34.831Z,2026-06-15T16:39:29.431Z,2026-06-15 17:40:34,2026-06-15 19:39:29,119,high,app_category_rules_prefix,SNAP,7jczrrqryvq7ou7,SNAP,true,exact,,false
Nikita,CARROLL WOODS,10,"Jun 15, 2026",add SP richards check progress and CO reply,b858470c-b1c1-4147-bb95-208867687c94,rnh2fbcdvv1e3ko,CARROLL WOODS,CARROLL WOODS add SP richards check progress and CO reply,,2026-06-15T16:39:29.431Z,2026-06-15T16:49:43.523Z,2026-06-15 19:39:29,2026-06-15 19:49:43,10,high,app_category_rules_prefix,CARROLL WOODS,plebd68unzwn3nw,CARROLL WOODS,true,exact,,false
Nikita,LAREDO TS,3,"Jun 15, 2026",VA ADD CO reply check,59b6dc1f-839e-4ef2-a5dc-8356d2647719,9a42k876zx8d8yj,LAREDO TS,LAREDO TS VA ADD CO reply check,,2026-06-15T16:49:43.523Z,2026-06-15T16:53:00.721Z,2026-06-15 19:49:43,2026-06-15 19:53:00,3,high,app_category_rules_prefix,LAREDO TS,fbxx86uj001vjhc,LAREDO TS,true,exact,,false
Nikita,NIS SOLUTIONS,31,"Jun 15, 2026",EPA type CO check,02e95479-50fc-47ba-ba92-2a7fcab1718c,kr1991d635xfi3x,NIS SOLUTIONS,NIS EPA type CO check,,2026-06-15T16:53:00.721Z,2026-06-15T17:23:41.756Z,2026-06-15 19:53:00,2026-06-15 20:23:41,31,high,app_category_rules_prefix,nis,y2w0nlmr7ohcdci,NIS SOLUTIONS,true,exact,,false
Nikita,SAITECH,36,"Jun 15, 2026",ADD mod status check,97835373-76d0-4bc4-b4f4-d64504c9fb1b,hgtuj6u1xoo2j3v,SAITECH,Saitech ADD mod status check,,2026-06-15T17:23:41.756Z,2026-06-15T18:00:03.438Z,2026-06-15 20:23:41,2026-06-15 21:00:03,36,high,app_category_rules_prefix,SAITECH,0bq2ve7q5ean61p,SAITECH,true,exact,,false
Nikita,Professional Stewards Services,2,"Jun 15, 2026",Professional stewards FCP progress check,a1f5640e-86cf-4293-b945-2717a4831e68,eq2f4m877bx002l,Professional Stewards Services,Professional stewards FCP progress check,,2026-06-15T18:00:03.000Z,2026-06-15T18:02:26.000Z,2026-06-15 21:00:03,2026-06-15 21:02:26,2,high,app_category_rules,Professional Stewards Services,vt733t73m0b1k0q,Professional Stewards Services,true,consecutive,,false
Nikita,SINGULARITY SG,8,"Jun 15, 2026",Singularity security group.Check FPR correction,1180ee85-9494-451a-ae99-b109c44c482b,h05p2uocc1ggdxv,SINGULARITY SG,Singularity security group.Check FPR correction,,2026-06-15T18:02:26.460Z,2026-06-15T18:10:18.343Z,2026-06-15 21:02:26,2026-06-15 21:10:18,8,high,app_category_rules,SINGULARITY SG,czvhh5giqeiu4lk,SINGULARITY SG,true,consecutive,,false
Nikita,SAITECH,4,"Jun 15, 2026",DEL suppressed status check,d9d8c761-0ef3-404f-b1ad-0f3565c04ede,vqqiakxpshwl718,SAITECH,SAITECH DEL suppressed status check,,2026-06-15T18:10:18.343Z,2026-06-15T18:13:55.514Z,2026-06-15 21:10:18,2026-06-15 21:13:55,4,high,app_category_rules_prefix,SAITECH,0bq2ve7q5ean61p,SAITECH,true,exact,,false
Nikita,SOUTHERN COMPUTER warehouse,8,"Jun 15, 2026",Solven computer warehouse FCP DEL Mod check.,039e12eb-200e-4ca7-bfba-07f05868f712,prjsei642czzigp,SOUTHERN COMPUTER warehouse,Solven computer warehouse FCP DEL Mod check.,,2026-06-15T18:13:55.514Z,2026-06-15T18:21:41.921Z,2026-06-15 21:13:55,2026-06-15 21:21:41,8,high,app_category_rules,SOUTHERN COMPUTER warehouse,ymen8hrd84q8g0s,SOUTHERN COMPUTER warehouse,true,token_set,,false
Nikita,SAITECH,44,"Jun 15, 2026",DEL Out of scope Send to the client the results,755ba0a0-32f2-498f-ad81-cc0d857c1887,0winkm2semazido,SAITECH,SAITECH DEL Out of scope Send to the client the results,,2026-06-15T18:21:41.921Z,2026-06-15T19:05:17.422Z,2026-06-15 21:21:41,2026-06-15 22:05:17,44,high,app_category_rules_prefix,SAITECH,0bq2ve7q5ean61p,SAITECH,true,exact,,false
Nikita,LAREDO TS,54,"Jun 15, 2026",Call,60e76c6c-d67f-4ebf-8649-889fdc4b492f,jotuex59yrfs5wn,LAREDO TS,LAREDO TS Call,,2026-06-15T19:05:17.422Z,2026-06-15T19:59:43.228Z,2026-06-15 22:05:17,2026-06-15 22:59:43,54,high,app_category_rules_prefix,LAREDO TS,fbxx86uj001vjhc,LAREDO TS,true,exact,,false
Nikita,SNAP,69,"Jun 15, 2026",Call,8cb9fce2-5213-4de7-a59d-7005767f323f,ysl14t2va6p3ccj,SNAP,SNAP Call,,2026-06-15T19:59:43.228Z,2026-06-15T21:09:02.408Z,2026-06-15 22:59:43,2026-06-16 00:09:02,69,high,app_category_rules_prefix,SNAP,7jczrrqryvq7ou7,SNAP,true,exact,,false
Nikita,Price Reporter,16,"Jun 16, 2026",Price Reporter Email check,caca168a-39ba-456e-bebe-fd9d014efb15,juotlo9bfpahatx,Price Reporter,Price Reporter Email check,,2026-06-16T13:31:16.704Z,2026-06-16T13:47:33.905Z,2026-06-16 16:31:16,2026-06-16 16:47:33,16,low,price_reporter_fallback,,,,true,,,false
Nikita,Professional Stewards Services,12,"Jun 16, 2026",Professional Stewards FCP Resubmit file,60f28c55-0a93-4429-9e65-1b53eb98a2a4,5mxc325y2cfqedv,Professional Stewards Services,Professional Stewards FCP Resubmit file,,2026-06-16T13:47:33.000Z,2026-06-16T14:00:00.000Z,2026-06-16 16:47:33,2026-06-16 17:00:00,12,high,app_category_rules,Professional Stewards Services,vt733t73m0b1k0q,Professional Stewards Services,true,consecutive,,false
Nikita,SNAP,36,"Jun 16, 2026",add mod,10266b10-bb78-4e24-9937-cba556f09402,r8kufw3zatnbt6z,SNAP,snap add mod,,2026-06-16T14:00:00.000Z,2026-06-16T14:36:00.000Z,2026-06-16 17:00:00,2026-06-16 17:36:00,36,high,app_category_rules_prefix,SNAP,7jczrrqryvq7ou7,SNAP,true,exact,,false
Nikita,Professional Stewards Services,104,"Jun 16, 2026",Professional Stewards FCP Resubmit file,88ba9d60-7818-4481-8372-42f5a2de53d1,bu0jb40fllbscc9,Professional Stewards Services,Professional Stewards FCP Resubmit file,,2026-06-16T14:36:57.951Z,2026-06-16T16:20:41.365Z,2026-06-16 17:36:57,2026-06-16 19:20:41,104,high,app_category_rules,Professional Stewards Services,vt733t73m0b1k0q,Professional Stewards Services,true,consecutive,,false
Nikita,SAITECH,24,"Jun 16, 2026",DEL Mod submit,69b9b201-9dac-4b2a-9c7c-217d27178905,153w2k3tz9ogomz,SAITECH,SAITECH DEL Mod submit,,2026-06-16T16:20:41.000Z,2026-06-16T16:45:00.000Z,2026-06-16 19:20:41,2026-06-16 19:45:00,24,high,app_category_rules_prefix,SAITECH,0bq2ve7q5ean61p,SAITECH,true,exact,,false
Nikita,SAITECH,45,"Jun 16, 2026",DEL OUT OF SCOPR submit,6045b67d-f2f0-49e7-9863-40e05b409967,834oofyuea72sys,SAITECH,SAITECH DEL OUT OF SCOPR submit,,2026-06-16T16:45:00.000Z,2026-06-16T17:30:00.000Z,2026-06-16 19:45:00,2026-06-16 20:30:00,45,high,app_category_rules_prefix,SAITECH,0bq2ve7q5ean61p,SAITECH,true,exact,,false
Nikita,OURARING,30,"Jun 16, 2026",mods check,e27fba43-246d-4e0a-8c53-86e1cbc8a875,rodyhpmoj2bfwn5,OURARING,OURARING mods check,,2026-06-16T17:30:00.000Z,2026-06-16T18:00:00.000Z,2026-06-16 20:30:00,2026-06-16 21:00:00,30,high,app_category_rules_prefix,OURARING,h4xe790e955zja6,OURARING,true,exact,,false
Nikita,SMBLC,17,"Jun 16, 2026",Novation mod,b65d2382-d305-4b69-899d-be49f50f5c59,tuo3yll6z6lpm1a,SMBLC,SMBLC Novation mod,,2026-06-16T18:51:02.102Z,2026-06-16T19:08:25.944Z,2026-06-16 21:51:02,2026-06-16 22:08:25,17,high,app_category_rules_prefix,SMBLC,729wf5l3mlsgkqn,SMBLC,true,exact,,false
Nikita,SMBLC,14,"Jun 16, 2026",Novation Modification.,d86bf823-f781-41dc-bfde-7fe654c8cf74,un3pthypq07m17p,SMBLC,SMBLC Novation Modification.,,2026-06-16T19:08:25.944Z,2026-06-16T19:22:35.284Z,2026-06-16 22:08:25,2026-06-16 22:22:35,14,high,app_category_rules_prefix,SMBLC,729wf5l3mlsgkqn,SMBLC,true,exact,,false
Nikita,RC QUARTERMASTER,23,"Jun 16, 2026",05-28-2026 ADD Rubbermaid,7399848e-0da2-4daa-b9a5-c71976a8d4c7,aqy795dyzzrt74y,RC QUARTERMASTER,RCQ 05-28-2026 ADD Rubbermaid,,2026-06-16T19:22:35.284Z,2026-06-16T19:45:20.976Z,2026-06-16 22:22:35,2026-06-16 22:45:20,23,high,app_category_rules_prefix,rcq,xyqool5euy8921q,RC QUARTERMASTER,true,exact,,false
Nikita,SMBLC,19,"Jun 16, 2026",Novation Modification.,a92031d1-d8de-4392-a6cf-9bef2c218b18,7v41cvtolim442u,SMBLC,SMBLC Novation Modification.,,2026-06-16T19:45:20.976Z,2026-06-16T20:04:42.068Z,2026-06-16 22:45:20,2026-06-16 23:04:42,19,high,app_category_rules_prefix,SMBLC,729wf5l3mlsgkqn,SMBLC,true,exact,,false
Nikita,SAITECH,42,"Jun 16, 2026",16:00 Call,0800dbac-fcd4-478d-be29-bf1227714b9a,eqqeofvkkpdtsxj,SAITECH,SAITECH 16:00 Call,,2026-06-16T20:04:42.068Z,2026-06-16T20:46:39.445Z,2026-06-16 23:04:42,2026-06-16 23:46:39,42,high,app_category_rules_prefix,SAITECH,0bq2ve7q5ean61p,SAITECH,true,exact,,false
Nikita,Price Reporter,18,"Jun 16, 2026",Price Reporter Email check,c39a5a93-dd26-4b2b-8de0-eca926506305,udoazh54bds59jg,Price Reporter,Price Reporter Email check,,2026-06-16T20:46:39.445Z,2026-06-16T21:04:25.335Z,2026-06-16 23:46:39,2026-06-17 00:04:25,18,low,price_reporter_fallback,,,,true,,,false
Nikita,Price Reporter,30,"Jun 17, 2026",price reporter planning,7a874656-5367-4672-adfd-815cb5302b80,hzlzhd4scn1yize,Price Reporter,price reporter planning,,2026-06-17T13:00:00.000Z,2026-06-17T13:30:00.000Z,2026-06-17 16:00:00,2026-06-17 16:30:00,30,low,price_reporter_fallback,,,,true,,,false
Nikita,CULINARY DEPOT,56,"Jun 17, 2026",call,322f54c0-c0e1-4b90-a7bd-dcb2ed093b48,q8udpogd6791oak,CULINARY DEPOT,culinary depot call,,2026-06-17T13:30:00.000Z,2026-06-17T14:25:44.156Z,2026-06-17 16:30:00,2026-06-17 17:25:44,56,high,app_category_rules_prefix,CULINARY DEPOT,wxnsoopfrphiv0h,CULINARY DEPOT,true,exact,,false
Nikita,Price Reporter,34,"Jun 17, 2026",price reporter planning,b8de165c-967f-433b-ba5a-9660067c7a29,bbqjqr2o09rg6lw,Price Reporter,price reporter planning,,2026-06-17T14:25:44.000Z,2026-06-17T15:00:00.000Z,2026-06-17 17:25:44,2026-06-17 18:00:00,34,low,price_reporter_fallback,,,,true,,,false
Nikita,Price Reporter,62,"Jun 17, 2026",price reporter case study,ebf8ce89-6da6-44cc-a37f-7d322c536404,dpdfzxej868jra5,Price Reporter,price reporter case study,,2026-06-17T15:00:00.000Z,2026-06-17T16:01:41.676Z,2026-06-17 18:00:00,2026-06-17 19:01:41,62,low,price_reporter_fallback,,,,true,,,false
Nikita,GLOBAL SOLUTIONS GROUP,4,"Jun 17, 2026",MAS,371acaa7-7973-44c7-bab1-94f092ce4037,q2hc8mwcoyoz0xn,GLOBAL SOLUTIONS GROUP,Global Solutions Group MAS,,2026-06-17T16:01:41.676Z,2026-06-17T16:06:09.392Z,2026-06-17 19:01:41,2026-06-17 19:06:09,4,high,app_category_rules_prefix,GLOBAL SOLUTIONS GROUP,bsnah0skhrjemsv,GLOBAL SOLUTIONS GROUP,true,exact,,false
Nikita,SMBLC,12,"Jun 17, 2026",Sales fi.e,9bef39b0-9909-4b14-a207-c16335b852df,6krrb6ld0pwf2sk,SMBLC,SMBLC Sales fi.e,,2026-06-17T16:06:09.392Z,2026-06-17T16:17:52.709Z,2026-06-17 19:06:09,2026-06-17 19:17:52,12,high,app_category_rules_prefix,SMBLC,729wf5l3mlsgkqn,SMBLC,true,exact,,false
Nikita,RC QUARTERMASTER,14,"Jun 17, 2026",Call,c4473cd6-9069-477c-bcda-49b247ec76e4,u7wdwtim95ejm3e,RC QUARTERMASTER,RCQ Call,,2026-06-17T16:17:52.709Z,2026-06-17T16:32:21.510Z,2026-06-17 19:17:52,2026-06-17 19:32:21,14,high,app_category_rules_prefix,rcq,xyqool5euy8921q,RC QUARTERMASTER,true,exact,,false
Nikita,GLOBAL SOLUTIONS GROUP,90,"Jun 17, 2026",mas,d3f5121e-8bec-4eb0-9a0a-0e875c07cdd0,wt49c8dttej46j6,GLOBAL SOLUTIONS GROUP,gsg mas,,2026-06-17T16:32:21.510Z,2026-06-17T18:02:32.972Z,2026-06-17 19:32:21,2026-06-17 21:02:32,90,high,app_category_rules_prefix,gsg,bsnah0skhrjemsv,GLOBAL SOLUTIONS GROUP,true,exact,,false
Nikita,SINGULARITY SG,87,"Jun 17, 2026",Submit ADD SIN,fa51d47c-c978-48a3-bdd6-df25c07d2f36,w9mmzvidk2797r1,SINGULARITY SG,SSG Submit ADD SIN,,2026-06-17T18:02:32.000Z,2026-06-17T19:30:00.000Z,2026-06-17 21:02:32,2026-06-17 22:30:00,87,high,app_category_rules_prefix,ssg,czvhh5giqeiu4lk,SINGULARITY SG,true,exact,,false
Nikita,NIS SOLUTIONS,59,"Jun 17, 2026",Call,0aeaba32-7ca0-4319-9d28-bb27b8686129,ljpsri65bw2bwvz,NIS SOLUTIONS,NIS Solutions Call,,2026-06-17T19:30:00.000Z,2026-06-17T20:29:23.499Z,2026-06-17 22:30:00,2026-06-17 23:29:23,59,high,app_category_rules_prefix,NIS SOLUTIONS,y2w0nlmr7ohcdci,NIS SOLUTIONS,true,exact,,false
Nikita,GLOBAL SOLUTIONS GROUP,18,"Jun 17, 2026",Authorized Negotiator,f9fb4bae-3c46-498b-8eb0-16f087038298,ipl9a82qr6ova6j,GLOBAL SOLUTIONS GROUP,GSG Authorized Negotiator,,2026-06-17T20:29:23.499Z,2026-06-17T20:47:22.883Z,2026-06-17 23:29:23,2026-06-17 23:47:22,18,high,app_category_rules_prefix,gsg,bsnah0skhrjemsv,GLOBAL SOLUTIONS GROUP,true,exact,,false
Nikita,FALCON LOGIC,611,"Jun 17, 2026",FCP Transition sellers profile + urgent task,67221275-4227-48ec-a0c5-888327e89a9f,orxzj5czbv75g88,FALCON LOGIC,FALCON Logic FCP Transition sellers profile + urgent task,,2026-06-17T20:47:22.883Z,2026-06-18T06:58:37.213Z,2026-06-17 23:47:22,2026-06-18 09:58:37,611,high,app_category_rules_prefix,FALCON LOGIC,a20idjj0hxfw3f9,FALCON LOGIC,true,exact,,false
Nikita,RESICUM INTERNATIONAL,17,"Jun 18, 2026",assemble info,5ce3f9e1-8a4d-4806-ae5c-1e8b5774b5bd,lo7f1asyu6sax6x,RESICUM INTERNATIONAL,RESICUM assemble info,,2026-06-18T13:52:16.887Z,2026-06-18T14:08:58.748Z,2026-06-18 16:52:16,2026-06-18 17:08:58,17,high,app_category_rules_prefix,resicum,cyfajmbsq5oyjvp,RESICUM INTERNATIONAL,true,exact,,false
Nikita,SINGULARITY SG,1,"Jun 18, 2026",Check CO reply,53c5384d-eee8-4a15-9a94-357f143cd24a,zljol2zkxc16175,SINGULARITY SG,SSG Check CO reply,,2026-06-18T14:09:20.446Z,2026-06-18T14:09:55.456Z,2026-06-18 17:09:20,2026-06-18 17:09:55,1,high,app_category_rules_prefix,ssg,czvhh5giqeiu4lk,SINGULARITY SG,true,exact,,false
Nikita,SINGULARITY SG,15,"Jun 18, 2026",CRM Update,1d50b07d-b34a-42f7-b745-b69b44d8db4d,db1shzxfdk5pj1e,SINGULARITY SG,SSG CRM Update,,2026-06-18T14:10:00.535Z,2026-06-18T14:24:49.731Z,2026-06-18 17:10:00,2026-06-18 17:24:49,15,high,app_category_rules_prefix,ssg,czvhh5giqeiu4lk,SINGULARITY SG,true,exact,,false
Nikita,SNAP,59,"Jun 18, 2026",Send reply on the ADD mod,668f0aaf-7db8-4f95-a75b-71dc1f6fc00d,8rpmw81ax29scdd,SNAP,SNAP Send reply on the ADD mod,,2026-06-18T14:24:49.731Z,2026-06-18T15:23:49.913Z,2026-06-18 17:24:49,2026-06-18 18:23:49,59,high,app_category_rules_prefix,SNAP,7jczrrqryvq7ou7,SNAP,true,exact,,false
Nikita,RESICUM INTERNATIONAL,43,"Jun 18, 2026",Asseble info on the progress,4f1a689a-81ec-4638-9bcc-5fc0af74ded3,1iueo9tf1w7jwen,RESICUM INTERNATIONAL,RESICUM Asseble info on the progress,,2026-06-18T15:23:49.913Z,2026-06-18T16:07:11.859Z,2026-06-18 18:23:49,2026-06-18 19:07:11,43,high,app_category_rules_prefix,resicum,cyfajmbsq5oyjvp,RESICUM INTERNATIONAL,true,exact,,false
Nikita,FALCON LOGIC,31,"Jun 18, 2026",FCP Transition task,d4fed798-3d26-4b28-b1e7-422cc97e6baf,q2jcpd4d5dnmaej,FALCON LOGIC,FALCON LOGIC FCP Transition task,,2026-06-18T16:07:11.859Z,2026-06-18T16:38:36.184Z,2026-06-18 19:07:11,2026-06-18 19:38:36,31,high,app_category_rules_prefix,FALCON LOGIC,a20idjj0hxfw3f9,FALCON LOGIC,true,exact,,false
Nikita,SAITECH,11,"Jun 18, 2026",DEL mod checks,d3d28a4a-c13a-44a9-a040-8f0f5d327466,ycejt77f77olqgb,SAITECH,SAITECH DEL mod checks,,2026-06-18T16:38:36.184Z,2026-06-18T16:49:28.359Z,2026-06-18 19:38:36,2026-06-18 19:49:28,11,high,app_category_rules_prefix,SAITECH,0bq2ve7q5ean61p,SAITECH,true,exact,,false
Nikita,SAITECH,139,"Jun 18, 2026",ADD Mod,e712e42f-4187-4056-96d0-7b8ae616c30e,2vtd9mz1vvmgjsm,SAITECH,SAITECH ADD Mod,,2026-06-18T16:49:28.359Z,2026-06-18T19:08:39.333Z,2026-06-18 19:49:28,2026-06-18 22:08:39,139,high,app_category_rules_prefix,SAITECH,0bq2ve7q5ean61p,SAITECH,true,exact,,false
Nikita,Price Reporter,40,"Jun 19, 2026",Price Reporter planning,db318bdf-8104-4eb7-a8a8-4c1f616bab70,9ipfjzwushzjt6e,Price Reporter,Price Reporter planning,,2026-06-19T13:25:31.365Z,2026-06-19T14:05:06.755Z,2026-06-19 16:25:31,2026-06-19 17:05:06,40,low,price_reporter_fallback,,,,true,,,false
Nikita,SAITECH,12,"Jun 19, 2026",AI Scrubbing Task,d7015748-1b72-403a-88e2-4981abfebf5e,73xyas8ca4zoolj,SAITECH,SAITECH AI Scrubbing Task,,2026-06-19T14:05:06.755Z,2026-06-19T14:17:10.827Z,2026-06-19 17:05:06,2026-06-19 17:17:10,12,high,app_category_rules_prefix,SAITECH,0bq2ve7q5ean61p,SAITECH,true,exact,,false
Nikita,CULINARY DEPOT,31,"Jun 19, 2026",Remind about ADD Mod COO,bb265b32-d859-4701-9e44-21094575e3a5,w7f2e12lap6mgkf,CULINARY DEPOT,CULINARY DEPOT - Remind about ADD Mod COO,,2026-06-19T14:17:10.827Z,2026-06-19T14:47:42.996Z,2026-06-19 17:17:10,2026-06-19 17:47:42,31,high,app_category_rules_prefix,CULINARY DEPOT,wxnsoopfrphiv0h,CULINARY DEPOT,true,exact,,false
Nikita,SAITECH,78,"Jun 19, 2026",ADD Mod - task to a developer,e5f62adb-a133-49d1-bd59-8da3a246841e,1obwpseaieg1mj2,SAITECH,SAITECH ADD Mod - task to a developer,,2026-06-19T14:47:49.408Z,2026-06-19T16:05:48.517Z,2026-06-19 17:47:49,2026-06-19 19:05:48,78,high,app_category_rules_prefix,SAITECH,0bq2ve7q5ean61p,SAITECH,true,exact,,false
Nikita,RC QUARTERMASTER,31,"Jun 19, 2026",PROPT Send,d5cc28c3-09da-4e23-98e5-8edfc7be8085,ubk9ld773r57fk3,RC QUARTERMASTER,RCQ PROPT Send,,2026-06-19T16:05:48.517Z,2026-06-19T16:36:40.723Z,2026-06-19 19:05:48,2026-06-19 19:36:40,31,high,app_category_rules_prefix,rcq,xyqool5euy8921q,RC QUARTERMASTER,true,exact,,false
Nikita,RC QUARTERMASTER,67,"Jun 19, 2026",Competition report,dff86e87-e905-49b4-8908-019871564535,nhcyl1flsakpwz2,RC QUARTERMASTER,RCQ Competition report,,2026-06-19T17:23:00.000Z,2026-06-19T18:30:00.000Z,2026-06-19 20:23:00,2026-06-19 21:30:00,67,high,app_category_rules_prefix,rcq,xyqool5euy8921q,RC QUARTERMASTER,true,exact,,false
Nikita,WATER FILTER EXCHANGE,75,"Jun 19, 2026",Alex Reply,3b6f44b8-5409-4b9e-ad13-0f5b82eb1ac2,55aobvcnup5hyg0,WATER FILTER EXCHANGE,WFX Alex Reply,,2026-06-19T18:30:00.000Z,2026-06-19T19:45:17.096Z,2026-06-19 21:30:00,2026-06-19 22:45:17,75,high,app_category_rules_prefix,wfx,wpb8lqjp1kohju7,WATER FILTER EXCHANGE,true,exact,,false
Nikita,ASE Direct,44,"Jun 19, 2026",Competition report,b0990503-cb0e-4f60-a0b1-ad3070f93eca,xre8a6g57grkler,ASE Direct,ASE Direct Competition report,,2026-06-19T19:45:17.096Z,2026-06-19T20:29:13.579Z,2026-06-19 22:45:17,2026-06-19 23:29:13,44,high,app_category_rules_prefix,ASE Direct,4ot9tymfakk246c,ASE Direct,true,exact,,false
Nikita,BALL OFFICE PRODUCTS,91,"Jun 19, 2026",BALL OFFICE Competition report,1d442b72-a0c5-4731-858c-f195d50c6fce,p9zrja39j08lloh,BALL OFFICE PRODUCTS,BALL OFFICE Competition report,,2026-06-19T20:29:13.579Z,2026-06-19T22:00:41.484Z,2026-06-19 23:29:13,2026-06-20 01:00:41,91,high,app_category_rules,BALL OFFICE PRODUCTS,18o4vipv6vv7yzz,BALL OFFICE PRODUCTS,true,consecutive,,false
Nikita,WATER FILTER EXCHANGE,65,"Jun 22, 2026",decision,db3201e4-a163-4968-8f19-950b038e8e6d,75qasbw21967z5p,WATER FILTER EXCHANGE,water filter exchange decision,,2026-06-22T13:59:04.504Z,2026-06-22T15:04:13.223Z,2026-06-22 16:59:04,2026-06-22 18:04:13,65,high,app_category_rules_prefix,WATER FILTER EXCHANGE,wpb8lqjp1kohju7,WATER FILTER EXCHANGE,true,exact,,false
Nikita,Price Reporter,49,"Jun 22, 2026",AI Training Price Reporter 11,103f8fd9-1611-49a8-ad70-408e6d8ab262,wihwapubx15tw8u,Price Reporter,AI Training Price Reporter 11,,2026-06-22T15:04:13.223Z,2026-06-22T15:53:27.447Z,2026-06-22 18:04:13,2026-06-22 18:53:27,49,low,price_reporter_fallback,,,,true,,,false
Nikita,Price Reporter,90,"Jun 22, 2026",Price reporter planning,992fbeca-1ff8-49f8-887c-b64f7bd59f67,ggo55c19usktm13,Price Reporter,Price reporter planning,,2026-06-22T15:53:27.447Z,2026-06-22T17:23:34.474Z,2026-06-22 18:53:27,2026-06-22 20:23:34,90,low,price_reporter_fallback,,,,true,,,false
Nikita,BALL OFFICE PRODUCTS,15,"Jun 22, 2026",ADD Lorell sign the mod an update CRM,d591bb99-8abe-43d4-8f85-0d327b34950d,u4pdo4u8yclhyzl,BALL OFFICE PRODUCTS,BALL Office Products ADD Lorell sign the mod an update CRM,,2026-06-22T17:23:34.474Z,2026-06-22T17:38:53.031Z,2026-06-22 20:23:34,2026-06-22 20:38:53,15,high,app_category_rules_prefix,BALL OFFICE PRODUCTS,18o4vipv6vv7yzz,BALL OFFICE PRODUCTS,true,exact,,false
Nikita,LAREDO TS,11,"Jun 22, 2026",MAS SIN ADD PRoject 3 SCOPES OF WORK,a33037ce-efb3-4a8a-8a02-b24c2c6d9ea6,od2yf5b1jb8op3u,LAREDO TS,LAREDO TS MAS SIN ADD PRoject 3 SCOPES OF WORK,,2026-06-22T17:38:53.031Z,2026-06-22T17:49:50.432Z,2026-06-22 20:38:53,2026-06-22 20:49:50,11,high,app_category_rules_prefix,LAREDO TS,fbxx86uj001vjhc,LAREDO TS,true,exact,,false
Nikita,SAITECH,23,"Jun 22, 2026",DEL Mod check,197195b8-039e-44ea-a540-2101fe697eb4,w7xqmsu8ispx6m9,SAITECH,SAITECH DEL Mod check,,2026-06-22T17:49:50.432Z,2026-06-22T18:12:23.400Z,2026-06-22 20:49:50,2026-06-22 21:12:23,23,high,app_category_rules_prefix,SAITECH,0bq2ve7q5ean61p,SAITECH,true,exact,,false
Nikita,LAREDO TS,67,"Jun 22, 2026",MAS ADD SIN,06185a23-7bc4-4e57-a7c7-9f983d932aab,y31wh5o4dkefw2z,LAREDO TS,LAREDO TS MAS ADD SIN,,2026-06-22T18:12:23.400Z,2026-06-22T19:19:50.767Z,2026-06-22 21:12:23,2026-06-22 22:19:50,67,high,app_category_rules_prefix,LAREDO TS,fbxx86uj001vjhc,LAREDO TS,true,exact,,false
Nikita,LAREDO TS,44,"Jun 22, 2026",Call 15,5569885d-8210-49ec-8c9f-cb62a289456c,basodapmkjff5lj,LAREDO TS,LAREDO TS Call 15,,2026-06-22T19:19:50.767Z,2026-06-22T20:04:13.042Z,2026-06-22 22:19:50,2026-06-22 23:04:13,44,high,app_category_rules_prefix,LAREDO TS,fbxx86uj001vjhc,LAREDO TS,true,exact,,false
Nikita,Price Reporter,58,"Jun 22, 2026",Price Reporter Email check,08b63b13-54c5-430b-bbcd-2f1ef12b9fa2,7a55txc0pcazc6v,Price Reporter,Price Reporter Email check,,2026-06-22T20:05:12.180Z,2026-06-22T21:03:01.996Z,2026-06-22 23:05:12,2026-06-23 00:03:01,58,low,price_reporter_fallback,,,,true,,,false
Nikita,Planning,16,"Jun 23, 2026",Prce Reporter planning,815ff049-852c-49d2-8427-0f33e19247a0,1usriorheuulfb5,Planning,Prce Reporter planning,,2026-06-23T13:23:40.948Z,2026-06-23T13:39:37.386Z,2026-06-23 16:23:40,2026-06-23 16:39:37,16,high,app_category_rules,Planning,di9k2uavzazcswi,Planning,true,exact,,false
Nikita,LAREDO TS,21,"Jun 23, 2026",MAS ADD SIN Check,6634e88d-4471-4f4d-aa1f-2edfa7e16174,89e1hrzqi0thqvk,LAREDO TS,LAREDO TS MAS ADD SIN Check,,2026-06-23T13:39:37.386Z,2026-06-23T14:00:45.171Z,2026-06-23 16:39:37,2026-06-23 17:00:45,21,high,app_category_rules_prefix,LAREDO TS,fbxx86uj001vjhc,LAREDO TS,true,exact,,false
Nikita,Price Reporter,4,"Jun 23, 2026",Price Reporter Mike Call,807c249c-45a2-4c20-ba90-63d4b1b9be6b,pn4ze0co9hupp6t,Price Reporter,Price Reporter Mike Call,,2026-06-23T14:00:45.171Z,2026-06-23T14:04:49.112Z,2026-06-23 17:00:45,2026-06-23 17:04:49,4,low,price_reporter_fallback,,,,true,,,false
Nikita,LAREDO TS,25,"Jun 23, 2026",LAREDO MAS ADD SIN Check,11c8743f-953a-491d-bc81-88a92cf2514d,wd8be85iv2n4iv1,LAREDO TS,LAREDO MAS ADD SIN Check,,2026-06-23T14:04:49.000Z,2026-06-23T14:30:00.000Z,2026-06-23 17:04:49,2026-06-23 17:30:00,25,high,app_category_rules,LAREDO TS,fbxx86uj001vjhc,LAREDO TS,true,consecutive,,false
Nikita,Price Reporter,42,"Jun 23, 2026",Price Reporter Mike 1o1 call,dba7f67b-d99a-41c2-84b4-09f614fdd161,6e16kskdmlp3v8e,Price Reporter,Price Reporter Mike 1o1 call,,2026-06-23T14:30:00.000Z,2026-06-23T15:12:04.426Z,2026-06-23 17:30:00,2026-06-23 18:12:04,42,low,price_reporter_fallback,,,,true,,,false
Nikita,LAREDO TS,32,"Jun 23, 2026",LAREDO MAS ADD SIN Check,d488017d-aef4-4207-b365-d80c99f35a90,o1gx2pg3rsr56dg,LAREDO TS,LAREDO MAS ADD SIN Check,,2026-06-23T15:12:04.426Z,2026-06-23T15:44:26.801Z,2026-06-23 18:12:04,2026-06-23 18:44:26,32,high,app_category_rules,LAREDO TS,fbxx86uj001vjhc,LAREDO TS,true,consecutive,,false
Nikita,CARROLL WOODS,4,"Jun 23, 2026",ADD SIN Check,dfba454c-7e1e-4f26-aa91-69b967fddc61,y02vgaitvrtgg8m,CARROLL WOODS,CARROLL Woods ADD SIN Check,,2026-06-23T15:44:26.801Z,2026-06-23T15:47:59.402Z,2026-06-23 18:44:26,2026-06-23 18:47:59,4,high,app_category_rules_prefix,CARROLL WOODS,plebd68unzwn3nw,CARROLL WOODS,true,exact,,false
Nikita,LAREDO TS,42,"Jun 23, 2026",MAS SIN ADD PRoject 3 SCOPES OF WORK,4362b8de-a9e9-4ca4-a57f-6d993471839d,txvzysdwlnwcv3c,LAREDO TS,LAREDO TS MAS SIN ADD PRoject 3 SCOPES OF WORK,,2026-06-23T15:47:59.402Z,2026-06-23T16:30:03.158Z,2026-06-23 18:47:59,2026-06-23 19:30:03,42,high,app_category_rules_prefix,LAREDO TS,fbxx86uj001vjhc,LAREDO TS,true,exact,,false
Nikita,WATER FILTER EXCHANGE,9,"Jun 23, 2026",Reply to Alex,766b47f6-3287-4a1a-a7f1-ac85949ab343,sd6r6db17yyudal,WATER FILTER EXCHANGE,WFX Reply to Alex,,2026-06-23T16:30:03.158Z,2026-06-23T16:38:49.751Z,2026-06-23 19:30:03,2026-06-23 19:38:49,9,high,app_category_rules_prefix,wfx,wpb8lqjp1kohju7,WATER FILTER EXCHANGE,true,exact,,false
Nikita,WATER FILTER EXCHANGE,11,"Jun 23, 2026",Task mod DESC Change task,2e440fa7-9b29-4e0f-a333-4714ba7ee3a6,077rkef5l4n3fk7,WATER FILTER EXCHANGE,WFX Task mod DESC Change task,,2026-06-23T16:38:49.751Z,2026-06-23T16:50:14.371Z,2026-06-23 19:38:49,2026-06-23 19:50:14,11,high,app_category_rules_prefix,wfx,wpb8lqjp1kohju7,WATER FILTER EXCHANGE,true,exact,,false
Nikita,CHAPEL HILL,13,"Jun 23, 2026",update email - receipts on the ADD SIN,3c09c763-7aa2-48f6-82f4-8ed93a6f714e,n8exluev3q922ns,CHAPEL HILL,CHAPEL Hill update email - receipts on the ADD SIN,,2026-06-23T16:50:14.371Z,2026-06-23T17:03:05.615Z,2026-06-23 19:50:14,2026-06-23 20:03:05,13,high,app_category_rules_prefix,CHAPEL HILL,m9plfw22xb411jc,CHAPEL HILL,true,exact,,false
Nikita,CULINARY DEPOT,21,"Jun 23, 2026",EPA Submit,5ee2eeca-c9e8-44bd-9eba-920b76c47529,vbx9z8qvkr929a6,CULINARY DEPOT,Culinary DEPOT EPA Submit,,2026-06-23T17:03:05.615Z,2026-06-23T17:24:01.602Z,2026-06-23 20:03:05,2026-06-23 20:24:01,21,high,app_category_rules_prefix,CULINARY DEPOT,wxnsoopfrphiv0h,CULINARY DEPOT,true,exact,,false
Nikita,CULINARY DEPOT,13,"Jun 23, 2026",DEL Submit,db8040e2-0689-428c-bab3-9ec4edf370a1,1zz2pl6f9lottza,CULINARY DEPOT,Culinary Depot DEL Submit,,2026-06-23T17:24:01.602Z,2026-06-23T17:36:32.843Z,2026-06-23 20:24:01,2026-06-23 20:36:32,13,high,app_category_rules_prefix,CULINARY DEPOT,wxnsoopfrphiv0h,CULINARY DEPOT,true,exact,,false
Nikita,3QC,3,"Jun 23, 2026",Dp ADD SIN + EPA Follow-up,1137f3f0-59c8-481d-a03f-5dcc633e8cba,q9mdd3axjvawl7m,3QC,3QC Dp ADD SIN + EPA Follow-up,,2026-06-23T17:36:32.843Z,2026-06-23T17:39:27.911Z,2026-06-23 20:36:32,2026-06-23 20:39:27,3,high,app_category_rules_prefix,3QC,02rvnzxutdhfenn,3QC,true,exact,,false
Nikita,SOUTHERN COMPUTER warehouse,18,"Jun 23, 2026",MAJOR Mod Task,26ca71bc-19e5-48ea-8aad-b12df24c509c,l6t49ks856pvr7f,SOUTHERN COMPUTER warehouse,SCW MAJOR Mod Task,,2026-06-23T17:39:27.911Z,2026-06-23T17:57:17.547Z,2026-06-23 20:39:27,2026-06-23 20:57:17,18,high,app_category_rules_prefix,scw,ymen8hrd84q8g0s,SOUTHERN COMPUTER warehouse,true,exact,,false
Nikita,OURARING,27,"Jun 23, 2026","plan the new mod in CRM, make tasks",9e88e834-5ed6-4ca8-a51a-4a51f4504421,nc9i0fxqdoc6een,OURARING,"OURARING plan the new mod in CRM, make tasks",,2026-06-23T17:57:17.547Z,2026-06-23T18:24:36.607Z,2026-06-23 20:57:17,2026-06-23 21:24:36,27,high,app_category_rules_prefix,OURARING,h4xe790e955zja6,OURARING,true,exact,,false
Nikita,GLOBAL SOLUTIONS GROUP,15,"Jun 23, 2026",FCP Transition status check,424c5a25-b7a1-4700-92a6-a619fd5acb35,x9yi3g52in9ye6k,GLOBAL SOLUTIONS GROUP,GSG FCP Transition status check,,2026-06-23T18:24:36.607Z,2026-06-23T18:39:37.006Z,2026-06-23 21:24:36,2026-06-23 21:39:37,15,high,app_category_rules_prefix,gsg,bsnah0skhrjemsv,GLOBAL SOLUTIONS GROUP,true,exact,,false
Nikita,LOGICAL MARKETING,3,"Jun 23, 2026",EPA type mod status check,25665a01-c3e3-4746-8108-8f2f05bbb70f,i9geolye3omedlp,LOGICAL MARKETING,LOGICAL Marketing EPA type mod status check,,2026-06-23T18:39:37.006Z,2026-06-23T18:42:32.285Z,2026-06-23 21:39:37,2026-06-23 21:42:32,3,high,app_category_rules_prefix,LOGICAL MARKETING,1n7w5wzz05saue9,LOGICAL MARKETING,true,exact,,false
Nikita,AGE SOLUTIONS,4,"Jun 23, 2026",follow up and ask if there are updates,59426734-d311-456d-aae5-618bb0bf32bc,na7kf4260d66oy8,AGE SOLUTIONS,AGE SOlutions follow up and ask if there are updates,,2026-06-23T18:42:32.285Z,2026-06-23T18:46:26.423Z,2026-06-23 21:42:32,2026-06-23 21:46:26,4,high,app_category_rules_prefix,AGE SOLUTIONS,nushprvzre8kd23,AGE SOLUTIONS,true,exact,,false
Nikita,GLOBAL SOLUTIONS GROUP,5,"Jun 23, 2026",FCP Transition status check,e1da71f0-2ed7-48ab-8368-46b346496ed7,qbqonfhx9hcgw83,GLOBAL SOLUTIONS GROUP,GSG FCP Transition status check,,2026-06-23T18:46:26.423Z,2026-06-23T18:51:21.753Z,2026-06-23 21:46:26,2026-06-23 21:51:21,5,high,app_category_rules_prefix,gsg,bsnah0skhrjemsv,GLOBAL SOLUTIONS GROUP,true,exact,,false
Nikita,SNAP,99,"Jun 23, 2026",Call 15.30,11320971-99cc-4b08-8b44-56b1c4cfeeaf,z3ivly7co5izcuu,SNAP,SNAP Call 15.30,,2026-06-23T18:51:21.753Z,2026-06-23T20:30:38.749Z,2026-06-23 21:51:21,2026-06-23 23:30:38,99,high,app_category_rules_prefix,SNAP,7jczrrqryvq7ou7,SNAP,true,exact,,false
Nikita,Price Reporter,29,"Jun 23, 2026",Price Reporter Email check,f834c635-64d7-47e1-a86c-3ab75611c92a,6kf6mennnydpwnv,Price Reporter,Price Reporter Email check,,2026-06-23T20:30:38.000Z,2026-06-23T21:00:00.000Z,2026-06-23 23:30:38,2026-06-24 00:00:00,29,low,price_reporter_fallback,,,,true,,,false
Nikita,Price Reporter,87,"Jun 24, 2026",Price Reporter OASIS+ call 23:59,66cce39d-5e2d-4a3c-9545-256f2743c275,2bv4bw9g4k9p0dz,Price Reporter,Price Reporter OASIS+ call 23:59,,2026-06-23T21:00:00.000Z,2026-06-23T22:26:54.023Z,2026-06-24 00:00:00,2026-06-24 01:26:54,87,low,price_reporter_fallback,,,,true,,,false
Nikita,Price Reporter,27,"Jun 24, 2026",Price Reporter planning and call,c5e7c72f-e3ff-4d4b-a2fc-64f79afafd2f,wdq0tw2z7o9jump,Price Reporter,Price Reporter planning and call,,2026-06-24T13:54:33.447Z,2026-06-24T14:21:27.592Z,2026-06-24 16:54:33,2026-06-24 17:21:27,27,low,price_reporter_fallback,,,,true,,,false
Nikita,Price Reporter,131,"Jun 24, 2026",PRice Reporter case study,c118d7bd-3778-4bc3-af0b-43e2a81d30e8,ma4tsgh2aihob7e,Price Reporter,PRice Reporter case study,,2026-06-24T14:00:00.000Z,2026-06-24T16:11:08.028Z,2026-06-24 17:00:00,2026-06-24 19:11:08,131,low,price_reporter_fallback,,,,true,,,false
Nikita,BALL OFFICE PRODUCTS,14,"Jun 24, 2026",Out of scope items,bd5f8837-a916-48ec-b5c6-8a39f7e368f9,d6pl4uxale86dif,BALL OFFICE PRODUCTS,BOP Out of scope items,,2026-06-24T14:21:27.000Z,2026-06-24T14:35:00.000Z,2026-06-24 17:21:27,2026-06-24 17:35:00,14,high,app_category_rules_prefix,bop,18o4vipv6vv7yzz,BALL OFFICE PRODUCTS,true,exact,,false
Nikita,SINGULARITY SG,25,"Jun 24, 2026",ADD SIN Discussion,c6f8048f-6672-474d-afda-eaaffd6b026c,8wiwhq8ipnqlxqh,SINGULARITY SG,SSG ADD SIN Discussion,,2026-06-24T14:35:00.000Z,2026-06-24T15:00:00.000Z,2026-06-24 17:35:00,2026-06-24 18:00:00,25,high,app_category_rules_prefix,ssg,czvhh5giqeiu4lk,SINGULARITY SG,true,exact,,false
Nikita,SINGULARITY SG,29,"Jun 24, 2026",ADD SIN,be983a22-e9ae-41ff-bacb-4ed7fc6a7dac,os2bpwp3jfu2ynr,SINGULARITY SG,SSG ADD SIN,,2026-06-24T16:11:08.028Z,2026-06-24T16:39:47.381273Z,2026-06-24 19:11:08,2026-06-24 19:39:47,29,high,app_category_rules_prefix,ssg,czvhh5giqeiu4lk,SINGULARITY SG,true,exact,,true
